Appearances,Blocked shots,Assists,Passes per match,Big chances created,Crosses,Offsides,Hit woodwork,Shots,Shots on target,Shooting accuracy %,Big chances missed,Position_Defender,Position_Forward,Position_Goalkeeper,Position_Midfielder,Assists per Appearance,HighScorer
10,0.0,1,11.9,1.0,12.0,0.0,0.0,2.0,1.0,50.0,0.0,0,0,0,1,0.1,False
32,10.0,0,29.31,4.0,55.0,1.0,1.0,39.0,10.0,26.0,1.0,0,0,0,1,0.0,False
15,1.0,1,35.07,0.0,31.0,2.0,0.0,,,,,1,0,0,0,0.06666666666666667,False
0,0.0,0,0.0,0.0,0.0,0.0,0.0,0.0,0.0,0.0,0.0,0,0,0,1,0.0,False
2,1.0,0,5.0,0.0,2.0,3.0,0.0,2.0,0.0,0.0,0.0,0,1,0,0,0.0,False
22,9.0,1,24.82,1.0,40.0,0.0,0.0,29.0,4.0,14.0,0.0,0,0,0,1,0.045454545454545456,False
12,2.0,1,19.17,0.0,6.0,11.0,1.0,12.0,4.0,33.0,2.0,0,1,0,0,0.08333333333333333,False
32,,0,26.66,0.0,,,0.0,,,,,0,0,1,0,0.0,False
31,10.0,2,41.1,3.0,68.0,2.0,0.0,39.0,8.0,21.0,1.0,0,0,0,1,0.06451612903225806,False
15,2.0,0,14.93,0.0,4.0,9.0,0.0,14.0,5.0,36.0,4.0,0,1,0,0,0.0,False
15,2.0,2,14.87,2.0,12.0,3.0,0.0,10.0,6.0,60.0,1.0,0,1,0,0,0.13333333333333333,False
30,26.0,2,24.23,5.0,20.0,27.0,4.0,119.0,52.0,44.0,16.0,0,1,0,0,0.06666666666666667,True
24,3.0,0,25.38,1.0,42.0,0.0,1.0,,,,,1,0,0,0,0.0,False
0,0.0,0,0.0,0.0,0.0,0.0,0.0,0.0,0.0,0.0,0.0,0,1,0,0,0.0,False
32,13.0,4,41.34,3.0,138.0,6.0,1.0,,,,,1,0,0,0,0.125,False
38,14.0,6,24.0,11.0,272.0,3.0,1.0,42.0,11.0,26.0,2.0,0,0,0,1,0.15789473684210525,False
38,8.0,2,54.63,1.0,16.0,1.0,0.0,,,,,1,0,0,0,0.05263157894736842,False
0,0.0,0,0.0,0.0,0.0,0.0,0.0,0.0,0.0,0.0,0.0,0,0,0,1,0.0,False
0,0.0,0,0.0,0.0,0.0,0.0,0.0,,,,,1,0,0,0,0.0,False
2,0.0,0,13.5,0.0,0.0,2.0,0.0,4.0,2.0,50.0,2.0,0,1,0,0,0.0,False
0,0.0,0,0.0,0.0,0.0,0.0,0.0,0.0,0.0,0.0,0.0,0,0,0,1,0.0,False
19,3.0,1,21.58,1.0,5.0,0.0,0.0,12.0,4.0,33.0,1.0,0,0,0,1,0.05263157894736842,False
33,27.0,9,32.82,11.0,19.0,6.0,3.0,74.0,28.0,38.0,6.0,0,0,0,1,0.2727272727272727,True
1,,0,8.0,0.0,,,0.0,,,,,0,0,1,0,0.0,False
0,0.0,0,0.0,0.0,0.0,0.0,0.0,0.0,0.0,0.0,0.0,0,0,0,1,0.0,False
5,0.0,0,13.2,0.0,0.0,0.0,0.0,,,,,1,0,0,0,0.0,False
10,3.0,2,36.8,1.0,40.0,0.0,0.0,,,,,1,0,0,0,0.2,False
0,,0,0.0,0.0,,,0.0,,,,,0,0,1,0,0.0,False
0,0.0,0,0.0,0.0,0.0,0.0,0.0,0.0,0.0,0.0,0.0,0,0,0,1,0.0,False
4,0.0,0,12.25,0.0,11.0,0.0,0.0,0.0,0.0,0.0,0.0,0,0,0,1,0.0,False
0,0.0,0,0.0,0.0,0.0,0.0,0.0,0.0,0.0,0.0,0.0,0,0,0,1,0.0,False
0,0.0,0,0.0,0.0,0.0,0.0,0.0,,,,,1,0,0,0,0.0,False
0,0.0,0,0.0,0.0,0.0,0.0,0.0,,,,,1,0,0,0,0.0,False
10,6.0,0,10.8,1.0,2.0,4.0,2.0,13.0,4.0,31.0,1.0,0,1,0,0,0.0,False
28,2.0,3,35.36,0.0,28.0,0.0,0.0,8.0,2.0,25.0,0.0,0,0,0,1,0.10714285714285714,False
26,11.0,3,20.12,4.0,68.0,11.0,2.0,54.0,20.0,37.0,6.0,0,1,0,0,0.11538461538461539,False
28,5.0,1,23.57,2.0,71.0,1.0,0.0,10.0,1.0,10.0,1.0,0,0,0,1,0.03571428571428571,False
1,,0,5.0,0.0,,,0.0,,,,,0,0,1,0,0.0,False
0,0.0,0,0.0,0.0,0.0,0.0,0.0,0.0,0.0,0.0,0.0,0,1,0,0,0.0,False
34,12.0,6,31.79,11.0,56.0,32.0,4.0,70.0,22.0,31.0,10.0,0,1,0,0,0.17647058823529413,True
21,11.0,0,49.24,1.0,7.0,0.0,0.0,36.0,7.0,19.0,0.0,0,0,0,1,0.0,False
9,0.0,0,14.67,1.0,0.0,0.0,1.0,1.0,1.0,100.0,1.0,0,0,0,1,0.0,False
0,0.0,0,0.0,0.0,0.0,0.0,0.0,0.0,0.0,0.0,0.0,0,0,0,1,0.0,False
7,3.0,0,7.14,0.0,3.0,2.0,0.0,8.0,2.0,25.0,1.0,0,1,0,0,0.0,False
30,21.0,0,26.67,4.0,43.0,10.0,2.0,59.0,21.0,36.0,1.0,0,1,0,0,0.0,False
37,2.0,3,48.59,3.0,57.0,1.0,0.0,,,,,1,0,0,0,0.08108108108108109,False
0,,0,0.0,0.0,,,0.0,,,,,0,0,1,0,0.0,False
31,7.0,0,36.55,2.0,92.0,2.0,1.0,32.0,9.0,28.0,1.0,0,0,0,1,0.0,False
18,3.0,1,42.0,2.0,103.0,4.0,1.0,,,,,1,0,0,0,0.05555555555555555,False
0,0.0,0,0.0,0.0,0.0,0.0,0.0,,,,,1,0,0,0,0.0,False
0,0.0,0,0.0,0.0,0.0,0.0,0.0,,,,,1,0,0,0,0.0,False
0,0.0,0,0.0,0.0,0.0,0.0,0.0,0.0,0.0,0.0,0.0,0,1,0,0,0.0,False
13,2.0,0,6.92,0.0,4.0,3.0,1.0,10.0,4.0,40.0,1.0,0,1,0,0,0.0,False
0,0.0,0,0.0,0.0,0.0,0.0,0.0,0.0,0.0,0.0,0.0,0,0,0,1,0.0,False
11,2.0,1,27.27,1.0,14.0,0.0,0.0,,,,,1,0,0,0,0.09090909090909091,False
0,0.0,0,0.0,0.0,0.0,0.0,0.0,0.0,0.0,0.0,0.0,0,1,0,0,0.0,False
38,38.0,8,47.42,11.0,110.0,5.0,5.0,95.0,29.0,31.0,7.0,0,0,0,1,0.21052631578947367,False
0,0.0,0,0.0,0.0,0.0,0.0,0.0,0.0,0.0,0.0,0.0,0,0,0,1,0.0,False
22,2.0,2,9.36,1.0,28.0,3.0,0.0,11.0,4.0,36.0,0.0,0,1,0,0,0.09090909090909091,False
33,6.0,1,62.45,3.0,33.0,1.0,0.0,15.0,4.0,27.0,1.0,0,0,0,1,0.030303030303030304,False
5,0.0,0,25.4,0.0,1.0,0.0,0.0,,,,,1,0,0,0,0.0,False
32,3.0,0,27.56,0.0,2.0,3.0,0.0,,,,,1,0,0,0,0.0,False
17,,0,19.76,0.0,,,0.0,,,,,0,0,1,0,0.0,False
21,0.0,1,24.19,1.0,3.0,0.0,0.0,1.0,0.0,0.0,0.0,0,0,0,1,0.047619047619047616,False
0,0.0,0,0.0,0.0,0.0,0.0,0.0,,,,,1,0,0,0,0.0,False
36,5.0,5,46.92,9.0,109.0,1.0,1.0,,,,,1,0,0,0,0.1388888888888889,False
4,0.0,0,3.5,0.0,1.0,0.0,0.0,,,,,1,0,0,0,0.0,False
0,0.0,0,0.0,0.0,0.0,0.0,0.0,0.0,0.0,0.0,0.0,0,0,0,1,0.0,False
0,0.0,0,0.0,0.0,0.0,0.0,0.0,,,,,1,0,0,0,0.0,False
5,0.0,0,19.4,0.0,0.0,0.0,0.0,3.0,2.0,67.0,0.0,0,0,0,1,0.0,False
29,16.0,3,17.79,3.0,1.0,17.0,1.0,61.0,20.0,33.0,9.0,0,1,0,0,0.10344827586206896,False
31,11.0,0,14.74,1.0,22.0,10.0,1.0,35.0,11.0,31.0,7.0,0,1,0,0,0.0,False
9,1.0,2,9.56,1.0,18.0,0.0,0.0,8.0,4.0,50.0,1.0,0,1,0,0,0.2222222222222222,False
32,3.0,3,35.03,6.0,146.0,0.0,0.0,,,,,1,0,0,0,0.09375,False
12,0.0,0,28.08,1.0,6.0,0.0,1.0,4.0,2.0,50.0,0.0,0,0,0,1,0.0,False
0,0.0,0,0.0,0.0,0.0,0.0,0.0,,,,,1,0,0,0,0.0,False
0,0.0,0,0.0,0.0,0.0,0.0,0.0,0.0,0.0,0.0,0.0,0,0,0,1,0.0,False
0,0.0,0,0.0,0.0,0.0,0.0,0.0,,,,,1,0,0,0,0.0,False
0,0.0,0,0.0,0.0,0.0,0.0,0.0,,,,,1,0,0,0,0.0,False
0,0.0,0,0.0,0.0,0.0,0.0,0.0,0.0,0.0,0.0,0.0,0,0,0,1,0.0,False
0,,0,0.0,0.0,,,0.0,,,,,0,0,1,0,0.0,False
35,2.0,1,57.97,2.0,125.0,0.0,0.0,,,,,1,0,0,0,0.02857142857142857,False
0,0.0,0,0.0,0.0,0.0,0.0,0.0,0.0,0.0,0.0,0.0,0,1,0,0,0.0,False
1,1.0,0,4.0,0.0,0.0,0.0,0.0,1.0,0.0,0.0,0.0,0,0,0,1,0.0,False
2,,0,19.5,0.0,,,0.0,,,,,0,0,1,0,0.0,False
27,7.0,1,26.96,2.0,32.0,3.0,0.0,36.0,15.0,42.0,1.0,0,1,0,0,0.037037037037037035,False
26,13.0,3,19.46,7.0,138.0,17.0,1.0,57.0,26.0,46.0,4.0,0,1,0,0,0.11538461538461539,False
26,20.0,3,15.69,3.0,1.0,7.0,1.0,60.0,17.0,28.0,4.0,0,1,0,0,0.11538461538461539,False
26,8.0,2,21.15,3.0,29.0,2.0,0.0,48.0,18.0,38.0,3.0,0,1,0,0,0.07692307692307693,False
10,0.0,1,35.3,2.0,27.0,0.0,0.0,,,,,1,0,0,0,0.1,False
32,,0,23.22,0.0,,,0.0,,,,,0,0,1,0,0.0,False
4,1.0,0,27.0,0.0,14.0,0.0,0.0,,,,,1,0,0,0,0.0,False
36,12.0,2,31.61,7.0,243.0,4.0,2.0,53.0,19.0,36.0,0.0,0,0,0,1,0.05555555555555555,False
3,0.0,0,41.33,1.0,6.0,0.0,0.0,1.0,1.0,100.0,0.0,0,0,0,1,0.0,False
0,0.0,0,0.0,0.0,0.0,0.0,0.0,0.0,0.0,0.0,0.0,0,0,0,1,0.0,False
24,0.0,0,32.75,0.0,2.0,0.0,0.0,,,,,1,0,0,0,0.0,False
25,2.0,0,40.0,0.0,2.0,0.0,0.0,5.0,0.0,0.0,0.0,0,0,0,1,0.0,False
0,0.0,0,0.0,0.0,0.0,0.0,0.0,0.0,0.0,0.0,0.0,0,0,0,1,0.0,False
0,0.0,0,0.0,0.0,0.0,0.0,0.0,0.0,0.0,0.0,0.0,0,0,0,1,0.0,False
22,3.0,3,28.23,2.0,103.0,1.0,0.0,17.0,4.0,24.0,0.0,0,0,0,1,0.13636363636363635,False
0,0.0,0,0.0,0.0,0.0,0.0,0.0,,,,,1,0,0,0,0.0,False
10,,0,24.1,0.0,,,0.0,,,,,0,0,1,0,0.0,False
0,0.0,0,0.0,0.0,0.0,0.0,0.0,,,,,1,0,0,0,0.0,False
0,0.0,0,0.0,0.0,0.0,0.0,0.0,0.0,0.0,0.0,0.0,0,0,0,1,0.0,False
31,,0,28.48,0.0,,,0.0,,,,,0,0,1,0,0.0,False
4,0.0,0,23.75,0.0,10.0,2.0,0.0,,,,,1,0,0,0,0.0,False
0,0.0,0,0.0,0.0,0.0,0.0,0.0,0.0,0.0,0.0,0.0,0,0,0,1,0.0,False
4,,0,21.25,0.0,,,0.0,,,,,0,0,1,0,0.0,False
33,20.0,1,38.45,2.0,143.0,0.0,2.0,67.0,21.0,31.0,3.0,0,0,0,1,0.030303030303030304,False
0,0.0,0,0.0,0.0,0.0,0.0,0.0,0.0,0.0,0.0,0.0,0,0,0,1,0.0,False
23,1.0,1,33.61,0.0,0.0,1.0,0.0,,,,,1,0,0,0,0.043478260869565216,False
30,7.0,0,37.6,1.0,16.0,0.0,0.0,15.0,2.0,13.0,0.0,0,0,0,1,0.0,False
19,2.0,2,18.0,4.0,11.0,3.0,0.0,19.0,7.0,37.0,2.0,0,1,0,0,0.10526315789473684,False
30,8.0,0,59.77,6.0,9.0,5.0,1.0,30.0,13.0,43.0,0.0,0,0,0,1,0.0,False
1,0.0,0,5.0,0.0,0.0,0.0,0.0,0.0,0.0,0.0,0.0,0,1,0,0,0.0,False
33,11.0,1,46.79,1.0,34.0,2.0,0.0,35.0,8.0,23.0,5.0,0,0,0,1,0.030303030303030304,False
0,0.0,0,0.0,0.0,0.0,0.0,0.0,,,,,1,0,0,0,0.0,False
0,0.0,0,0.0,0.0,0.0,0.0,0.0,0.0,0.0,0.0,0.0,0,0,0,1,0.0,False
28,6.0,0,56.0,1.0,6.0,0.0,1.0,7.0,1.0,14.0,0.0,0,0,0,1,0.0,False
19,0.0,0,17.79,0.0,12.0,0.0,0.0,5.0,3.0,60.0,0.0,0,0,0,1,0.0,False
0,0.0,0,0.0,0.0,0.0,0.0,0.0,,,,,1,0,0,0,0.0,False
35,2.0,0,29.49,0.0,3.0,0.0,0.0,,,,,1,0,0,0,0.0,False
31,4.0,0,29.97,1.0,7.0,0.0,0.0,11.0,1.0,9.0,1.0,0,0,0,1,0.0,False
6,1.0,0,11.33,0.0,1.0,0.0,0.0,,,,,1,0,0,0,0.0,False
34,,0,25.09,0.0,,,0.0,,,,,0,0,1,0,0.0,False
24,2.0,2,32.75,4.0,115.0,2.0,0.0,,,,,1,0,0,0,0.08333333333333333,False
1,0.0,1,12.0,1.0,4.0,0.0,0.0,0.0,0.0,0.0,0.0,0,0,0,1,1.0,False
29,6.0,2,13.03,4.0,15.0,4.0,0.0,25.0,7.0,28.0,3.0,0,0,0,1,0.06896551724137931,False
0,0.0,0,0.0,0.0,0.0,0.0,0.0,0.0,0.0,0.0,0.0,0,0,0,1,0.0,False
10,0.0,0,9.3,0.0,1.0,4.0,0.0,2.0,1.0,50.0,1.0,0,1,0,0,0.0,False
12,1.0,0,16.25,0.0,1.0,0.0,0.0,,,,,1,0,0,0,0.0,False
20,1.0,0,41.75,1.0,0.0,0.0,0.0,1.0,0.0,0.0,0.0,0,0,0,1,0.0,False
13,0.0,0,25.15,0.0,14.0,0.0,0.0,,,,,1,0,0,0,0.0,False
1,0.0,0,14.0,0.0,0.0,0.0,0.0,1.0,1.0,100.0,1.0,0,1,0,0,0.0,False
0,0.0,0,0.0,0.0,0.0,0.0,0.0,,,,,1,0,0,0,0.0,False
1,0.0,0,33.0,0.0,0.0,0.0,0.0,0.0,0.0,0.0,0.0,0,0,0,1,0.0,False
21,2.0,0,19.29,0.0,8.0,19.0,0.0,23.0,9.0,39.0,1.0,0,1,0,0,0.0,False
18,1.0,0,35.94,0.0,81.0,0.0,0.0,,,,,1,0,0,0,0.0,False
18,0.0,0,31.06,1.0,1.0,0.0,0.0,,,,,1,0,0,0,0.0,False
1,0.0,0,6.0,0.0,0.0,0.0,0.0,,,,,1,0,0,0,0.0,False
22,6.0,0,34.91,0.0,19.0,0.0,0.0,14.0,1.0,7.0,0.0,0,0,0,1,0.0,False
0,0.0,0,0.0,0.0,0.0,0.0,0.0,,,,,1,0,0,0,0.0,False
22,11.0,4,40.23,4.0,64.0,1.0,2.0,24.0,7.0,29.0,1.0,0,0,0,1,0.18181818181818182,False
14,0.0,1,49.5,2.0,27.0,0.0,1.0,,,,,1,0,0,0,0.07142857142857142,False
33,13.0,0,45.76,1.0,81.0,1.0,0.0,,,,,1,0,0,0,0.0,False
16,0.0,1,23.69,0.0,2.0,0.0,0.0,,,,,1,0,0,0,0.0625,False
29,3.0,1,36.76,1.0,59.0,0.0,0.0,15.0,4.0,27.0,0.0,0,0,0,1,0.034482758620689655,False
0,0.0,0,0.0,0.0,0.0,0.0,0.0,0.0,0.0,0.0,0.0,0,0,0,1,0.0,False
28,8.0,3,37.29,3.0,93.0,8.0,1.0,,,,,1,0,0,0,0.10714285714285714,False
0,0.0,0,0.0,0.0,0.0,0.0,0.0,0.0,0.0,0.0,0.0,0,0,0,1,0.0,False
19,3.0,0,30.21,0.0,0.0,1.0,0.0,,,,,1,0,0,0,0.0,False
26,3.0,0,32.65,0.0,4.0,0.0,1.0,,,,,1,0,0,0,0.0,False
1,0.0,0,8.0,0.0,2.0,0.0,0.0,,,,,1,0,0,0,0.0,False
26,3.0,0,42.92,0.0,2.0,0.0,0.0,8.0,0.0,0.0,0.0,0,0,0,1,0.0,False
35,7.0,2,48.91,3.0,24.0,2.0,0.0,19.0,6.0,32.0,1.0,0,0,0,1,0.05714285714285714,False
0,0.0,0,0.0,0.0,0.0,0.0,0.0,,,,,1,0,0,0,0.0,False
23,,0,22.74,0.0,,,0.0,,,,,0,0,1,0,0.0,False
34,10.0,3,18.12,3.0,113.0,8.0,2.0,46.0,12.0,26.0,3.0,0,0,0,1,0.08823529411764706,False
37,10.0,4,37.22,4.0,121.0,1.0,1.0,,,,,1,0,0,0,0.10810810810810811,False
0,0.0,0,0.0,0.0,0.0,0.0,0.0,,,,,1,0,0,0,0.0,False
11,3.0,1,13.82,1.0,1.0,9.0,0.0,7.0,3.0,43.0,0.0,0,1,0,0,0.09090909090909091,False
0,0.0,0,0.0,0.0,0.0,0.0,0.0,0.0,0.0,0.0,0.0,0,0,0,1,0.0,False
1,0.0,0,9.0,0.0,1.0,0.0,0.0,1.0,1.0,100.0,0.0,0,0,0,1,0.0,False
15,1.0,1,28.53,2.0,37.0,2.0,0.0,,,,,1,0,0,0,0.06666666666666667,False
1,0.0,0,0.0,0.0,0.0,0.0,0.0,0.0,0.0,0.0,0.0,0,0,0,1,0.0,False
37,5.0,5,45.73,3.0,127.0,2.0,0.0,,,,,1,0,0,0,0.13513513513513514,False
35,4.0,1,31.89,0.0,5.0,5.0,1.0,,,,,1,0,0,0,0.02857142857142857,False
10,0.0,0,8.8,0.0,3.0,1.0,0.0,4.0,2.0,50.0,1.0,0,1,0,0,0.0,False
9,,0,23.89,0.0,,,0.0,,,,,0,0,1,0,0.0,False
28,0.0,0,33.36,3.0,53.0,4.0,0.0,,,,,1,0,0,0,0.0,False
2,1.0,0,24.5,0.0,1.0,0.0,0.0,1.0,0.0,0.0,0.0,0,0,0,1,0.0,False
0,0.0,0,0.0,0.0,0.0,0.0,0.0,0.0,0.0,0.0,0.0,0,1,0,0,0.0,False
38,11.0,0,29.34,3.0,130.0,3.0,1.0,,,,,1,0,0,0,0.0,False
25,10.0,9,45.08,9.0,181.0,8.0,1.0,49.0,25.0,51.0,3.0,0,0,0,1,0.36,False
34,,0,25.12,0.0,,,0.0,,,,,0,0,1,0,0.0,False
18,2.0,1,10.72,0.0,7.0,0.0,0.0,8.0,3.0,38.0,1.0,0,0,0,1,0.05555555555555555,False
12,0.0,0,18.17,0.0,15.0,0.0,0.0,,,,,1,0,0,0,0.0,False
0,0.0,0,0.0,0.0,0.0,0.0,0.0,,,,,1,0,0,0,0.0,False
2,1.0,0,39.5,0.0,5.0,0.0,0.0,,,,,1,0,0,0,0.0,False
38,34.0,7,33.95,12.0,26.0,18.0,1.0,94.0,32.0,34.0,3.0,0,1,0,0,0.18421052631578946,True
33,26.0,1,12.88,2.0,13.0,43.0,1.0,85.0,39.0,46.0,7.0,0,1,0,0,0.030303030303030304,True
0,,0,0.0,0.0,,,0.0,,,,,0,0,1,0,0.0,False
32,2.0,3,32.97,5.0,7.0,0.0,1.0,,,,,1,0,0,0,0.09375,False
17,3.0,0,28.41,1.0,7.0,0.0,1.0,13.0,5.0,38.0,0.0,0,0,0,1,0.0,False
29,6.0,1,47.52,0.0,4.0,2.0,0.0,22.0,9.0,41.0,1.0,0,0,0,1,0.034482758620689655,False
20,2.0,0,27.55,1.0,0.0,0.0,0.0,,,,,1,0,0,0,0.0,False
0,0.0,0,0.0,0.0,0.0,0.0,0.0,,,,,1,0,0,0,0.0,False
29,18.0,0,22.14,1.0,89.0,8.0,2.0,57.0,17.0,30.0,5.0,0,1,0,0,0.0,False
26,2.0,8,20.12,9.0,141.0,2.0,0.0,9.0,6.0,67.0,1.0,0,1,0,0,0.3076923076923077,False
3,0.0,0,17.0,0.0,8.0,0.0,0.0,1.0,0.0,0.0,0.0,0,1,0,0,0.0,False
28,15.0,6,29.43,4.0,12.0,33.0,1.0,68.0,28.0,41.0,9.0,0,1,0,0,0.21428571428571427,True
37,9.0,2,56.32,3.0,19.0,0.0,0.0,30.0,7.0,23.0,1.0,0,0,0,1,0.05405405405405406,False
1,0.0,0,7.0,0.0,0.0,0.0,0.0,,,,,1,0,0,0,0.0,False
26,6.0,1,10.15,1.0,8.0,8.0,0.0,31.0,16.0,52.0,7.0,0,1,0,0,0.038461538461538464,False
12,1.0,0,37.5,0.0,0.0,1.0,0.0,,,,,1,0,0,0,0.0,False
0,0.0,0,0.0,0.0,0.0,0.0,0.0,,,,,1,0,0,0,0.0,False
0,0.0,0,0.0,0.0,0.0,0.0,0.0,0.0,0.0,0.0,0.0,0,0,0,1,0.0,False
1,0.0,0,6.0,0.0,0.0,0.0,0.0,0.0,0.0,0.0,0.0,0,1,0,0,0.0,False
0,0.0,0,0.0,0.0,0.0,0.0,0.0,,,,,1,0,0,0,0.0,False
0,0.0,0,0.0,0.0,0.0,0.0,0.0,,,,,1,0,0,0,0.0,False
21,3.0,1,34.48,1.0,14.0,1.0,1.0,16.0,3.0,19.0,0.0,0,0,0,1,0.047619047619047616,False
0,0.0,0,0.0,0.0,0.0,0.0,0.0,0.0,0.0,0.0,0.0,0,0,0,1,0.0,False
3,0.0,0,2.67,0.0,0.0,0.0,0.0,1.0,1.0,100.0,0.0,0,1,0,0,0.0,False
2,0.0,0,15.0,0.0,5.0,0.0,0.0,0.0,0.0,0.0,0.0,0,0,0,1,0.0,False
0,0.0,0,0.0,0.0,0.0,0.0,0.0,,,,,1,0,0,0,0.0,False
0,0.0,0,0.0,0.0,0.0,0.0,0.0,0.0,0.0,0.0,0.0,0,0,0,1,0.0,False
35,11.0,7,56.69,10.0,47.0,0.0,0.0,41.0,9.0,22.0,3.0,0,0,0,1,0.2,False
23,1.0,0,29.26,0.0,34.0,0.0,1.0,,,,,1,0,0,0,0.0,False
13,2.0,1,5.69,1.0,6.0,0.0,0.0,5.0,2.0,40.0,0.0,0,0,0,1,0.07692307692307693,False
0,0.0,0,0.0,0.0,0.0,0.0,0.0,0.0,0.0,0.0,0.0,0,0,0,1,0.0,False
0,0.0,0,0.0,0.0,0.0,0.0,0.0,0.0,0.0,0.0,0.0,0,1,0,0,0.0,False
13,0.0,0,6.62,0.0,2.0,1.0,0.0,5.0,1.0,20.0,0.0,0,1,0,0,0.0,False
0,0.0,0,0.0,0.0,0.0,0.0,0.0,0.0,0.0,0.0,0.0,0,0,0,1,0.0,False
0,0.0,0,0.0,0.0,0.0,0.0,0.0,,,,,1,0,0,0,0.0,False
21,,0,28.71,0.0,,,0.0,,,,,0,0,1,0,0.0,False
12,2.0,0,38.08,0.0,0.0,1.0,0.0,,,,,1,0,0,0,0.0,False
13,3.0,0,10.92,0.0,6.0,7.0,0.0,10.0,2.0,20.0,2.0,0,1,0,0,0.0,False
0,0.0,0,0.0,0.0,0.0,0.0,0.0,,,,,1,0,0,0,0.0,False
2,1.0,0,7.0,0.0,1.0,0.0,0.0,1.0,0.0,0.0,0.0,0,1,0,0,0.0,False
35,23.0,13,52.6,13.0,183.0,0.0,4.0,100.0,42.0,42.0,2.0,0,0,0,1,0.37142857142857144,False
0,0.0,0,0.0,0.0,0.0,0.0,0.0,0.0,0.0,0.0,0.0,0,0,0,1,0.0,False
0,0.0,0,0.0,0.0,0.0,0.0,0.0,0.0,0.0,0.0,0.0,0,1,0,0,0.0,False
37,,1,27.03,0.0,,,0.0,,,,,0,0,1,0,0.02702702702702703,False
37,12.0,7,76.46,13.0,105.0,4.0,0.0,45.0,19.0,42.0,1.0,0,0,0,1,0.1891891891891892,False
10,2.0,0,8.4,0.0,0.0,2.0,0.0,11.0,5.0,45.0,0.0,0,1,0,0,0.0,False
0,0.0,0,0.0,0.0,0.0,0.0,0.0,0.0,0.0,0.0,0.0,0,1,0,0,0.0,False
0,0.0,0,0.0,0.0,0.0,0.0,0.0,,,,,1,0,0,0,0.0,False
6,,0,18.0,0.0,,,0.0,,,,,0,0,1,0,0.0,False
18,8.0,0,32.78,0.0,2.0,4.0,1.0,23.0,8.0,35.0,5.0,0,0,0,1,0.0,False
11,1.0,2,40.09,0.0,0.0,0.0,0.0,5.0,1.0,20.0,0.0,0,0,0,1,0.18181818181818182,False
32,2.0,1,53.03,0.0,2.0,2.0,1.0,,,,,1,0,0,0,0.03125,False
33,8.0,2,56.73,5.0,11.0,0.0,1.0,29.0,5.0,17.0,0.0,0,0,0,1,0.06060606060606061,False
24,4.0,0,38.13,0.0,1.0,1.0,1.0,15.0,5.0,33.0,4.0,0,0,0,1,0.0,False
1,0.0,0,2.0,0.0,0.0,0.0,0.0,0.0,0.0,0.0,0.0,0,0,0,1,0.0,False
16,2.0,0,39.19,0.0,5.0,0.0,0.0,7.0,2.0,29.0,2.0,0,0,0,1,0.0,False
5,0.0,1,50.8,0.0,7.0,0.0,0.0,,,,,1,0,0,0,0.2,False
16,7.0,0,18.13,1.0,8.0,8.0,0.0,25.0,10.0,40.0,1.0,0,1,0,0,0.0,False
0,0.0,0,0.0,0.0,0.0,0.0,0.0,0.0,0.0,0.0,0.0,0,1,0,0,0.0,False
18,,0,25.5,0.0,,,0.0,,,,,0,0,1,0,0.0,False
15,,0,24.6,0.0,,,0.0,,,,,0,0,1,0,0.0,False
8,1.0,1,15.88,1.0,2.0,0.0,0.0,,,,,1,0,0,0,0.125,False
38,3.0,4,55.42,1.0,100.0,2.0,0.0,,,,,1,0,0,0,0.10526315789473684,False
0,0.0,0,0.0,0.0,0.0,0.0,0.0,0.0,0.0,0.0,0.0,0,0,0,1,0.0,False
0,0.0,0,0.0,0.0,0.0,0.0,0.0,,,,,1,0,0,0,0.0,False
32,6.0,4,36.88,7.0,127.0,0.0,0.0,,,,,1,0,0,0,0.125,False
0,,0,0.0,0.0,,,0.0,,,,,0,0,1,0,0.0,False
28,2.0,1,44.21,1.0,6.0,2.0,0.0,,,,,1,0,0,0,0.03571428571428571,False
21,1.0,0,52.86,0.0,0.0,0.0,1.0,,,,,1,0,0,0,0.0,False
0,0.0,0,0.0,0.0,0.0,0.0,0.0,0.0,0.0,0.0,0.0,0,1,0,0,0.0,False
15,3.0,1,26.4,1.0,13.0,0.0,0.0,,,,,1,0,0,0,0.06666666666666667,False
1,0.0,0,12.0,0.0,2.0,1.0,0.0,,,,,1,0,0,0,0.0,False
0,0.0,0,0.0,0.0,0.0,0.0,0.0,,,,,1,0,0,0,0.0,False
0,0.0,0,0.0,0.0,0.0,0.0,0.0,0.0,0.0,0.0,0.0,0,0,0,1,0.0,False
0,0.0,0,0.0,0.0,0.0,0.0,0.0,,,,,1,0,0,0,0.0,False
16,4.0,0,9.0,1.0,9.0,2.0,1.0,22.0,9.0,41.0,5.0,0,1,0,0,0.0,False
2,,0,27.0,0.0,,,0.0,,,,,0,0,1,0,0.0,False
32,11.0,2,18.66,2.0,2.0,6.0,2.0,61.0,18.0,30.0,6.0,0,1,0,0,0.0625,False
0,0.0,0,0.0,0.0,0.0,0.0,0.0,0.0,0.0,0.0,0.0,0,0,0,1,0.0,False
15,1.0,0,13.2,0.0,9.0,2.0,0.0,,,,,1,0,0,0,0.0,False
7,0.0,1,25.86,1.0,0.0,0.0,0.0,2.0,1.0,50.0,0.0,0,0,0,1,0.14285714285714285,False
23,4.0,0,31.74,1.0,77.0,2.0,0.0,17.0,5.0,29.0,0.0,0,0,0,1,0.0,False
0,,0,0.0,0.0,,,0.0,,,,,0,0,1,0,0.0,False
38,21.0,6,22.08,9.0,25.0,26.0,3.0,101.0,43.0,43.0,13.0,0,1,0,0,0.15789473684210525,True
3,,0,19.33,0.0,,,0.0,,,,,0,0,1,0,0.0,False
0,0.0,0,0.0,0.0,0.0,0.0,0.0,0.0,0.0,0.0,0.0,0,0,0,1,0.0,False
0,,0,0.0,0.0,,,0.0,,,,,0,0,1,0,0.0,False
1,0.0,0,7.0,0.0,1.0,0.0,0.0,2.0,1.0,50.0,0.0,0,1,0,0,0.0,False
5,0.0,1,44.4,0.0,7.0,0.0,0.0,,,,,1,0,0,0,0.2,False
33,15.0,0,15.42,4.0,3.0,38.0,2.0,59.0,17.0,29.0,6.0,0,1,0,0,0.0,False
0,0.0,0,0.0,0.0,0.0,0.0,0.0,0.0,0.0,0.0,0.0,0,0,0,1,0.0,False
0,0.0,0,0.0,0.0,0.0,0.0,0.0,,,,,1,0,0,0,0.0,False
0,0.0,0,0.0,0.0,0.0,0.0,0.0,0.0,0.0,0.0,0.0,0,1,0,0,0.0,False
34,11.0,1,35.12,2.0,6.0,1.0,1.0,40.0,11.0,28.0,4.0,0,0,0,1,0.029411764705882353,False
0,0.0,0,0.0,0.0,0.0,0.0,0.0,0.0,0.0,0.0,0.0,0,0,0,1,0.0,False
8,1.0,0,11.5,0.0,4.0,0.0,0.0,3.0,1.0,33.0,1.0,0,0,0,1,0.0,False
21,3.0,0,14.71,0.0,13.0,6.0,0.0,19.0,9.0,47.0,2.0,0,1,0,0,0.0,False
14,7.0,2,20.43,0.0,46.0,3.0,0.0,18.0,6.0,33.0,2.0,0,1,0,0,0.14285714285714285,False
0,0.0,0,0.0,0.0,0.0,0.0,0.0,0.0,0.0,0.0,0.0,0,0,0,1,0.0,False
0,0.0,0,0.0,0.0,0.0,0.0,0.0,0.0,0.0,0.0,0.0,0,0,0,1,0.0,False
16,8.0,0,19.75,1.0,20.0,0.0,0.0,16.0,4.0,25.0,0.0,0,0,0,1,0.0,False
2,1.0,0,11.5,0.0,8.0,0.0,0.0,1.0,0.0,0.0,0.0,0,0,0,1,0.0,False
1,0.0,0,23.0,0.0,2.0,0.0,0.0,0.0,0.0,0.0,0.0,0,0,0,1,0.0,False
1,1.0,0,44.0,0.0,1.0,0.0,0.0,1.0,0.0,0.0,0.0,0,0,0,1,0.0,False
0,0.0,0,0.0,0.0,0.0,0.0,0.0,0.0,0.0,0.0,0.0,0,0,0,1,0.0,False
18,2.0,2,13.94,1.0,43.0,0.0,0.0,13.0,3.0,23.0,0.0,0,0,0,1,0.1111111111111111,False
35,10.0,1,53.4,0.0,15.0,1.0,0.0,30.0,4.0,13.0,0.0,0,0,0,1,0.02857142857142857,False
28,,0,25.75,0.0,,,0.0,,,,,0,0,1,0,0.0,False
0,,0,0.0,0.0,,,0.0,,,,,0,0,1,0,0.0,False
0,0.0,0,0.0,0.0,0.0,0.0,0.0,0.0,0.0,0.0,0.0,0,0,0,1,0.0,False
7,1.0,0,34.57,0.0,0.0,2.0,0.0,,,,,1,0,0,0,0.0,False
0,,0,0.0,0.0,,,0.0,,,,,0,0,1,0,0.0,False
35,,0,20.6,0.0,,,0.0,,,,,0,0,1,0,0.0,False
5,,0,25.6,0.0,,,0.0,,,,,0,0,1,0,0.0,False
31,11.0,3,45.65,3.0,44.0,10.0,0.0,36.0,14.0,39.0,1.0,0,1,0,0,0.0967741935483871,False
0,0.0,0,0.0,0.0,0.0,0.0,0.0,,,,,1,0,0,0,0.0,False
17,11.0,3,55.24,1.0,47.0,3.0,1.0,26.0,6.0,23.0,0.0,0,0,0,1,0.17647058823529413,False
0,0.0,0,0.0,0.0,0.0,0.0,0.0,,,,,1,0,0,0,0.0,False
29,,0,26.14,0.0,,,0.0,,,,,0,0,1,0,0.0,False
0,0.0,0,0.0,0.0,0.0,0.0,0.0,,,,,1,0,0,0,0.0,False
1,0.0,0,0.0,0.0,0.0,0.0,0.0,0.0,0.0,0.0,0.0,0,1,0,0,0.0,False
27,11.0,2,40.63,4.0,34.0,1.0,0.0,24.0,6.0,25.0,1.0,0,0,0,1,0.07407407407407407,False
0,0.0,0,0.0,0.0,0.0,0.0,0.0,0.0,0.0,0.0,0.0,0,0,0,1,0.0,False
38,,0,25.18,0.0,,,0.0,,,,,0,0,1,0,0.0,False
1,0.0,0,17.0,0.0,0.0,0.0,0.0,,,,,1,0,0,0,0.0,False
0,0.0,0,0.0,0.0,0.0,0.0,0.0,,,,,1,0,0,0,0.0,False
11,8.0,0,37.55,0.0,26.0,0.0,0.0,,,,,1,0,0,0,0.0,False
0,0.0,0,0.0,0.0,0.0,0.0,0.0,,,,,1,0,0,0,0.0,False
0,,0,0.0,0.0,,,0.0,,,,,0,0,1,0,0.0,False
1,0.0,0,5.0,0.0,0.0,0.0,0.0,0.0,0.0,0.0,0.0,0,0,0,1,0.0,False
30,9.0,8,37.1,7.0,54.0,5.0,0.0,26.0,8.0,31.0,2.0,0,0,0,1,0.26666666666666666,False
2,0.0,0,2.5,0.0,0.0,0.0,0.0,1.0,0.0,0.0,0.0,0,1,0,0,0.0,False
0,0.0,0,0.0,0.0,0.0,0.0,0.0,,,,,1,0,0,0,0.0,False
25,,0,24.24,0.0,,,0.0,,,,,0,0,1,0,0.0,False
0,,0,0.0,0.0,,,0.0,,,,,0,0,1,0,0.0,False
36,13.0,4,35.67,4.0,30.0,3.0,0.0,35.0,9.0,26.0,0.0,0,0,0,1,0.1111111111111111,False
0,0.0,0,0.0,0.0,0.0,0.0,0.0,,,,,1,0,0,0,0.0,False
0,0.0,0,0.0,0.0,0.0,0.0,0.0,,,,,1,0,0,0,0.0,False
35,4.0,0,23.14,1.0,0.0,3.0,0.0,,,,,1,0,0,0,0.0,False
28,1.0,1,30.11,3.0,121.0,3.0,0.0,,,,,1,0,0,0,0.03571428571428571,False
27,11.0,2,17.81,1.0,59.0,1.0,2.0,29.0,6.0,21.0,1.0,0,0,0,1,0.07407407407407407,False
0,0.0,0,0.0,0.0,0.0,0.0,0.0,0.0,0.0,0.0,0.0,0,1,0,0,0.0,False
37,24.0,3,19.51,1.0,15.0,27.0,2.0,109.0,48.0,44.0,17.0,0,1,0,0,0.08108108108108109,True
26,7.0,1,13.31,2.0,10.0,3.0,0.0,28.0,12.0,43.0,1.0,0,1,0,0,0.038461538461538464,False
14,4.0,0,55.14,0.0,5.0,0.0,0.0,21.0,5.0,24.0,0.0,0,0,0,1,0.0,False
6,3.0,0,13.33,0.0,3.0,2.0,0.0,10.0,5.0,50.0,1.0,0,1,0,0,0.0,False
5,0.0,0,24.8,0.0,1.0,0.0,0.0,2.0,0.0,0.0,0.0,0,0,0,1,0.0,False
13,0.0,1,12.31,3.0,9.0,0.0,0.0,3.0,0.0,0.0,1.0,0,0,0,1,0.07692307692307693,False
0,0.0,0,0.0,0.0,0.0,0.0,0.0,0.0,0.0,0.0,0.0,0,0,0,1,0.0,False
2,0.0,0,11.5,0.0,2.0,0.0,0.0,1.0,1.0,100.0,0.0,0,1,0,0,0.0,False
33,11.0,2,39.42,2.0,74.0,1.0,0.0,,,,,1,0,0,0,0.06060606060606061,False
10,0.0,0,30.6,0.0,31.0,3.0,0.0,,,,,1,0,0,0,0.0,False
13,2.0,2,28.31,3.0,8.0,0.0,1.0,15.0,7.0,47.0,0.0,0,1,0,0,0.15384615384615385,False
21,0.0,0,49.33,0.0,3.0,0.0,1.0,,,,,1,0,0,0,0.0,False
0,0.0,0,0.0,0.0,0.0,0.0,0.0,0.0,0.0,0.0,0.0,0,0,0,1,0.0,False
32,8.0,4,39.13,5.0,144.0,5.0,0.0,,,,,1,0,0,0,0.125,False
5,2.0,0,8.4,0.0,2.0,0.0,0.0,4.0,1.0,25.0,0.0,0,0,0,1,0.0,False
22,3.0,1,12.18,2.0,86.0,2.0,0.0,10.0,4.0,40.0,1.0,0,0,0,1,0.045454545454545456,False
27,5.0,0,30.74,2.0,6.0,2.0,1.0,13.0,1.0,8.0,0.0,0,0,0,1,0.0,False
13,1.0,2,5.69,1.0,4.0,6.0,0.0,11.0,1.0,9.0,1.0,0,1,0,0,0.15384615384615385,False
20,2.0,0,25.25,2.0,34.0,0.0,0.0,,,,,1,0,0,0,0.0,False
34,7.0,2,11.91,0.0,18.0,22.0,1.0,46.0,11.0,24.0,12.0,0,1,0,0,0.058823529411764705,False
5,1.0,0,18.4,0.0,5.0,0.0,0.0,,,,,1,0,0,0,0.0,False
1,0.0,0,3.0,0.0,0.0,0.0,0.0,0.0,0.0,0.0,0.0,0,0,0,1,0.0,False
0,,0,0.0,0.0,,,0.0,,,,,0,0,1,0,0.0,False
25,1.0,1,49.72,0.0,3.0,0.0,0.0,7.0,0.0,0.0,0.0,0,0,0,1,0.04,False
4,5.0,0,16.75,0.0,3.0,1.0,0.0,10.0,2.0,20.0,1.0,0,0,0,1,0.0,False
0,,0,0.0,0.0,,,0.0,,,,,0,0,1,0,0.0,False
0,0.0,0,0.0,0.0,0.0,0.0,0.0,0.0,0.0,0.0,0.0,0,0,0,1,0.0,False
1,0.0,0,5.0,0.0,0.0,0.0,0.0,0.0,0.0,0.0,0.0,0,0,0,1,0.0,False
0,0.0,0,0.0,0.0,0.0,0.0,0.0,,,,,1,0,0,0,0.0,False
0,0.0,0,0.0,0.0,0.0,0.0,0.0,,,,,1,0,0,0,0.0,False
0,0.0,0,0.0,0.0,0.0,0.0,0.0,0.0,0.0,0.0,0.0,0,1,0,0,0.0,False
8,0.0,0,24.13,0.0,0.0,0.0,0.0,,,,,1,0,0,0,0.0,False
6,1.0,0,26.0,0.0,8.0,0.0,0.0,2.0,1.0,50.0,0.0,0,0,0,1,0.0,False
1,0.0,0,27.0,0.0,0.0,0.0,0.0,,,,,1,0,0,0,0.0,False
0,0.0,0,0.0,0.0,0.0,0.0,0.0,,,,,1,0,0,0,0.0,False
37,2.0,1,43.84,1.0,9.0,1.0,0.0,,,,,1,0,0,0,0.02702702702702703,False
22,4.0,1,17.23,1.0,14.0,8.0,0.0,29.0,16.0,55.0,6.0,0,1,0,0,0.045454545454545456,False
0,0.0,0,0.0,0.0,0.0,0.0,0.0,,,,,1,0,0,0,0.0,False
0,0.0,0,0.0,0.0,0.0,0.0,0.0,,,,,1,0,0,0,0.0,False
12,2.0,0,4.0,0.0,2.0,1.0,0.0,5.0,1.0,20.0,0.0,0,1,0,0,0.0,False
27,8.0,0,35.41,5.0,69.0,1.0,2.0,35.0,10.0,29.0,0.0,0,0,0,1,0.0,False
23,3.0,1,28.43,1.0,13.0,1.0,0.0,,,,,1,0,0,0,0.043478260869565216,False
1,2.0,0,13.0,1.0,6.0,0.0,0.0,3.0,1.0,33.0,0.0,0,0,0,1,0.0,False
0,0.0,0,0.0,0.0,0.0,0.0,0.0,,,,,1,0,0,0,0.0,False
0,0.0,0,0.0,0.0,0.0,0.0,0.0,0.0,0.0,0.0,0.0,0,0,0,1,0.0,False
38,34.0,1,25.32,4.0,44.0,30.0,7.0,158.0,75.0,47.0,18.0,0,1,0,0,0.02631578947368421,True
37,3.0,4,39.16,4.0,17.0,0.0,0.0,21.0,5.0,24.0,0.0,0,0,0,1,0.10810810810810811,False
0,,0,0.0,0.0,,,0.0,,,,,0,0,1,0,0.0,False
1,0.0,0,0.0,0.0,0.0,0.0,0.0,0.0,0.0,0.0,0.0,0,1,0,0,0.0,False
13,1.0,0,29.15,0.0,17.0,0.0,0.0,,,,,1,0,0,0,0.0,False
14,3.0,0,20.71,1.0,12.0,2.0,0.0,13.0,3.0,23.0,0.0,0,1,0,0,0.0,False
1,1.0,0,22.0,0.0,0.0,0.0,0.0,,,,,1,0,0,0,0.0,False
0,0.0,0,0.0,0.0,0.0,0.0,0.0,0.0,0.0,0.0,0.0,0,1,0,0,0.0,False
7,0.0,0,8.43,0.0,1.0,1.0,0.0,1.0,0.0,0.0,0.0,0,1,0,0,0.0,False
14,12.0,1,23.36,3.0,88.0,4.0,2.0,24.0,5.0,21.0,1.0,0,0,0,1,0.07142857142857142,False
28,7.0,1,41.79,1.0,11.0,1.0,1.0,24.0,7.0,29.0,1.0,0,0,0,1,0.03571428571428571,False
31,15.0,2,14.32,6.0,24.0,16.0,1.0,54.0,20.0,37.0,2.0,0,1,0,0,0.06451612903225806,False
4,0.0,1,27.5,1.0,17.0,0.0,0.0,,,,,1,0,0,0,0.25,False
15,4.0,0,36.87,0.0,5.0,0.0,0.0,8.0,2.0,25.0,0.0,0,0,0,1,0.0,False
10,0.0,0,25.7,0.0,0.0,0.0,0.0,,,,,1,0,0,0,0.0,False
0,0.0,0,0.0,0.0,0.0,0.0,0.0,,,,,1,0,0,0,0.0,False
29,13.0,3,46.93,2.0,149.0,3.0,3.0,,,,,1,0,0,0,0.10344827586206896,False
14,2.0,0,33.21,0.0,1.0,0.0,0.0,,,,,1,0,0,0,0.0,False
14,3.0,0,48.43,0.0,0.0,0.0,0.0,,,,,1,0,0,0,0.0,False
0,0.0,0,0.0,0.0,0.0,0.0,0.0,,,,,1,0,0,0,0.0,False
25,9.0,4,23.2,5.0,9.0,4.0,0.0,36.0,14.0,39.0,6.0,0,1,0,0,0.16,False
33,2.0,0,51.24,1.0,3.0,1.0,0.0,,,,,1,0,0,0,0.0,False
34,10.0,2,36.29,1.0,19.0,2.0,4.0,45.0,18.0,40.0,3.0,0,0,0,1,0.058823529411764705,False
4,2.0,0,19.0,0.0,1.0,5.0,0.0,6.0,2.0,33.0,1.0,0,1,0,0,0.0,False
2,0.0,0,5.5,0.0,1.0,0.0,0.0,1.0,1.0,100.0,1.0,0,1,0,0,0.0,False
8,,0,32.38,0.0,,,0.0,,,,,0,0,1,0,0.0,False
1,0.0,0,4.0,0.0,0.0,0.0,0.0,0.0,0.0,0.0,0.0,0,1,0,0,0.0,False
30,15.0,6,32.97,8.0,63.0,14.0,0.0,44.0,15.0,34.0,3.0,0,0,0,1,0.2,False
19,3.0,1,14.32,1.0,4.0,2.0,0.0,14.0,4.0,29.0,0.0,0,1,0,0,0.05263157894736842,False
34,21.0,9,28.97,11.0,139.0,14.0,2.0,59.0,21.0,36.0,5.0,0,0,0,1,0.2647058823529412,False
26,16.0,2,42.04,3.0,44.0,6.0,1.0,48.0,11.0,23.0,4.0,0,0,0,1,0.07692307692307693,False
18,4.0,1,13.11,1.0,25.0,0.0,0.0,7.0,1.0,14.0,0.0,0,0,0,1,0.05555555555555555,False
18,0.0,0,27.0,0.0,1.0,0.0,0.0,,,,,1,0,0,0,0.0,False
0,0.0,0,0.0,0.0,0.0,0.0,0.0,0.0,0.0,0.0,0.0,0,1,0,0,0.0,False
3,1.0,0,17.33,0.0,7.0,0.0,0.0,,,,,1,0,0,0,0.0,False
0,0.0,0,0.0,0.0,0.0,0.0,0.0,0.0,0.0,0.0,0.0,0,1,0,0,0.0,False
0,0.0,0,0.0,0.0,0.0,0.0,0.0,0.0,0.0,0.0,0.0,0,0,0,1,0.0,False
19,3.0,0,21.0,0.0,5.0,0.0,0.0,7.0,2.0,29.0,0.0,0,0,0,1,0.0,False
0,0.0,0,0.0,0.0,0.0,0.0,0.0,,,,,1,0,0,0,0.0,False
13,1.0,0,13.62,1.0,18.0,0.0,0.0,5.0,2.0,40.0,0.0,0,0,0,1,0.0,False
0,0.0,0,0.0,0.0,0.0,0.0,0.0,,,,,1,0,0,0,0.0,False
5,0.0,1,9.8,1.0,2.0,1.0,0.0,0.0,0.0,0.0,0.0,0,0,0,1,0.2,False
25,3.0,0,19.08,1.0,34.0,1.0,0.0,18.0,11.0,61.0,1.0,0,0,0,1,0.0,False
20,7.0,3,19.25,4.0,80.0,4.0,1.0,26.0,7.0,27.0,0.0,0,0,0,1,0.15,False
32,3.0,0,33.16,0.0,4.0,0.0,1.0,,,,,1,0,0,0,0.0,False
0,,0,0.0,0.0,,,0.0,,,,,0,0,1,0,0.0,False
25,8.0,1,28.48,2.0,22.0,5.0,1.0,31.0,13.0,42.0,3.0,0,0,0,1,0.04,False
37,,0,28.3,0.0,,,0.0,,,,,0,0,1,0,0.0,False
13,5.0,0,18.69,0.0,1.0,1.0,0.0,12.0,3.0,25.0,0.0,0,0,0,1,0.0,False
28,9.0,4,21.25,3.0,51.0,25.0,3.0,63.0,22.0,35.0,12.0,0,1,0,0,0.14285714285714285,True
1,0.0,0,26.0,0.0,1.0,0.0,0.0,,,,,1,0,0,0,0.0,False
24,7.0,0,43.83,1.0,4.0,0.0,0.0,,,,,1,0,0,0,0.0,False
27,3.0,1,55.0,3.0,8.0,1.0,0.0,9.0,3.0,33.0,1.0,0,0,0,1,0.037037037037037035,False
0,0.0,0,0.0,0.0,0.0,0.0,0.0,0.0,0.0,0.0,0.0,0,0,0,1,0.0,False
37,32.0,6,29.68,8.0,31.0,16.0,7.0,118.0,48.0,41.0,18.0,0,1,0,0,0.16216216216216217,True
4,0.0,0,16.75,0.0,1.0,0.0,0.0,1.0,0.0,0.0,0.0,0,0,0,1,0.0,False
37,10.0,4,45.38,5.0,83.0,0.0,0.0,29.0,5.0,17.0,0.0,0,0,0,1,0.10810810810810811,False
0,,0,0.0,0.0,,,0.0,,,,,0,0,1,0,0.0,False
0,,0,0.0,0.0,,,0.0,,,,,0,0,1,0,0.0,False
0,0.0,0,0.0,0.0,0.0,0.0,0.0,,,,,1,0,0,0,0.0,False
0,0.0,0,0.0,0.0,0.0,0.0,0.0,,,,,1,0,0,0,0.0,False
37,25.0,11,27.95,20.0,114.0,4.0,2.0,86.0,39.0,45.0,5.0,0,1,0,0,0.2972972972972973,True
3,0.0,0,3.33,0.0,2.0,3.0,0.0,2.0,2.0,100.0,0.0,0,1,0,0,0.0,False
0,0.0,0,0.0,0.0,0.0,0.0,0.0,0.0,0.0,0.0,0.0,0,0,0,1,0.0,False
0,0.0,0,0.0,0.0,0.0,0.0,0.0,0.0,0.0,0.0,0.0,0,1,0,0,0.0,False
37,21.0,6,26.05,9.0,68.0,27.0,1.0,86.0,34.0,40.0,12.0,0,1,0,0,0.16216216216216217,True
23,0.0,0,43.61,0.0,2.0,0.0,0.0,,,,,1,0,0,0,0.0,False
19,,0,29.42,0.0,,,0.0,,,,,0,0,1,0,0.0,False
1,0.0,0,18.0,0.0,0.0,0.0,0.0,0.0,0.0,0.0,0.0,0,0,0,1,0.0,False
3,0.0,0,39.0,0.0,2.0,0.0,0.0,,,,,1,0,0,0,0.0,False
0,0.0,0,0.0,0.0,0.0,0.0,0.0,0.0,0.0,0.0,0.0,0,0,0,1,0.0,False
0,0.0,0,0.0,0.0,0.0,0.0,0.0,0.0,0.0,0.0,0.0,0,1,0,0,0.0,False
31,13.0,4,29.77,8.0,49.0,17.0,1.0,57.0,25.0,44.0,3.0,0,1,0,0,0.12903225806451613,True
30,2.0,0,37.27,2.0,18.0,0.0,0.0,,,,,1,0,0,0,0.0,False
0,,0,0.0,0.0,,,0.0,,,,,0,0,1,0,0.0,False
0,0.0,0,0.0,0.0,0.0,0.0,0.0,0.0,0.0,0.0,0.0,0,0,0,1,0.0,False
0,0.0,0,0.0,0.0,0.0,0.0,0.0,,,,,1,0,0,0,0.0,False
7,1.0,0,32.86,0.0,21.0,0.0,0.0,,,,,1,0,0,0,0.0,False
0,0.0,0,0.0,0.0,0.0,0.0,0.0,,,,,1,0,0,0,0.0,False
38,18.0,5,47.45,7.0,98.0,9.0,1.0,57.0,22.0,39.0,1.0,0,0,0,1,0.13157894736842105,False
33,14.0,2,48.7,2.0,20.0,2.0,1.0,34.0,8.0,24.0,3.0,0,0,0,1,0.06060606060606061,False
1,0.0,0,13.0,0.0,2.0,0.0,0.0,,,,,1,0,0,0,0.0,False
0,0.0,0,0.0,0.0,0.0,0.0,0.0,,,,,1,0,0,0,0.0,False
0,0.0,0,0.0,0.0,0.0,0.0,0.0,,,,,1,0,0,0,0.0,False
3,0.0,0,13.67,0.0,2.0,1.0,0.0,,,,,1,0,0,0,0.0,False
33,3.0,0,34.76,0.0,10.0,0.0,0.0,,,,,1,0,0,0,0.0,False
29,5.0,1,16.69,1.0,8.0,29.0,1.0,37.0,20.0,54.0,6.0,0,1,0,0,0.034482758620689655,False
0,0.0,0,0.0,0.0,0.0,0.0,0.0,0.0,0.0,0.0,0.0,0,1,0,0,0.0,False
28,5.0,2,37.79,1.0,8.0,1.0,0.0,16.0,4.0,25.0,1.0,0,0,0,1,0.07142857142857142,False
34,1.0,0,24.97,1.0,4.0,2.0,1.0,,,,,1,0,0,0,0.0,False
7,,0,29.14,0.0,,,0.0,,,,,0,0,1,0,0.0,False
35,8.0,2,17.09,3.0,208.0,6.0,0.0,31.0,9.0,29.0,0.0,0,0,0,1,0.05714285714285714,False
0,0.0,0,0.0,0.0,0.0,0.0,0.0,0.0,0.0,0.0,0.0,0,0,0,1,0.0,False
0,,0,0.0,0.0,,,0.0,,,,,0,0,1,0,0.0,False
0,0.0,0,0.0,0.0,0.0,0.0,0.0,0.0,0.0,0.0,0.0,0,0,0,1,0.0,False
12,2.0,1,6.42,0.0,15.0,0.0,0.0,8.0,1.0,13.0,0.0,0,0,0,1,0.08333333333333333,False
8,0.0,0,24.25,0.0,6.0,0.0,0.0,3.0,1.0,33.0,0.0,0,0,0,1,0.0,False
0,0.0,0,0.0,0.0,0.0,0.0,0.0,0.0,0.0,0.0,0.0,1,0,0,0,0.0,False
24,1.0,0,51.92,1.0,0.0,1.0,0.0,,,,,1,0,0,0,0.0,False
2,0.0,0,45.0,0.0,0.0,1.0,0.0,,,,,1,0,0,0,0.0,False
34,,0,23.62,0.0,,,0.0,,,,,0,0,1,0,0.0,False
28,15.0,11,49.18,6.0,185.0,2.0,0.0,39.0,11.0,28.0,1.0,0,0,0,1,0.39285714285714285,False
1,0.0,0,3.0,0.0,0.0,0.0,0.0,,,,,1,0,0,0,0.0,False
23,16.0,2,14.3,3.0,45.0,7.0,0.0,41.0,16.0,39.0,3.0,0,0,0,1,0.08695652173913043,False
34,18.0,4,21.21,1.0,7.0,16.0,2.0,79.0,30.0,38.0,8.0,0,1,0,0,0.11764705882352941,False
0,0.0,0,0.0,0.0,0.0,0.0,0.0,0.0,0.0,0.0,0.0,0,0,0,1,0.0,False
11,8.0,1,67.09,1.0,11.0,0.0,0.0,13.0,2.0,15.0,2.0,0,0,0,1,0.09090909090909091,False
0,0.0,0,0.0,0.0,0.0,0.0,0.0,0.0,0.0,0.0,0.0,0,1,0,0,0.0,False
23,8.0,2,15.87,4.0,111.0,4.0,1.0,20.0,6.0,30.0,2.0,0,0,0,1,0.08695652173913043,False
0,0.0,0,0.0,0.0,0.0,0.0,0.0,,,,,1,0,0,0,0.0,False
38,6.0,0,21.53,0.0,0.0,0.0,0.0,,,,,1,0,0,0,0.0,False
0,0.0,0,0.0,0.0,0.0,0.0,0.0,0.0,0.0,0.0,0.0,0,1,0,0,0.0,False
18,6.0,3,32.94,1.0,15.0,0.0,0.0,24.0,12.0,50.0,1.0,0,0,0,1,0.16666666666666666,False
21,6.0,2,13.33,2.0,35.0,6.0,1.0,22.0,4.0,18.0,3.0,0,0,0,1,0.09523809523809523,False
7,1.0,0,22.43,0.0,2.0,1.0,0.0,3.0,1.0,33.0,0.0,0,0,0,1,0.0,False
15,0.0,0,35.33,0.0,11.0,0.0,0.0,,,,,1,0,0,0,0.0,False
0,0.0,0,0.0,0.0,0.0,0.0,0.0,0.0,0.0,0.0,0.0,0,0,0,1,0.0,False
21,2.0,0,9.67,2.0,6.0,13.0,0.0,25.0,14.0,56.0,4.0,0,1,0,0,0.0,False
0,0.0,0,0.0,0.0,0.0,0.0,0.0,0.0,0.0,0.0,0.0,0,0,0,1,0.0,False
20,5.0,0,15.35,0.0,42.0,3.0,0.0,17.0,2.0,12.0,0.0,0,0,0,1,0.0,False
23,,0,26.26,0.0,,,0.0,,,,,0,0,1,0,0.0,False
11,3.0,0,17.0,0.0,7.0,5.0,0.0,9.0,4.0,44.0,0.0,0,1,0,0,0.0,False
8,2.0,1,9.0,1.0,4.0,2.0,0.0,6.0,2.0,33.0,0.0,0,1,0,0,0.125,False
2,0.0,0,4.5,0.0,4.0,0.0,0.0,0.0,0.0,0.0,0.0,0,0,0,1,0.0,False
0,0.0,0,0.0,0.0,0.0,0.0,0.0,0.0,0.0,0.0,0.0,0,1,0,0,0.0,False
37,1.0,3,49.84,2.0,99.0,2.0,0.0,,,,,1,0,0,0,0.08108108108108109,False
23,8.0,1,21.78,3.0,13.0,9.0,0.0,25.0,9.0,36.0,3.0,0,1,0,0,0.043478260869565216,False
12,3.0,2,34.67,1.0,17.0,1.0,0.0,14.0,7.0,50.0,3.0,0,0,0,1,0.16666666666666666,False
0,0.0,0,0.0,0.0,0.0,0.0,0.0,0.0,0.0,0.0,0.0,0,1,0,0,0.0,False
27,3.0,3,40.04,2.0,64.0,0.0,0.0,,,,,1,0,0,0,0.1111111111111111,False
34,11.0,7,37.29,6.0,176.0,4.0,0.0,,,,,1,0,0,0,0.20588235294117646,False
5,0.0,0,8.6,1.0,3.0,0.0,0.0,2.0,1.0,50.0,1.0,0,1,0,0,0.0,False
37,7.0,4,51.97,3.0,29.0,6.0,1.0,34.0,12.0,35.0,0.0,0,0,0,1,0.10810810810810811,False
2,0.0,0,7.5,0.0,0.0,0.0,0.0,0.0,0.0,0.0,0.0,0,0,0,1,0.0,False
1,,0,25.0,0.0,,,0.0,,,,,0,0,1,0,0.0,False
12,3.0,0,13.0,1.0,38.0,2.0,0.0,7.0,3.0,43.0,1.0,0,1,0,0,0.0,False
0,0.0,0,0.0,0.0,0.0,0.0,0.0,0.0,0.0,0.0,0.0,0,0,0,1,0.0,False
0,0.0,0,0.0,0.0,0.0,0.0,0.0,0.0,0.0,0.0,0.0,0,1,0,0,0.0,False
32,3.0,1,26.88,1.0,85.0,0.0,0.0,,,,,1,0,0,0,0.03125,False
0,0.0,0,0.0,0.0,0.0,0.0,0.0,,,,,1,0,0,0,0.0,False
16,1.0,1,23.69,0.0,1.0,1.0,0.0,6.0,2.0,33.0,1.0,0,0,0,1,0.0625,False
27,5.0,0,34.93,1.0,44.0,0.0,0.0,11.0,0.0,0.0,1.0,0,0,0,1,0.0,False
28,2.0,0,21.07,1.0,0.0,0.0,0.0,,,,,1,0,0,0,0.0,False
5,0.0,1,19.4,0.0,10.0,3.0,0.0,3.0,2.0,67.0,0.0,0,0,0,1,0.2,False
24,3.0,1,19.83,1.0,4.0,0.0,0.0,8.0,1.0,13.0,0.0,0,0,0,1,0.041666666666666664,False
5,1.0,0,9.8,0.0,7.0,1.0,0.0,2.0,0.0,0.0,0.0,0,1,0,0,0.0,False
10,1.0,2,13.5,0.0,12.0,0.0,0.0,3.0,1.0,33.0,0.0,0,0,0,1,0.2,False
28,2.0,0,33.75,0.0,1.0,0.0,0.0,,,,,1,0,0,0,0.0,False
8,3.0,3,17.5,2.0,19.0,0.0,0.0,5.0,1.0,20.0,0.0,0,0,0,1,0.375,False
36,12.0,0,15.06,2.0,9.0,8.0,2.0,46.0,12.0,26.0,7.0,0,1,0,0,0.0,False
12,0.0,0,27.5,0.0,0.0,0.0,0.0,,,,,1,0,0,0,0.0,False
0,0.0,0,0.0,0.0,0.0,0.0,0.0,,,,,1,0,0,0,0.0,False
0,0.0,0,0.0,0.0,0.0,0.0,0.0,0.0,0.0,0.0,0.0,0,1,0,0,0.0,False
24,0.0,2,19.96,1.0,72.0,0.0,0.0,,,,,1,0,0,0,0.08333333333333333,False
0,0.0,0,0.0,0.0,0.0,0.0,0.0,0.0,0.0,0.0,0.0,0,0,0,1,0.0,False
0,0.0,0,0.0,0.0,0.0,0.0,0.0,,,,,1,0,0,0,0.0,False
8,0.0,0,5.5,0.0,4.0,0.0,0.0,3.0,2.0,67.0,0.0,0,0,0,1,0.0,False
16,7.0,1,10.25,0.0,14.0,10.0,1.0,24.0,12.0,50.0,3.0,0,1,0,0,0.0625,False
27,20.0,3,38.52,3.0,38.0,2.0,0.0,52.0,16.0,31.0,4.0,0,0,0,1,0.1111111111111111,False
9,0.0,0,15.78,0.0,4.0,0.0,0.0,3.0,0.0,0.0,0.0,0,0,0,1,0.0,False
4,,0,27.5,0.0,,,0.0,,,,,0,0,1,0,0.0,False
30,8.0,0,52.3,0.0,1.0,0.0,0.0,,,,,1,0,0,0,0.0,False
2,0.0,0,1.5,0.0,0.0,0.0,0.0,0.0,0.0,0.0,0.0,0,1,0,0,0.0,False
14,1.0,1,30.86,2.0,42.0,1.0,0.0,,,,,1,0,0,0,0.07142857142857142,False
7,1.0,0,7.43,0.0,0.0,0.0,0.0,1.0,0.0,0.0,0.0,0,0,0,1,0.0,False
22,10.0,0,19.95,3.0,43.0,2.0,2.0,23.0,5.0,22.0,1.0,0,0,0,1,0.0,False
35,17.0,19,65.03,28.0,228.0,15.0,3.0,47.0,20.0,43.0,8.0,0,0,0,1,0.5428571428571428,False
0,0.0,0,0.0,0.0,0.0,0.0,0.0,0.0,0.0,0.0,0.0,1,0,0,0,0.0,False
0,0.0,0,0.0,0.0,0.0,0.0,0.0,,,,,1,0,0,0,0.0,False
0,0.0,0,0.0,0.0,0.0,0.0,0.0,0.0,0.0,0.0,0.0,0,0,0,1,0.0,False
10,5.0,0,19.9,1.0,5.0,6.0,1.0,15.0,7.0,47.0,3.0,0,1,0,0,0.0,False
0,0.0,0,0.0,0.0,0.0,0.0,0.0,0.0,0.0,0.0,0.0,0,1,0,0,0.0,False
17,,0,29.24,0.0,,,0.0,,,,,0,0,1,0,0.0,False
17,0.0,0,15.53,0.0,29.0,0.0,0.0,,,,,1,0,0,0,0.0,False
0,0.0,0,0.0,0.0,0.0,0.0,0.0,0.0,0.0,0.0,0.0,0,1,0,0,0.0,False
0,0.0,0,0.0,0.0,0.0,0.0,0.0,0.0,0.0,0.0,0.0,0,0,0,1,0.0,False
0,0.0,0,0.0,0.0,0.0,0.0,0.0,,,,,1,0,0,0,0.0,False
30,18.0,12,42.3,16.0,290.0,3.0,2.0,69.0,28.0,41.0,1.0,0,0,0,1,0.4,False
29,20.0,2,33.48,5.0,83.0,5.0,1.0,57.0,16.0,28.0,4.0,0,1,0,0,0.06896551724137931,False
30,16.0,6,29.07,6.0,19.0,16.0,2.0,81.0,25.0,31.0,4.0,0,1,0,0,0.2,True
0,0.0,0,0.0,0.0,0.0,0.0,0.0,0.0,0.0,0.0,0.0,0,1,0,0,0.0,False
4,0.0,0,42.25,0.0,1.0,0.0,0.0,,,,,1,0,0,0,0.0,False
34,13.0,2,17.29,4.0,73.0,5.0,0.0,50.0,16.0,32.0,3.0,0,1,0,0,0.058823529411764705,False
0,0.0,0,0.0,0.0,0.0,0.0,0.0,0.0,0.0,0.0,0.0,0,1,0,0,0.0,False
26,43.0,5,42.0,9.0,57.0,5.0,3.0,111.0,30.0,27.0,3.0,0,0,0,1,0.19230769230769232,False
2,,0,35.0,0.0,,,0.0,,,,,0,0,1,0,0.0,False
4,1.0,0,19.25,0.0,3.0,0.0,0.0,2.0,0.0,0.0,0.0,0,0,0,1,0.0,False
35,2.0,1,42.97,3.0,103.0,0.0,0.0,,,,,1,0,0,0,0.02857142857142857,False
0,0.0,0,0.0,0.0,0.0,0.0,0.0,,,,,1,0,0,0,0.0,False
1,0.0,1,19.0,0.0,3.0,0.0,0.0,,,,,1,0,0,0,1.0,False
0,0.0,0,0.0,0.0,0.0,0.0,0.0,,,,,1,0,0,0,0.0,False
1,0.0,0,2.0,0.0,0.0,0.0,0.0,0.0,0.0,0.0,0.0,0,0,0,1,0.0,False
0,0.0,0,0.0,0.0,0.0,0.0,0.0,0.0,0.0,0.0,0.0,0,0,0,1,0.0,False
3,0.0,0,8.33,0.0,3.0,0.0,0.0,2.0,0.0,0.0,0.0,0,0,0,1,0.0,False
21,1.0,0,24.24,0.0,1.0,0.0,0.0,,,,,1,0,0,0,0.0,False
0,0.0,0,0.0,0.0,0.0,0.0,0.0,,,,,1,0,0,0,0.0,False
26,5.0,2,19.27,1.0,45.0,1.0,1.0,22.0,11.0,50.0,2.0,0,0,0,1,0.07692307692307693,False
31,18.0,3,40.0,4.0,151.0,5.0,0.0,54.0,14.0,26.0,4.0,0,0,0,1,0.0967741935483871,False
12,3.0,0,25.75,0.0,5.0,1.0,0.0,10.0,5.0,50.0,1.0,0,0,0,1,0.0,False
3,0.0,1,5.0,1.0,5.0,0.0,0.0,0.0,0.0,0.0,0.0,0,0,0,1,0.3333333333333333,False
31,23.0,4,69.48,3.0,50.0,5.0,2.0,69.0,21.0,30.0,9.0,0,0,0,1,0.12903225806451613,False
3,1.0,0,27.33,0.0,1.0,0.0,0.0,,,,,1,0,0,0,0.0,False
6,,0,27.33,0.0,,,0.0,,,,,0,0,1,0,0.0,False
0,0.0,0,0.0,0.0,0.0,0.0,0.0,0.0,0.0,0.0,0.0,0,1,0,0,0.0,False
23,3.0,0,55.57,0.0,47.0,2.0,1.0,,,,,1,0,0,0,0.0,False
3,1.0,0,3.67,0.0,1.0,1.0,0.0,1.0,0.0,0.0,0.0,0,1,0,0,0.0,False
11,7.0,2,18.09,1.0,6.0,4.0,0.0,16.0,8.0,50.0,3.0,0,1,0,0,0.18181818181818182,False
35,16.0,3,27.83,4.0,123.0,6.0,5.0,54.0,17.0,31.0,3.0,0,0,0,1,0.08571428571428572,False
1,0.0,0,9.0,0.0,0.0,0.0,0.0,0.0,0.0,0.0,0.0,0,0,0,1,0.0,False
24,4.0,1,34.71,0.0,2.0,0.0,2.0,,,,,1,0,0,0,0.041666666666666664,False
0,0.0,0,0.0,0.0,0.0,0.0,0.0,0.0,0.0,0.0,0.0,0,0,0,1,0.0,False
13,3.0,0,7.77,0.0,4.0,5.0,0.0,13.0,5.0,38.0,1.0,0,1,0,0,0.0,False
24,1.0,1,29.88,0.0,2.0,0.0,0.0,,,,,1,0,0,0,0.041666666666666664,False
11,1.0,1,24.45,0.0,21.0,0.0,0.0,,,,,1,0,0,0,0.09090909090909091,False
0,0.0,0,0.0,0.0,0.0,0.0,0.0,,,,,1,0,0,0,0.0,False
37,31.0,6,38.62,5.0,204.0,4.0,1.0,77.0,17.0,22.0,2.0,0,0,0,1,0.16216216216216217,False
3,1.0,0,6.33,0.0,2.0,0.0,0.0,3.0,0.0,0.0,0.0,0,1,0,0,0.0,False
31,17.0,7,32.19,9.0,38.0,15.0,4.0,63.0,25.0,40.0,6.0,0,1,0,0,0.22580645161290322,True
1,0.0,0,3.0,0.0,0.0,0.0,0.0,0.0,0.0,0.0,0.0,0,0,0,1,0.0,False
0,0.0,0,0.0,0.0,0.0,0.0,0.0,,,,,1,0,0,0,0.0,False
13,,0,32.38,0.0,,,0.0,,,,,0,0,1,0,0.0,False
0,0.0,0,0.0,0.0,0.0,0.0,0.0,,,,,1,0,0,0,0.0,False
12,4.0,0,7.83,0.0,4.0,3.0,0.0,17.0,6.0,35.0,2.0,0,1,0,0,0.0,False
22,6.0,0,20.27,1.0,6.0,2.0,1.0,25.0,7.0,28.0,3.0,0,0,0,1,0.0,False
16,3.0,1,43.75,1.0,53.0,1.0,0.0,,,,,1,0,0,0,0.0625,False
4,,0,28.75,0.0,,,0.0,,,,,0,0,1,0,0.0,False
29,6.0,0,28.72,1.0,1.0,0.0,0.0,28.0,8.0,29.0,1.0,0,0,0,1,0.0,False
0,,0,0.0,0.0,,,0.0,,,,,0,0,1,0,0.0,False
34,17.0,2,18.53,2.0,32.0,26.0,1.0,71.0,21.0,30.0,7.0,0,1,0,0,0.058823529411764705,False
0,0.0,0,0.0,0.0,0.0,0.0,0.0,0.0,0.0,0.0,0.0,0,1,0,0,0.0,False
28,19.0,6,40.86,6.0,51.0,15.0,0.0,72.0,25.0,35.0,3.0,0,1,0,0,0.21428571428571427,False
24,8.0,3,44.25,6.0,88.0,1.0,0.0,,,,,1,0,0,0,0.125,False
0,0.0,0,0.0,0.0,0.0,0.0,0.0,0.0,0.0,0.0,0.0,0,0,0,1,0.0,False
1,0.0,0,5.0,0.0,0.0,0.0,0.0,0.0,0.0,0.0,0.0,0,0,0,1,0.0,False
0,0.0,0,0.0,0.0,0.0,0.0,0.0,0.0,0.0,0.0,0.0,0,0,0,1,0.0,False
28,5.0,1,23.25,1.0,67.0,7.0,0.0,18.0,9.0,50.0,2.0,0,0,0,1,0.03571428571428571,False
11,,0,26.82,0.0,,,0.0,,,,,0,0,1,0,0.0,False
27,,0,28.59,0.0,,,0.0,,,,,0,0,1,0,0.0,False
28,1.0,3,56.68,3.0,74.0,0.0,0.0,,,,,1,0,0,0,0.10714285714285714,False
4,0.0,0,20.5,0.0,0.0,0.0,0.0,0.0,0.0,0.0,0.0,0,0,0,1,0.0,False
22,1.0,0,56.5,0.0,0.0,1.0,0.0,,,,,1,0,0,0,0.0,False
20,11.0,1,16.8,5.0,77.0,8.0,1.0,34.0,15.0,44.0,3.0,0,0,0,1,0.05,False
0,0.0,0,0.0,0.0,0.0,0.0,0.0,0.0,0.0,0.0,0.0,0,0,0,1,0.0,False
30,36.0,4,47.8,13.0,64.0,13.0,5.0,107.0,38.0,36.0,11.0,0,1,0,0,0.13333333333333333,True
12,0.0,0,11.5,0.0,3.0,0.0,0.0,3.0,0.0,0.0,0.0,0,0,0,1,0.0,False
0,0.0,0,0.0,0.0,0.0,0.0,0.0,0.0,0.0,0.0,0.0,0,1,0,0,0.0,False
15,6.0,3,81.87,7.0,59.0,2.0,0.0,24.0,8.0,33.0,1.0,0,0,0,1,0.2,False
24,9.0,2,19.21,2.0,45.0,0.0,0.0,26.0,6.0,23.0,1.0,0,0,0,1,0.08333333333333333,False
38,,0,30.16,0.0,,,0.0,,,,,0,0,1,0,0.0,False
29,4.0,0,50.31,0.0,7.0,0.0,0.0,11.0,1.0,9.0,0.0,0,0,0,1,0.0,False
0,,0,0.0,0.0,,,0.0,,,,,0,0,1,0,0.0,False
18,3.0,0,59.28,0.0,7.0,0.0,0.0,12.0,3.0,25.0,1.0,0,0,0,1,0.0,False
0,0.0,0,0.0,0.0,0.0,0.0,0.0,0.0,0.0,0.0,0.0,0,1,0,0,0.0,False
0,0.0,0,0.0,0.0,0.0,0.0,0.0,0.0,0.0,0.0,0.0,0,0,0,1,0.0,False
0,0.0,0,0.0,0.0,0.0,0.0,0.0,,,,,1,0,0,0,0.0,False
25,10.0,2,22.08,4.0,94.0,2.0,0.0,31.0,10.0,32.0,0.0,0,0,0,1,0.08,False
27,6.0,6,23.67,10.0,170.0,8.0,0.0,40.0,11.0,28.0,3.0,0,0,0,1,0.2222222222222222,False
3,0.0,0,6.0,0.0,0.0,0.0,0.0,0.0,0.0,0.0,0.0,0,0,0,1,0.0,False
5,0.0,1,54.2,1.0,13.0,1.0,0.0,,,,,1,0,0,0,0.2,False
20,2.0,0,29.6,0.0,1.0,3.0,0.0,,,,,1,0,0,0,0.0,False
0,0.0,0,0.0,0.0,0.0,0.0,0.0,0.0,0.0,0.0,0.0,0,0,0,1,0.0,False
31,20.0,5,47.52,9.0,116.0,1.0,2.0,56.0,16.0,29.0,0.0,0,0,0,1,0.16129032258064516,False
0,0.0,0,0.0,0.0,0.0,0.0,0.0,0.0,0.0,0.0,0.0,0,0,0,1,0.0,False
0,0.0,0,0.0,0.0,0.0,0.0,0.0,,,,,1,0,0,0,0.0,False
1,0.0,0,6.0,0.0,0.0,0.0,0.0,0.0,0.0,0.0,0.0,0,0,0,1,0.0,False
36,32.0,3,33.14,7.0,167.0,4.0,3.0,88.0,32.0,36.0,4.0,0,0,0,1,0.08333333333333333,True
24,11.0,11,57.75,5.0,96.0,0.0,1.0,29.0,4.0,14.0,1.0,0,0,0,1,0.4583333333333333,False
0,0.0,0,0.0,0.0,0.0,0.0,0.0,,,,,1,0,0,0,0.0,False
27,4.0,0,12.78,1.0,24.0,9.0,1.0,17.0,7.0,41.0,2.0,0,1,0,0,0.0,False
37,11.0,7,37.43,10.0,144.0,3.0,0.0,38.0,12.0,32.0,3.0,0,0,0,1,0.1891891891891892,False
22,4.0,0,53.32,1.0,1.0,1.0,0.0,,,,,1,0,0,0,0.0,False
35,7.0,1,43.8,1.0,0.0,1.0,2.0,,,,,1,0,0,0,0.02857142857142857,False
31,6.0,0,29.39,1.0,56.0,2.0,0.0,,,,,1,0,0,0,0.0,False
0,0.0,0,0.0,0.0,0.0,0.0,0.0,0.0,0.0,0.0,0.0,0,1,0,0,0.0,False
0,0.0,0,0.0,0.0,0.0,0.0,0.0,0.0,0.0,0.0,0.0,0,1,0,0,0.0,False
0,0.0,0,0.0,0.0,0.0,0.0,0.0,0.0,0.0,0.0,0.0,0,1,0,0,0.0,False
28,13.0,1,15.96,0.0,14.0,9.0,1.0,38.0,13.0,34.0,3.0,0,1,0,0,0.03571428571428571,False
12,2.0,0,37.33,0.0,3.0,0.0,0.0,6.0,0.0,0.0,0.0,0,0,0,1,0.0,False
34,3.0,1,34.26,4.0,137.0,1.0,0.0,,,,,1,0,0,0,0.029411764705882353,False
2,,0,32.0,0.0,,,0.0,,,,,0,0,1,0,0.0,False
0,,0,0.0,0.0,,,0.0,,,,,0,0,1,0,0.0,False
0,,0,0.0,0.0,,,0.0,,,,,0,0,1,0,0.0,False
21,15.0,2,31.52,5.0,96.0,3.0,2.0,44.0,10.0,23.0,2.0,0,0,0,1,0.09523809523809523,False
0,,0,0.0,0.0,,,0.0,,,,,0,0,1,0,0.0,False
17,,0,23.94,0.0,,,0.0,,,,,0,0,1,0,0.0,False
0,0.0,0,0.0,0.0,0.0,0.0,0.0,,,,,1,0,0,0,0.0,False
31,16.0,2,27.29,2.0,58.0,5.0,0.0,52.0,22.0,42.0,6.0,0,1,0,0,0.06451612903225806,False
1,0.0,0,0.0,0.0,0.0,0.0,0.0,,,,,1,0,0,0,0.0,False
36,5.0,0,43.81,1.0,1.0,2.0,0.0,,,,,1,0,0,0,0.0,False
7,2.0,0,64.29,0.0,1.0,0.0,0.0,5.0,0.0,0.0,0.0,0,0,0,1,0.0,False
0,0.0,0,0.0,0.0,0.0,0.0,0.0,0.0,0.0,0.0,0.0,0,1,0,0,0.0,False
33,1.0,0,47.45,4.0,4.0,0.0,0.0,,,,,1,0,0,0,0.0,False
0,,0,0.0,0.0,,,0.0,,,,,0,0,1,0,0.0,False
14,6.0,1,22.64,0.0,11.0,7.0,2.0,48.0,23.0,48.0,5.0,0,1,0,0,0.07142857142857142,False
15,3.0,0,28.13,0.0,2.0,0.0,0.0,8.0,1.0,13.0,0.0,0,0,0,1,0.0,False
0,0.0,0,0.0,0.0,0.0,0.0,0.0,,,,,1,0,0,0,0.0,False
38,10.0,3,60.18,0.0,9.0,0.0,1.0,17.0,0.0,0.0,0.0,0,0,0,1,0.07894736842105263,False
0,0.0,0,0.0,0.0,0.0,0.0,0.0,0.0,0.0,0.0,0.0,0,1,0,0,0.0,False
0,,0,0.0,0.0,,,0.0,,,,,0,0,1,0,0.0,False
0,0.0,0,0.0,0.0,0.0,0.0,0.0,,,,,1,0,0,0,0.0,False
34,19.0,12,25.65,12.0,201.0,9.0,1.0,56.0,16.0,29.0,4.0,0,1,0,0,0.35294117647058826,False
0,0.0,0,0.0,0.0,0.0,0.0,0.0,0.0,0.0,0.0,0.0,0,1,0,0,0.0,False
14,1.0,1,28.86,0.0,44.0,1.0,0.0,,,,,1,0,0,0,0.07142857142857142,False
10,1.0,0,32.4,0.0,0.0,0.0,0.0,,,,,1,0,0,0,0.0,False
0,0.0,0,0.0,0.0,0.0,0.0,0.0,0.0,0.0,0.0,0.0,0,1,0,0,0.0,False
24,3.0,0,38.5,0.0,0.0,2.0,0.0,,,,,1,0,0,0,0.0,False
23,3.0,0,46.26,0.0,2.0,0.0,0.0,20.0,3.0,15.0,0.0,0,0,0,1,0.0,False
13,3.0,0,13.23,1.0,47.0,2.0,0.0,8.0,1.0,13.0,0.0,0,0,0,1,0.0,False
1,0.0,0,36.0,0.0,1.0,0.0,0.0,,,,,1,0,0,0,0.0,False
0,0.0,0,0.0,0.0,0.0,0.0,0.0,0.0,0.0,0.0,0.0,0,0,0,1,0.0,False
0,0.0,0,0.0,0.0,0.0,0.0,0.0,,,,,1,0,0,0,0.0,False
0,0.0,0,0.0,0.0,0.0,0.0,0.0,,,,,1,0,0,0,0.0,False
0,0.0,0,0.0,0.0,0.0,0.0,0.0,,,,,1,0,0,0,0.0,False
12,3.0,2,21.17,1.0,1.0,0.0,0.0,7.0,1.0,14.0,1.0,0,1,0,0,0.16666666666666666,False
0,0.0,0,0.0,0.0,0.0,0.0,0.0,0.0,0.0,0.0,0.0,0,0,0,1,0.0,False
25,1.0,0,33.4,2.0,15.0,0.0,0.0,,,,,1,0,0,0,0.0,False
6,1.0,0,19.33,1.0,2.0,0.0,0.0,5.0,3.0,60.0,0.0,0,1,0,0,0.0,False
1,0.0,0,13.0,0.0,0.0,0.0,0.0,,,,,1,0,0,0,0.0,False
4,0.0,1,24.25,0.0,1.0,0.0,0.0,,,,,1,0,0,0,0.25,False
0,0.0,0,0.0,0.0,0.0,0.0,0.0,0.0,0.0,0.0,0.0,0,0,0,1,0.0,False
2,0.0,0,1.5,0.0,0.0,0.0,0.0,0.0,0.0,0.0,0.0,0,1,0,0,0.0,False
0,0.0,0,0.0,0.0,0.0,0.0,0.0,0.0,0.0,0.0,0.0,0,1,0,0,0.0,False
0,0.0,0,0.0,0.0,0.0,0.0,0.0,,,,,1,0,0,0,0.0,False
32,27.0,5,57.44,5.0,12.0,2.0,1.0,77.0,23.0,30.0,5.0,0,0,0,1,0.15625,False
16,8.0,2,24.5,5.0,87.0,0.0,2.0,29.0,16.0,55.0,0.0,0,0,0,1,0.125,False
10,1.0,1,3.0,0.0,21.0,0.0,0.0,2.0,0.0,0.0,0.0,0,1,0,0,0.1,False
0,,0,0.0,0.0,,,0.0,,,,,0,0,1,0,0.0,False
6,0.0,1,44.17,0.0,34.0,0.0,0.0,,,,,1,0,0,0,0.16666666666666666,False
0,0.0,0,0.0,0.0,0.0,0.0,0.0,,,,,1,0,0,0,0.0,False
0,0.0,0,0.0,0.0,0.0,0.0,0.0,,,,,1,0,0,0,0.0,False
0,0.0,0,0.0,0.0,0.0,0.0,0.0,,,,,1,0,0,0,0.0,False
29,5.0,2,13.76,2.0,9.0,6.0,0.0,33.0,10.0,30.0,5.0,0,1,0,0,0.06896551724137931,False
0,0.0,0,0.0,0.0,0.0,0.0,0.0,0.0,0.0,0.0,0.0,0,1,0,0,0.0,False
14,3.0,3,41.71,1.0,35.0,2.0,0.0,,,,,1,0,0,0,0.21428571428571427,False
33,7.0,3,32.33,4.0,56.0,4.0,2.0,,,,,1,0,0,0,0.09090909090909091,False
34,4.0,0,40.82,3.0,2.0,2.0,5.0,,,,,1,0,0,0,0.0,False
17,4.0,0,21.88,0.0,10.0,0.0,1.0,12.0,2.0,17.0,1.0,0,0,0,1,0.0,False
0,0.0,0,0.0,0.0,0.0,0.0,0.0,0.0,0.0,0.0,0.0,0,1,0,0,0.0,False
36,22.0,6,17.36,11.0,49.0,26.0,6.0,115.0,53.0,46.0,22.0,0,1,0,0,0.16666666666666666,True
4,0.0,0,36.5,0.0,7.0,0.0,0.0,,,,,1,0,0,0,0.0,False
25,7.0,5,39.64,2.0,109.0,1.0,0.0,19.0,6.0,32.0,0.0,0,0,0,1,0.2,False
0,0.0,0,0.0,0.0,0.0,0.0,0.0,,,,,1,0,0,0,0.0,False
29,4.0,0,50.83,0.0,2.0,0.0,0.0,,,,,1,0,0,0,0.0,False
0,,0,0.0,0.0,,,0.0,,,,,0,0,1,0,0.0,False
4,0.0,0,5.25,0.0,3.0,0.0,0.0,0.0,0.0,0.0,0.0,0,1,0,0,0.0,False
1,,0,45.0,0.0,,,0.0,,,,,0,0,1,0,0.0,False
0,0.0,0,0.0,0.0,0.0,0.0,0.0,0.0,0.0,0.0,0.0,0,1,0,0,0.0,False
0,0.0,0,0.0,0.0,0.0,0.0,0.0,0.0,0.0,0.0,0.0,0,0,0,1,0.0,False
28,8.0,2,11.07,2.0,20.0,13.0,0.0,45.0,22.0,49.0,11.0,0,1,0,0,0.07142857142857142,False
33,8.0,3,37.88,5.0,78.0,3.0,0.0,,,,,1,0,0,0,0.09090909090909091,False
0,0.0,0,0.0,0.0,0.0,0.0,0.0,,,,,1,0,0,0,0.0,False
27,4.0,3,18.22,4.0,36.0,25.0,0.0,32.0,13.0,41.0,4.0,0,1,0,0,0.1111111111111111,False
30,7.0,1,45.07,2.0,7.0,1.0,0.0,31.0,5.0,16.0,0.0,0,0,0,1,0.03333333333333333,False
0,0.0,0,0.0,0.0,0.0,0.0,0.0,,,,,1,0,0,0,0.0,False
33,9.0,4,21.18,6.0,93.0,1.0,1.0,28.0,7.0,25.0,1.0,0,0,0,1,0.12121212121212122,False
4,0.0,0,18.25,0.0,0.0,0.0,0.0,,,,,1,0,0,0,0.0,False
0,,0,0.0,0.0,,,0.0,,,,,0,0,1,0,0.0,False
23,2.0,1,6.78,1.0,23.0,9.0,0.0,14.0,8.0,57.0,2.0,0,1,0,0,0.043478260869565216,False
0,0.0,0,0.0,0.0,0.0,0.0,0.0,0.0,0.0,0.0,0.0,0,0,0,1,0.0,False
1,0.0,0,0.0,0.0,0.0,0.0,0.0,0.0,0.0,0.0,0.0,0,0,0,1,0.0,False
11,4.0,2,13.45,1.0,2.0,0.0,1.0,20.0,11.0,55.0,3.0,0,1,0,0,0.18181818181818182,False
0,0.0,0,0.0,0.0,0.0,0.0,0.0,,,,,1,0,0,0,0.0,False
32,11.0,2,47.25,4.0,94.0,0.0,0.0,38.0,9.0,24.0,1.0,0,0,0,1,0.0625,False
37,5.0,1,55.95,1.0,25.0,0.0,0.0,11.0,3.0,27.0,0.0,0,0,0,1,0.02702702702702703,False
8,2.0,0,38.0,0.0,15.0,0.0,0.0,,,,,1,0,0,0,0.0,False
21,6.0,3,18.43,1.0,11.0,2.0,2.0,34.0,9.0,26.0,4.0,0,1,0,0,0.14285714285714285,False
0,0.0,0,0.0,0.0,0.0,0.0,0.0,,,,,1,0,0,0,0.0,False
38,13.0,5,32.95,5.0,34.0,5.0,0.0,54.0,29.0,54.0,7.0,0,0,0,1,0.13157894736842105,True
0,0.0,0,0.0,0.0,0.0,0.0,0.0,,,,,1,0,0,0,0.0,False
0,0.0,0,0.0,0.0,0.0,0.0,0.0,,,,,1,0,0,0,0.0,False
35,19.0,6,42.86,9.0,233.0,3.0,0.0,60.0,20.0,33.0,2.0,0,1,0,0,0.17142857142857143,False
0,0.0,0,0.0,0.0,0.0,0.0,0.0,0.0,0.0,0.0,0.0,0,1,0,0,0.0,False
3,0.0,0,27.67,0.0,0.0,0.0,1.0,1.0,0.0,0.0,1.0,0,0,0,1,0.0,False
13,6.0,0,10.08,2.0,5.0,4.0,1.0,17.0,8.0,47.0,0.0,0,1,0,0,0.0,False
10,0.0,0,54.1,0.0,0.0,0.0,0.0,,,,,1,0,0,0,0.0,False
0,0.0,0,0.0,0.0,0.0,0.0,0.0,0.0,0.0,0.0,0.0,0,0,0,1,0.0,False
10,1.0,0,30.7,1.0,25.0,0.0,0.0,,,,,1,0,0,0,0.0,False
31,1.0,0,39.35,0.0,0.0,0.0,0.0,,,,,1,0,0,0,0.0,False
0,,0,0.0,0.0,,,0.0,,,,,0,0,1,0,0.0,False
0,,0,0.0,0.0,,,0.0,,,,,0,0,1,0,0.0,False
34,5.0,1,32.12,1.0,8.0,0.0,1.0,9.0,0.0,0.0,0.0,0,0,0,1,0.029411764705882353,False
23,0.0,1,22.57,2.0,41.0,0.0,0.0,,,,,1,0,0,0,0.043478260869565216,False
20,0.0,0,24.25,0.0,7.0,0.0,0.0,,,,,1,0,0,0,0.0,False
18,3.0,2,31.44,2.0,77.0,2.0,0.0,,,,,1,0,0,0,0.1111111111111111,False
13,2.0,1,44.23,1.0,19.0,2.0,0.0,,,,,1,0,0,0,0.07692307692307693,False
34,9.0,1,16.29,6.0,118.0,8.0,1.0,32.0,9.0,28.0,3.0,0,1,0,0,0.029411764705882353,False
15,7.0,0,17.53,1.0,61.0,0.0,2.0,29.0,11.0,38.0,1.0,0,1,0,0,0.0,False
0,0.0,0,0.0,0.0,0.0,0.0,0.0,0.0,0.0,0.0,0.0,0,0,0,1,0.0,False
23,3.0,1,32.0,1.0,4.0,2.0,1.0,,,,,1,0,0,0,0.043478260869565216,False
0,0.0,0,0.0,0.0,0.0,0.0,0.0,,,,,1,0,0,0,0.0,False
0,0.0,0,0.0,0.0,0.0,0.0,0.0,0.0,0.0,0.0,0.0,0,0,0,1,0.0,False
0,0.0,0,0.0,0.0,0.0,0.0,0.0,0.0,0.0,0.0,0.0,0,0,0,1,0.0,False
0,0.0,0,0.0,0.0,0.0,0.0,0.0,,,,,1,0,0,0,0.0,False
0,0.0,0,0.0,0.0,0.0,0.0,0.0,0.0,0.0,0.0,0.0,0,1,0,0,0.0,False
24,12.0,3,36.17,3.0,85.0,0.0,4.0,40.0,11.0,28.0,1.0,0,0,0,1,0.125,False
34,3.0,2,42.65,1.0,23.0,0.0,0.0,11.0,2.0,18.0,0.0,0,0,0,1,0.058823529411764705,False
0,0.0,0,0.0,0.0,0.0,0.0,0.0,0.0,0.0,0.0,0.0,0,1,0,0,0.0,False
2,2.0,0,16.0,0.0,9.0,0.0,0.0,4.0,0.0,0.0,1.0,0,0,0,1,0.0,False
16,,0,26.06,0.0,,,0.0,,,,,0,0,1,0,0.0,False
12,2.0,0,15.75,1.0,15.0,2.0,0.0,6.0,1.0,17.0,1.0,0,0,0,1,0.0,False
31,6.0,3,9.58,2.0,2.0,14.0,2.0,39.0,18.0,46.0,13.0,0,1,0,0,0.0967741935483871,False
0,,0,0.0,0.0,,,0.0,,,,,0,0,1,0,0.0,False
31,37.0,3,24.87,6.0,17.0,23.0,2.0,139.0,53.0,38.0,13.0,0,1,0,0,0.0967741935483871,True
3,0.0,0,1.33,0.0,0.0,0.0,0.0,2.0,0.0,0.0,0.0,0,1,0,0,0.0,False
33,2.0,2,41.58,2.0,123.0,1.0,0.0,,,,,1,0,0,0,0.06060606060606061,False
12,2.0,1,33.75,2.0,2.0,0.0,0.0,,,,,1,0,0,0,0.08333333333333333,False
0,0.0,0,0.0,0.0,0.0,0.0,0.0,0.0,0.0,0.0,0.0,0,1,0,0,0.0,False
12,1.0,1,15.17,0.0,13.0,0.0,1.0,,,,,1,0,0,0,0.08333333333333333,False
33,5.0,6,26.48,8.0,212.0,2.0,0.0,21.0,7.0,33.0,1.0,0,0,0,1,0.18181818181818182,False
30,5.0,0,50.73,0.0,6.0,0.0,1.0,,,,,1,0,0,0,0.0,False
4,0.0,0,24.25,0.0,1.0,0.0,0.0,0.0,0.0,0.0,0.0,0,0,0,1,0.0,False
7,1.0,0,10.14,0.0,6.0,0.0,0.0,,,,,1,0,0,0,0.0,False
0,0.0,0,0.0,0.0,0.0,0.0,0.0,0.0,0.0,0.0,0.0,0,0,0,1,0.0,False
36,9.0,2,35.72,7.0,51.0,0.0,0.0,40.0,18.0,45.0,3.0,0,0,0,1,0.05555555555555555,False
37,20.0,7,35.89,5.0,22.0,11.0,3.0,94.0,44.0,47.0,11.0,0,0,0,1,0.1891891891891892,True
1,,0,26.0,0.0,,,0.0,,,,,0,0,1,0,0.0,False
31,10.0,3,40.32,4.0,102.0,3.0,4.0,,,,,1,0,0,0,0.0967741935483871,False
0,0.0,0,0.0,0.0,0.0,0.0,0.0,0.0,0.0,0.0,0.0,0,0,0,1,0.0,False
24,3.0,1,32.58,0.0,3.0,0.0,0.0,,,,,1,0,0,0,0.041666666666666664,False
0,,0,0.0,0.0,,,0.0,,,,,0,0,1,0,0.0,False
0,0.0,0,0.0,0.0,0.0,0.0,0.0,0.0,0.0,0.0,0.0,0,0,0,1,0.0,False
0,0.0,0,0.0,0.0,0.0,0.0,0.0,,,,,1,0,0,0,0.0,False
0,0.0,0,0.0,0.0,0.0,0.0,0.0,0.0,0.0,0.0,0.0,0,0,0,1,0.0,False
1,0.0,0,13.0,0.0,0.0,0.0,0.0,0.0,0.0,0.0,0.0,0,0,0,1,0.0,False
0,0.0,0,0.0,0.0,0.0,0.0,0.0,,,,,1,0,0,0,0.0,False
18,13.0,0,20.33,0.0,37.0,6.0,1.0,30.0,9.0,30.0,1.0,0,1,0,0,0.0,False
29,21.0,3,22.0,3.0,94.0,20.0,2.0,77.0,23.0,30.0,7.0,0,1,0,0,0.10344827586206896,False
1,0.0,0,3.0,0.0,0.0,0.0,0.0,0.0,0.0,0.0,0.0,0,0,0,1,0.0,False
3,0.0,0,34.67,0.0,6.0,0.0,0.0,,,,,1,0,0,0,0.0,False
31,18.0,0,20.03,1.0,70.0,3.0,0.0,44.0,7.0,16.0,2.0,0,0,0,1,0.0,False
0,,0,0.0,0.0,,,0.0,,,,,0,0,1,0,0.0,False
32,17.0,5,26.91,8.0,110.0,32.0,2.0,60.0,19.0,32.0,12.0,0,1,0,0,0.15625,False
35,14.0,4,57.26,2.0,21.0,0.0,2.0,54.0,11.0,20.0,2.0,0,0,0,1,0.11428571428571428,False
0,0.0,0,0.0,0.0,0.0,0.0,0.0,0.0,0.0,0.0,0.0,0,0,0,1,0.0,False
1,0.0,0,1.0,0.0,0.0,0.0,0.0,0.0,0.0,0.0,0.0,0,1,0,0,0.0,False
0,0.0,0,0.0,0.0,0.0,0.0,0.0,0.0,0.0,0.0,0.0,0,0,0,1,0.0,False
15,5.0,1,17.0,2.0,9.0,8.0,2.0,37.0,17.0,46.0,3.0,0,1,0,0,0.06666666666666667,False
14,0.0,0,27.14,0.0,6.0,1.0,0.0,,,,,1,0,0,0,0.0,False
14,2.0,3,17.14,2.0,19.0,6.0,1.0,12.0,6.0,50.0,0.0,0,1,0,0,0.21428571428571427,False
38,2.0,4,64.71,1.0,41.0,2.0,0.0,,,,,1,0,0,0,0.10526315789473684,False
0,,0,0.0,0.0,,,0.0,,,,,0,0,1,0,0.0,False
25,2.0,0,35.04,0.0,2.0,0.0,1.0,,,,,1,0,0,0,0.0,False
32,3.0,3,40.91,1.0,112.0,0.0,1.0,,,,,1,0,0,0,0.09375,False
0,0.0,0,0.0,0.0,0.0,0.0,0.0,0.0,0.0,0.0,0.0,0,0,0,1,0.0,False
0,0.0,0,0.0,0.0,0.0,0.0,0.0,0.0,0.0,0.0,0.0,0,1,0,0,0.0,False
0,0.0,0,0.0,0.0,0.0,0.0,0.0,0.0,0.0,0.0,0.0,0,1,0,0,0.0,False
14,3.0,0,5.86,0.0,4.0,2.0,0.0,7.0,3.0,43.0,1.0,0,1,0,0,0.0,False
0,0.0,0,0.0,0.0,0.0,0.0,0.0,,,,,1,0,0,0,0.0,False
15,1.0,0,26.47,2.0,28.0,0.0,0.0,,,,,1,0,0,0,0.0,False
0,0.0,0,0.0,0.0,0.0,0.0,0.0,0.0,0.0,0.0,0.0,0,1,0,0,0.0,False
36,27.0,8,45.86,9.0,113.0,8.0,1.0,89.0,30.0,34.0,5.0,0,0,0,1,0.2222222222222222,False
28,8.0,2,16.0,3.0,7.0,21.0,0.0,45.0,19.0,42.0,2.0,0,1,0,0,0.07142857142857142,False
26,1.0,0,39.5,1.0,71.0,1.0,0.0,,,,,1,0,0,0,0.0,False
18,2.0,2,16.61,3.0,59.0,10.0,0.0,15.0,3.0,20.0,1.0,0,1,0,0,0.1111111111111111,False
33,5.0,1,41.7,1.0,22.0,1.0,0.0,17.0,7.0,41.0,0.0,0,0,0,1,0.030303030303030304,False
0,0.0,0,0.0,0.0,0.0,0.0,0.0,,,,,1,0,0,0,0.0,False
14,5.0,0,41.14,1.0,9.0,0.0,0.0,12.0,3.0,25.0,0.0,0,0,0,1,0.0,False
20,6.0,1,4.0,0.0,2.0,4.0,1.0,17.0,8.0,47.0,2.0,0,1,0,0,0.05,False
0,0.0,0,0.0,0.0,0.0,0.0,0.0,0.0,0.0,0.0,0.0,0,0,0,1,0.0,False
0,,0,0.0,0.0,,,0.0,,,,,0,0,1,0,0.0,False
2,,0,23.0,0.0,,,0.0,,,,,0,0,1,0,0.0,False
27,0.0,0,27.11,1.0,3.0,0.0,0.0,6.0,0.0,0.0,0.0,0,0,0,1,0.0,False
0,0.0,0,0.0,0.0,0.0,0.0,0.0,,,,,1,0,0,0,0.0,False
33,6.0,4,42.18,3.0,69.0,0.0,1.0,,,,,1,0,0,0,0.12121212121212122,False
11,1.0,0,17.09,0.0,0.0,0.0,0.0,,,,,1,0,0,0,0.0,False
0,0.0,0,0.0,0.0,0.0,0.0,0.0,0.0,0.0,0.0,0.0,0,0,0,1,0.0,False
0,0.0,0,0.0,0.0,0.0,0.0,0.0,0.0,0.0,0.0,0.0,0,0,0,1,0.0,False
36,17.0,2,25.56,1.0,0.0,36.0,4.0,105.0,40.0,38.0,12.0,0,1,0,0,0.05555555555555555,True
17,4.0,0,9.88,2.0,1.0,8.0,0.0,19.0,9.0,47.0,4.0,0,1,0,0,0.0,False
0,0.0,0,0.0,0.0,0.0,0.0,0.0,0.0,0.0,0.0,0.0,0,1,0,0,0.0,False
28,6.0,4,46.68,3.0,99.0,2.0,0.0,,,,,1,0,0,0,0.14285714285714285,False
0,0.0,0,0.0,0.0,0.0,0.0,0.0,0.0,0.0,0.0,0.0,0,0,0,1,0.0,False
0,0.0,0,0.0,0.0,0.0,0.0,0.0,,,,,1,0,0,0,0.0,False
0,,0,0.0,0.0,,,0.0,,,,,0,0,1,0,0.0,False
0,,0,0.0,0.0,,,0.0,,,,,0,0,1,0,0.0,False
23,5.0,2,45.22,3.0,87.0,0.0,0.0,,,,,1,0,0,0,0.08695652173913043,False
0,0.0,0,0.0,0.0,0.0,0.0,0.0,0.0,0.0,0.0,0.0,0,0,0,1,0.0,False
0,0.0,0,0.0,0.0,0.0,0.0,0.0,0.0,0.0,0.0,0.0,0,0,0,1,0.0,False
0,,0,0.0,0.0,,,0.0,,,,,0,0,1,0,0.0,False
9,1.0,0,20.89,0.0,25.0,0.0,1.0,10.0,4.0,40.0,1.0,0,1,0,0,0.0,False
0,0.0,0,0.0,0.0,0.0,0.0,0.0,,,,,1,0,0,0,0.0,False
14,7.0,4,20.79,8.0,84.0,3.0,0.0,27.0,6.0,22.0,1.0,0,1,0,0,0.2857142857142857,False
10,7.0,0,21.2,1.0,1.0,2.0,0.0,21.0,5.0,24.0,1.0,0,1,0,0,0.0,False
24,10.0,0,20.96,0.0,37.0,0.0,0.0,33.0,14.0,42.0,2.0,0,1,0,0,0.0,False
18,5.0,0,10.0,0.0,6.0,4.0,1.0,15.0,3.0,20.0,3.0,0,1,0,0,0.0,False
0,0.0,0,0.0,0.0,0.0,0.0,0.0,,,,,1,0,0,0,0.0,False
35,,0,25.37,0.0,,,0.0,,,,,0,0,1,0,0.0,False
24,8.0,0,21.17,3.0,34.0,1.0,0.0,25.0,7.0,28.0,0.0,0,0,0,1,0.0,False
7,1.0,0,10.0,0.0,0.0,0.0,0.0,3.0,0.0,0.0,1.0,0,1,0,0,0.0,False
36,16.0,1,15.28,3.0,39.0,8.0,0.0,35.0,6.0,17.0,0.0,0,0,0,1,0.027777777777777776,False
5,1.0,0,22.8,0.0,4.0,0.0,0.0,,,,,1,0,0,0,0.0,False
14,5.0,2,15.86,2.0,62.0,0.0,1.0,19.0,3.0,16.0,0.0,0,0,0,1,0.14285714285714285,False
0,0.0,0,0.0,0.0,0.0,0.0,0.0,0.0,0.0,0.0,0.0,0,0,0,1,0.0,False
22,,0,30.18,0.0,,,0.0,,,,,0,0,1,0,0.0,False
0,0.0,0,0.0,0.0,0.0,0.0,0.0,0.0,0.0,0.0,0.0,0,1,0,0,0.0,False
0,0.0,0,0.0,0.0,0.0,0.0,0.0,0.0,0.0,0.0,0.0,0,0,0,1,0.0,False
27,5.0,2,37.96,2.0,12.0,2.0,0.0,,,,,1,0,0,0,0.07407407407407407,False
16,0.0,0,45.44,0.0,0.0,0.0,0.0,0.0,0.0,0.0,0.0,0,0,0,1,0.0,False
0,0.0,0,0.0,0.0,0.0,0.0,0.0,0.0,0.0,0.0,0.0,0,0,0,1,0.0,False
0,0.0,0,0.0,0.0,0.0,0.0,0.0,0.0,0.0,0.0,0.0,0,0,0,1,0.0,False
0,0.0,0,0.0,0.0,0.0,0.0,0.0,,,,,1,0,0,0,0.0,False
31,10.0,4,29.35,6.0,176.0,2.0,0.0,38.0,11.0,29.0,0.0,0,0,0,1,0.12903225806451613,False
0,0.0,0,0.0,0.0,0.0,0.0,0.0,,,,,1,0,0,0,0.0,False
0,0.0,0,0.0,0.0,0.0,0.0,0.0,,,,,1,0,0,0,0.0,False
0,0.0,0,0.0,0.0,0.0,0.0,0.0,0.0,0.0,0.0,0.0,0,0,0,1,0.0,False
5,,0,28.0,0.0,,,0.0,,,,,0,0,1,0,0.0,False
18,2.0,1,24.17,1.0,27.0,2.0,0.0,,,,,1,0,0,0,0.05555555555555555,False
17,,0,23.0,0.0,,,0.0,,,,,0,0,1,0,0.0,False
32,13.0,3,30.75,6.0,109.0,2.0,0.0,40.0,11.0,28.0,2.0,0,0,0,1,0.09375,False
1,0.0,0,50.0,0.0,0.0,0.0,0.0,,,,,1,0,0,0,0.0,False
37,4.0,0,49.97,0.0,1.0,2.0,0.0,,,,,1,0,0,0,0.0,False
16,7.0,0,7.44,0.0,15.0,9.0,0.0,16.0,3.0,19.0,4.0,0,1,0,0,0.0,False
11,1.0,0,7.91,0.0,0.0,1.0,1.0,7.0,1.0,14.0,1.0,0,1,0,0,0.0,False
19,4.0,1,41.42,1.0,14.0,1.0,0.0,11.0,5.0,45.0,1.0,0,0,0,1,0.05263157894736842,False
0,0.0,0,0.0,0.0,0.0,0.0,0.0,0.0,0.0,0.0,0.0,0,1,0,0,0.0,False
32,15.0,2,51.84,2.0,23.0,2.0,0.0,45.0,11.0,24.0,2.0,0,0,0,1,0.0625,False
0,0.0,0,0.0,0.0,0.0,0.0,0.0,0.0,0.0,0.0,0.0,0,1,0,0,0.0,False
37,10.0,1,40.08,0.0,78.0,1.0,0.0,50.0,19.0,38.0,3.0,0,0,0,1,0.02702702702702703,False
0,0.0,0,0.0,0.0,0.0,0.0,0.0,0.0,0.0,0.0,0.0,0,0,0,1,0.0,False
1,0.0,0,1.0,0.0,0.0,0.0,0.0,,,,,1,0,0,0,0.0,False
23,3.0,0,54.91,0.0,4.0,0.0,0.0,8.0,0.0,0.0,0.0,0,0,0,1,0.0,False
18,3.0,2,44.22,1.0,38.0,0.0,1.0,9.0,2.0,22.0,0.0,0,0,0,1,0.1111111111111111,False
0,0.0,0,0.0,0.0,0.0,0.0,0.0,,,,,1,0,0,0,0.0,False
15,0.0,1,24.27,1.0,4.0,0.0,0.0,,,,,1,0,0,0,0.06666666666666667,False
8,0.0,0,35.13,0.0,1.0,0.0,0.0,4.0,1.0,25.0,0.0,0,0,0,1,0.0,False
35,,0,24.11,0.0,,,0.0,,,,,0,0,1,0,0.0,False
30,4.0,3,41.87,4.0,144.0,2.0,0.0,,,,,1,0,0,0,0.1,False
0,0.0,0,0.0,0.0,0.0,0.0,0.0,0.0,0.0,0.0,0.0,0,0,0,1,0.0,False
10,0.0,1,10.3,1.0,0.0,0.0,0.0,1.0,1.0,100.0,0.0,0,0,0,1,0.1,False
0,0.0,0,0.0,0.0,0.0,0.0,0.0,0.0,0.0,0.0,0.0,0,1,0,0,0.0,False
25,1.0,1,44.64,1.0,21.0,1.0,0.0,,,,,1,0,0,0,0.04,False
0,0.0,0,0.0,0.0,0.0,0.0,0.0,,,,,1,0,0,0,0.0,False
12,2.0,0,25.08,1.0,18.0,1.0,0.0,,,,,1,0,0,0,0.0,False
0,0.0,0,0.0,0.0,0.0,0.0,0.0,0.0,0.0,0.0,0.0,0,0,0,1,0.0,False
0,0.0,0,0.0,0.0,0.0,0.0,0.0,,,,,1,0,0,0,0.0,False
0,0.0,0,0.0,0.0,0.0,0.0,0.0,,,,,1,0,0,0,0.0,False
0,0.0,0,0.0,0.0,0.0,0.0,0.0,,,,,1,0,0,0,0.0,False
16,3.0,1,38.94,0.0,9.0,0.0,0.0,12.0,4.0,33.0,0.0,0,0,0,1,0.0625,False
0,0.0,0,0.0,0.0,0.0,0.0,0.0,,,,,1,0,0,0,0.0,False
27,1.0,2,31.74,2.0,60.0,0.0,1.0,10.0,4.0,40.0,1.0,0,0,0,1,0.07407407407407407,False
25,0.0,0,58.16,1.0,26.0,1.0,0.0,,,,,1,0,0,0,0.0,False
37,17.0,1,41.65,2.0,62.0,1.0,0.0,42.0,7.0,17.0,1.0,0,0,0,1,0.02702702702702703,False
37,8.0,2,48.51,5.0,97.0,1.0,1.0,,,,,1,0,0,0,0.05405405405405406,False
0,0.0,0,0.0,0.0,0.0,0.0,0.0,,,,,1,0,0,0,0.0,False
26,2.0,3,35.38,7.0,92.0,4.0,2.0,,,,,1,0,0,0,0.11538461538461539,False
0,0.0,0,0.0,0.0,0.0,0.0,0.0,0.0,0.0,0.0,0.0,0,0,0,1,0.0,False
22,1.0,0,26.36,0.0,0.0,1.0,0.0,,,,,1,0,0,0,0.0,False
0,0.0,0,0.0,0.0,0.0,0.0,0.0,,,,,1,0,0,0,0.0,False
29,5.0,0,40.69,0.0,4.0,0.0,0.0,14.0,3.0,21.0,1.0,0,0,0,1,0.0,False
30,3.0,0,42.83,1.0,20.0,1.0,0.0,18.0,5.0,28.0,2.0,0,0,0,1,0.0,False
0,0.0,0,0.0,0.0,0.0,0.0,0.0,0.0,0.0,0.0,0.0,0,1,0,0,0.0,False
36,,0,22.0,0.0,,,0.0,,,,,0,0,1,0,0.0,False
9,1.0,1,6.78,2.0,12.0,0.0,0.0,2.0,0.0,0.0,0.0,0,0,0,1,0.1111111111111111,False
26,4.0,2,29.15,4.0,97.0,4.0,0.0,,,,,1,0,0,0,0.07692307692307693,False
0,0.0,0,0.0,0.0,0.0,0.0,0.0,,,,,1,0,0,0,0.0,False
27,5.0,2,18.37,5.0,0.0,7.0,0.0,37.0,16.0,43.0,5.0,0,1,0,0,0.07407407407407407,False
0,0.0,0,0.0,0.0,0.0,0.0,0.0,0.0,0.0,0.0,0.0,0,0,0,1,0.0,False
9,0.0,0,34.11,0.0,37.0,1.0,0.0,,,,,1,0,0,0,0.0,False
0,0.0,0,0.0,0.0,0.0,0.0,0.0,,,,,1,0,0,0,0.0,False
0,0.0,0,0.0,0.0,0.0,0.0,0.0,0.0,0.0,0.0,0.0,0,0,0,1,0.0,False
0,0.0,0,0.0,0.0,0.0,0.0,0.0,,,,,1,0,0,0,0.0,False
34,5.0,3,47.53,3.0,86.0,0.0,1.0,,,,,1,0,0,0,0.08823529411764706,False
23,3.0,1,26.43,1.0,3.0,0.0,0.0,,,,,1,0,0,0,0.043478260869565216,False
0,0.0,0,0.0,0.0,0.0,0.0,0.0,0.0,0.0,0.0,0.0,0,1,0,0,0.0,False
0,0.0,0,0.0,0.0,0.0,0.0,0.0,,,,,1,0,0,0,0.0,False
18,0.0,0,33.06,1.0,19.0,1.0,0.0,,,,,1,0,0,0,0.0,False
33,10.0,0,47.58,3.0,6.0,3.0,1.0,,,,,1,0,0,0,0.0,False
24,6.0,3,32.63,3.0,11.0,4.0,1.0,14.0,5.0,36.0,1.0,0,0,0,1,0.125,False
0,,0,0.0,0.0,,,0.0,,,,,0,0,1,0,0.0,False
22,1.0,0,29.82,0.0,0.0,1.0,0.0,,,,,1,0,0,0,0.0,False
36,25.0,18,50.03,24.0,275.0,2.0,9.0,86.0,21.0,24.0,3.0,0,0,0,1,0.5,False
35,,0,24.26,0.0,,,0.0,,,,,0,0,1,0,0.0,False
0,0.0,0,0.0,0.0,0.0,0.0,0.0,,,,,1,0,0,0,0.0,False
0,0.0,0,0.0,0.0,0.0,0.0,0.0,0.0,0.0,0.0,0.0,0,0,0,1,0.0,False
33,12.0,0,40.06,1.0,23.0,3.0,0.0,29.0,7.0,24.0,1.0,0,0,0,1,0.0,False
0,0.0,0,0.0,0.0,0.0,0.0,0.0,0.0,0.0,0.0,0.0,0,0,0,1,0.0,False
0,0.0,0,0.0,0.0,0.0,0.0,0.0,0.0,0.0,0.0,0.0,0,0,0,1,0.0,False
1,0.0,0,10.0,0.0,0.0,0.0,0.0,,,,,1,0,0,0,0.0,False
37,8.0,4,22.73,2.0,16.0,19.0,0.0,42.0,18.0,43.0,7.0,0,1,0,0,0.10810810810810811,True
37,38.0,2,12.32,0.0,19.0,36.0,2.0,99.0,31.0,31.0,7.0,0,1,0,0,0.05405405405405406,True
21,2.0,3,24.81,0.0,68.0,2.0,0.0,8.0,6.0,75.0,1.0,0,0,0,1,0.14285714285714285,False
30,1.0,2,29.63,3.0,5.0,0.0,0.0,,,,,1,0,0,0,0.06666666666666667,False
7,1.0,0,32.14,1.0,1.0,0.0,0.0,6.0,2.0,33.0,0.0,0,0,0,1,0.0,False
30,8.0,1,49.3,0.0,3.0,0.0,0.0,15.0,3.0,20.0,0.0,0,0,0,1,0.03333333333333333,False
0,0.0,0,0.0,0.0,0.0,0.0,0.0,,,,,1,0,0,0,0.0,False
24,2.0,0,24.42,0.0,10.0,0.0,0.0,,,,,1,0,0,0,0.0,False
4,0.0,0,3.5,0.0,4.0,1.0,0.0,0.0,0.0,0.0,0.0,0,1,0,0,0.0,False
11,2.0,0,14.91,0.0,37.0,10.0,1.0,7.0,3.0,43.0,1.0,0,1,0,0,0.0,False
0,0.0,0,0.0,0.0,0.0,0.0,0.0,0.0,0.0,0.0,0.0,0,0,0,1,0.0,False
0,0.0,0,0.0,0.0,0.0,0.0,0.0,0.0,0.0,0.0,0.0,0,0,0,1,0.0,False
0,0.0,0,0.0,0.0,0.0,0.0,0.0,0.0,0.0,0.0,0.0,0,1,0,0,0.0,False
35,32.0,7,29.54,6.0,9.0,26.0,4.0,111.0,42.0,38.0,12.0,0,1,0,0,0.2,True
36,6.0,0,55.03,0.0,20.0,3.0,0.0,23.0,7.0,30.0,1.0,0,0,0,1,0.0,False
22,3.0,0,14.59,0.0,4.0,10.0,0.0,23.0,6.0,26.0,2.0,0,1,0,0,0.0,False
0,0.0,0,0.0,0.0,0.0,0.0,0.0,,,,,1,0,0,0,0.0,False
27,8.0,2,13.44,3.0,26.0,10.0,0.0,20.0,4.0,20.0,4.0,0,1,0,0,0.07407407407407407,False
0,0.0,0,0.0,0.0,0.0,0.0,0.0,,,,,1,0,0,0,0.0,False
0,0.0,0,0.0,0.0,0.0,0.0,0.0,,,,,1,0,0,0,0.0,False
18,4.0,0,38.56,0.0,5.0,2.0,1.0,,,,,1,0,0,0,0.0,False
0,0.0,0,0.0,0.0,0.0,0.0,0.0,0.0,0.0,0.0,0.0,0,0,0,1,0.0,False
0,0.0,0,0.0,0.0,0.0,0.0,0.0,0.0,0.0,0.0,0.0,0,1,0,0,0.0,False
0,0.0,0,0.0,0.0,0.0,0.0,0.0,0.0,0.0,0.0,0.0,0,0,0,1,0.0,False
20,7.0,0,41.65,0.0,5.0,0.0,0.0,22.0,8.0,36.0,1.0,0,0,0,1,0.0,False
0,0.0,0,0.0,0.0,0.0,0.0,0.0,0.0,0.0,0.0,0.0,0,0,0,1,0.0,False
30,9.0,3,31.43,2.0,165.0,6.0,0.0,29.0,6.0,21.0,1.0,0,0,0,1,0.1,False
0,0.0,0,0.0,0.0,0.0,0.0,0.0,0.0,0.0,0.0,0.0,0,0,0,1,0.0,False
29,13.0,1,60.17,1.0,27.0,1.0,0.0,31.0,3.0,10.0,0.0,0,0,0,1,0.034482758620689655,False
0,0.0,0,0.0,0.0,0.0,0.0,0.0,,,,,1,0,0,0,0.0,False
0,0.0,0,0.0,0.0,0.0,0.0,0.0,0.0,0.0,0.0,0.0,0,1,0,0,0.0,False
0,0.0,0,0.0,0.0,0.0,0.0,0.0,,,,,1,0,0,0,0.0,False
0,0.0,0,0.0,0.0,0.0,0.0,0.0,0.0,0.0,0.0,0.0,0,0,0,1,0.0,False
0,0.0,0,0.0,0.0,0.0,0.0,0.0,0.0,0.0,0.0,0.0,0,1,0,0,0.0,False
0,,0,0.0,0.0,,,0.0,,,,,0,0,1,0,0.0,False
0,0.0,0,0.0,0.0,0.0,0.0,0.0,,,,,1,0,0,0,0.0,False
2,0.0,0,4.0,0.0,0.0,0.0,0.0,0.0,0.0,0.0,0.0,0,0,0,1,0.0,False
0,0.0,0,0.0,0.0,0.0,0.0,0.0,,,,,1,0,0,0,0.0,False
8,0.0,0,27.25,0.0,15.0,0.0,0.0,,,,,1,0,0,0,0.0,False
0,0.0,0,0.0,0.0,0.0,0.0,0.0,,,,,1,0,0,0,0.0,False
1,0.0,0,14.0,0.0,1.0,0.0,0.0,,,,,1,0,0,0,0.0,False
0,0.0,0,0.0,0.0,0.0,0.0,0.0,,,,,1,0,0,0,0.0,False
0,0.0,0,0.0,0.0,0.0,0.0,0.0,0.0,0.0,0.0,0.0,0,0,0,1,0.0,False
0,0.0,0,0.0,0.0,0.0,0.0,0.0,0.0,0.0,0.0,0.0,0,1,0,0,0.0,False
0,0.0,0,0.0,0.0,0.0,0.0,0.0,,,,,1,0,0,0,0.0,False
0,0.0,0,0.0,0.0,0.0,0.0,0.0,0.0,0.0,0.0,0.0,0,1,0,0,0.0,False
36,47.0,15,54.92,16.0,245.0,2.0,5.0,133.0,45.0,34.0,3.0,0,0,0,1,0.4166666666666667,False
11,0.0,0,47.82,0.0,0.0,1.0,0.0,,,,,1,0,0,0,0.0,False
11,0.0,0,25.36,1.0,17.0,0.0,0.0,3.0,0.0,0.0,0.0,0,0,0,1,0.0,False
31,2.0,1,30.39,0.0,9.0,0.0,0.0,,,,,1,0,0,0,0.03225806451612903,False
37,,0,25.08,0.0,,,0.0,,,,,0,0,1,0,0.0,False
24,1.0,0,29.54,0.0,70.0,4.0,0.0,,,,,1,0,0,0,0.0,False
29,5.0,12,45.72,11.0,85.0,0.0,2.0,26.0,9.0,35.0,0.0,0,0,0,1,0.41379310344827586,False
0,0.0,0,0.0,0.0,0.0,0.0,0.0,0.0,0.0,0.0,0.0,0,1,0,0,0.0,False
0,0.0,0,0.0,0.0,0.0,0.0,0.0,,,,,1,0,0,0,0.0,False
2,,0,27.0,0.0,,,0.0,,,,,0,0,1,0,0.0,False
21,6.0,3,17.9,2.0,64.0,1.0,0.0,20.0,7.0,35.0,0.0,0,0,0,1,0.14285714285714285,False
28,5.0,0,37.75,0.0,4.0,3.0,1.0,23.0,7.0,30.0,2.0,0,0,0,1,0.0,False
34,8.0,2,36.18,1.0,13.0,1.0,0.0,36.0,11.0,31.0,1.0,0,0,0,1,0.058823529411764705,False
28,13.0,0,16.89,0.0,11.0,1.0,1.0,20.0,4.0,20.0,0.0,0,0,0,1,0.0,False
27,3.0,2,41.96,1.0,5.0,0.0,0.0,,,,,1,0,0,0,0.07407407407407407,False
32,9.0,1,68.13,2.0,23.0,1.0,0.0,36.0,11.0,31.0,4.0,0,0,0,1,0.03125,False
15,1.0,0,24.67,0.0,0.0,0.0,0.0,2.0,0.0,0.0,0.0,0,0,0,1,0.0,False
8,0.0,0,13.13,0.0,7.0,0.0,0.0,1.0,0.0,0.0,0.0,0,0,0,1,0.0,False
13,7.0,3,11.23,3.0,16.0,3.0,1.0,12.0,2.0,17.0,0.0,0,1,0,0,0.23076923076923078,False
0,0.0,0,0.0,0.0,0.0,0.0,0.0,,,,,1,0,0,0,0.0,False
10,0.0,0,11.2,0.0,1.0,0.0,0.0,1.0,1.0,100.0,0.0,0,0,0,1,0.0,False
6,0.0,0,22.67,0.0,4.0,0.0,0.0,,,,,1,0,0,0,0.0,False
0,0.0,0,0.0,0.0,0.0,0.0,0.0,,,,,1,0,0,0,0.0,False
0,0.0,0,0.0,0.0,0.0,0.0,0.0,0.0,0.0,0.0,0.0,0,1,0,0,0.0,False
0,0.0,0,0.0,0.0,0.0,0.0,0.0,0.0,0.0,0.0,0.0,0,0,0,1,0.0,False
1,0.0,0,3.0,0.0,0.0,0.0,0.0,0.0,0.0,0.0,0.0,0,1,0,0,0.0,False
34,9.0,1,39.79,3.0,51.0,1.0,0.0,28.0,6.0,21.0,2.0,0,0,0,1,0.029411764705882353,False
38,,0,22.61,0.0,,,0.0,,,,,0,0,1,0,0.0,False
38,,0,29.45,0.0,,,0.0,,,,,0,0,1,0,0.0,False
4,1.0,0,10.25,0.0,0.0,0.0,0.0,,,,,1,0,0,0,0.0,False
34,3.0,1,48.71,2.0,66.0,0.0,0.0,,,,,1,0,0,0,0.029411764705882353,False
28,3.0,5,23.93,5.0,122.0,2.0,0.0,24.0,12.0,50.0,0.0,0,0,0,1,0.17857142857142858,False
0,0.0,0,0.0,0.0,0.0,0.0,0.0,0.0,0.0,0.0,0.0,0,1,0,0,0.0,False
24,7.0,2,32.5,1.0,37.0,0.0,0.0,,,,,1,0,0,0,0.08333333333333333,False
0,0.0,0,0.0,0.0,0.0,0.0,0.0,0.0,0.0,0.0,0.0,1,0,0,0,0.0,False
8,0.0,1,8.75,1.0,9.0,0.0,0.0,,,,,1,0,0,0,0.125,False
36,4.0,4,35.94,4.0,96.0,1.0,1.0,,,,,1,0,0,0,0.1111111111111111,False
11,2.0,0,29.36,0.0,5.0,0.0,0.0,3.0,0.0,0.0,0.0,0,0,0,1,0.0,False
23,2.0,1,34.52,2.0,5.0,1.0,0.0,,,,,1,0,0,0,0.043478260869565216,False
11,9.0,0,10.64,0.0,3.0,10.0,0.0,29.0,11.0,38.0,3.0,0,1,0,0,0.0,False
10,3.0,4,24.2,3.0,2.0,9.0,0.0,24.0,13.0,54.0,3.0,0,1,0,0,0.4,False
19,1.0,0,45.89,0.0,8.0,0.0,0.0,,,,,1,0,0,0,0.0,False
0,0.0,0,0.0,0.0,0.0,0.0,0.0,0.0,0.0,0.0,0.0,0,1,0,0,0.0,False
3,1.0,0,19.67,0.0,3.0,0.0,0.0,,,,,1,0,0,0,0.0,False
0,0.0,0,0.0,0.0,0.0,0.0,0.0,,,,,1,0,0,0,0.0,False
0,0.0,0,0.0,0.0,0.0,0.0,0.0,,,,,1,0,0,0,0.0,False
0,0.0,0,0.0,0.0,0.0,0.0,0.0,,,,,1,0,0,0,0.0,False
0,0.0,0,0.0,0.0,0.0,0.0,0.0,0.0,0.0,0.0,0.0,0,1,0,0,0.0,False
0,,0,0.0,0.0,,,0.0,,,,,0,0,1,0,0.0,False
0,,0,0.0,0.0,,,0.0,,,,,0,0,1,0,0.0,False
16,2.0,0,13.63,1.0,2.0,3.0,1.0,16.0,5.0,31.0,1.0,0,1,0,0,0.0,False
11,1.0,1,33.82,0.0,31.0,0.0,1.0,,,,,1,0,0,0,0.09090909090909091,False
12,1.0,0,32.25,0.0,11.0,0.0,0.0,6.0,0.0,0.0,0.0,0,0,0,1,0.0,False
0,0.0,0,0.0,0.0,0.0,0.0,0.0,0.0,0.0,0.0,0.0,0,1,0,0,0.0,False
0,,0,0.0,0.0,,,0.0,,,,,0,0,1,0,0.0,False
0,,0,0.0,0.0,,,0.0,,,,,0,0,1,0,0.0,False
29,5.0,3,12.72,2.0,3.0,12.0,1.0,39.0,20.0,51.0,3.0,0,1,0,0,0.10344827586206896,True
5,,0,26.4,0.0,,,0.0,,,,,0,0,1,0,0.0,False
0,0.0,0,0.0,0.0,0.0,0.0,0.0,0.0,0.0,0.0,0.0,0,0,0,1,0.0,False
0,0.0,0,0.0,0.0,0.0,0.0,0.0,0.0,0.0,0.0,0.0,0,1,0,0,0.0,False
0,0.0,0,0.0,0.0,0.0,0.0,0.0,,,,,1,0,0,0,0.0,False
0,0.0,0,0.0,0.0,0.0,0.0,0.0,0.0,0.0,0.0,0.0,0,1,0,0,0.0,False
11,3.0,0,9.0,0.0,13.0,0.0,0.0,3.0,0.0,0.0,0.0,0,0,0,1,0.0,False
0,0.0,0,0.0,0.0,0.0,0.0,0.0,0.0,0.0,0.0,0.0,0,1,0,0,0.0,False
0,0.0,0,0.0,0.0,0.0,0.0,0.0,0.0,0.0,0.0,0.0,0,1,0,0,0.0,False
27,3.0,0,30.56,1.0,7.0,1.0,0.0,16.0,4.0,25.0,0.0,0,0,0,1,0.0,False
0,0.0,0,0.0,0.0,0.0,0.0,0.0,0.0,0.0,0.0,0.0,0,0,0,1,0.0,False
3,0.0,1,6.33,0.0,1.0,0.0,0.0,1.0,1.0,100.0,0.0,0,1,0,0,0.3333333333333333,False
11,2.0,0,4.91,0.0,8.0,2.0,0.0,5.0,2.0,40.0,0.0,0,1,0,0,0.0,False
28,,0,31.46,0.0,,,0.0,,,,,0,0,1,0,0.0,False
32,10.0,3,11.63,2.0,26.0,35.0,0.0,47.0,19.0,40.0,6.0,0,1,0,0,0.09375,False
0,0.0,0,0.0,0.0,0.0,0.0,0.0,0.0,0.0,0.0,0.0,0,0,0,1,0.0,False
0,0.0,0,0.0,0.0,0.0,0.0,0.0,0.0,0.0,0.0,0.0,0,0,0,1,0.0,False
0,,0,0.0,0.0,,,0.0,,,,,0,0,1,0,0.0,False
0,0.0,0,0.0,0.0,0.0,0.0,0.0,0.0,0.0,0.0,0.0,0,0,0,1,0.0,False
15,4.0,4,16.73,5.0,84.0,6.0,1.0,24.0,7.0,29.0,1.0,0,0,0,1,0.26666666666666666,False
5,0.0,0,6.6,0.0,0.0,0.0,0.0,4.0,2.0,50.0,0.0,0,0,0,1,0.0,False
20,4.0,2,14.7,1.0,72.0,1.0,2.0,17.0,8.0,47.0,0.0,0,0,0,1,0.1,False
17,5.0,1,23.12,1.0,30.0,1.0,0.0,15.0,3.0,20.0,0.0,0,0,0,1,0.058823529411764705,False
33,10.0,1,57.12,2.0,12.0,0.0,1.0,25.0,6.0,24.0,2.0,0,0,0,1,0.030303030303030304,False
10,6.0,1,50.5,1.0,7.0,0.0,0.0,16.0,4.0,25.0,0.0,0,0,0,1,0.1,False
0,,0,0.0,0.0,,,0.0,,,,,0,0,1,0,0.0,False
10,,0,29.7,0.0,,,0.0,,,,,0,0,1,0,0.0,False
0,,0,0.0,0.0,,,0.0,,,,,0,0,1,0,0.0,False
0,0.0,0,0.0,0.0,0.0,0.0,0.0,0.0,0.0,0.0,0.0,0,0,0,1,0.0,False
0,0.0,0,0.0,0.0,0.0,0.0,0.0,,,,,1,0,0,0,0.0,False
0,0.0,0,0.0,0.0,0.0,0.0,0.0,,,,,1,0,0,0,0.0,False
0,,0,0.0,0.0,,,0.0,,,,,0,0,1,0,0.0,False
0,0.0,0,0.0,0.0,0.0,0.0,0.0,0.0,0.0,0.0,0.0,0,1,0,0,0.0,False
1,0.0,0,41.0,0.0,4.0,0.0,0.0,2.0,1.0,50.0,0.0,0,0,0,1,0.0,False
0,,0,0.0,0.0,,,0.0,,,,,0,0,1,0,0.0,False
0,,0,0.0,0.0,,,0.0,,,,,0,0,1,0,0.0,False
36,17.0,5,48.61,3.0,84.0,8.0,0.0,77.0,33.0,43.0,9.0,0,1,0,0,0.1388888888888889,True
35,,0,32.2,0.0,,,0.0,,,,,0,0,1,0,0.0,False
0,0.0,0,0.0,0.0,0.0,0.0,0.0,,,,,1,0,0,0,0.0,False
24,4.0,4,85.71,3.0,65.0,0.0,0.0,17.0,4.0,24.0,1.0,0,0,0,1,0.16666666666666666,False
32,12.0,1,31.38,0.0,17.0,4.0,0.0,31.0,6.0,19.0,1.0,0,0,0,1,0.03125,False
0,0.0,0,0.0,0.0,0.0,0.0,0.0,,,,,1,0,0,0,0.0,False
0,0.0,0,0.0,0.0,0.0,0.0,0.0,0.0,0.0,0.0,0.0,0,1,0,0,0.0,False
29,,0,27.9,0.0,,,0.0,,,,,0,0,1,0,0.0,False
0,0.0,0,0.0,0.0,0.0,0.0,0.0,0.0,0.0,0.0,0.0,0,1,0,0,0.0,False
15,2.0,0,12.13,0.0,12.0,1.0,0.0,3.0,0.0,0.0,0.0,0,0,0,1,0.0,False
0,0.0,0,0.0,0.0,0.0,0.0,0.0,,,,,1,0,0,0,0.0,False
24,6.0,3,10.5,1.0,1.0,11.0,0.0,39.0,18.0,46.0,2.0,0,1,0,0,0.125,False
31,15.0,6,67.39,5.0,50.0,0.0,2.0,38.0,6.0,16.0,1.0,0,0,0,1,0.1935483870967742,False
0,0.0,0,0.0,0.0,0.0,0.0,0.0,0.0,0.0,0.0,0.0,0,0,0,1,0.0,False
38,,0,27.21,0.0,,,0.0,,,,,0,0,1,0,0.0,False
0,,0,0.0,0.0,,,0.0,,,,,0,0,1,0,0.0,False
0,0.0,0,0.0,0.0,0.0,0.0,0.0,,,,,1,0,0,0,0.0,False
0,0.0,0,0.0,0.0,0.0,0.0,0.0,0.0,0.0,0.0,0.0,0,0,0,1,0.0,False
0,0.0,0,0.0,0.0,0.0,0.0,0.0,,,,,1,0,0,0,0.0,False
9,2.0,0,51.67,0.0,2.0,0.0,0.0,,,,,1,0,0,0,0.0,False
33,11.0,4,35.09,3.0,164.0,1.0,0.0,,,,,1,0,0,0,0.12121212121212122,False
18,1.0,1,35.72,3.0,48.0,0.0,0.0,,,,,1,0,0,0,0.05555555555555555,False
0,0.0,0,0.0,0.0,0.0,0.0,0.0,0.0,0.0,0.0,0.0,0,0,0,1,0.0,False
0,,0,0.0,0.0,,,0.0,,,,,0,0,1,0,0.0,False
5,0.0,0,21.6,0.0,9.0,2.0,0.0,2.0,1.0,50.0,1.0,0,0,0,1,0.0,False
0,0.0,0,0.0,0.0,0.0,0.0,0.0,,,,,1,0,0,0,0.0,False
0,,0,0.0,0.0,,,0.0,,,,,0,0,1,0,0.0,False
0,,0,0.0,0.0,,,0.0,,,,,0,0,1,0,0.0,False
31,4.0,0,40.06,1.0,12.0,1.0,0.0,21.0,7.0,33.0,0.0,0,0,0,1,0.0,False
0,0.0,0,0.0,0.0,0.0,0.0,0.0,,,,,1,0,0,0,0.0,False
1,0.0,0,28.0,0.0,0.0,0.0,0.0,,,,,1,0,0,0,0.0,False
0,0.0,0,0.0,0.0,0.0,0.0,0.0,0.0,0.0,0.0,0.0,0,0,0,1,0.0,False
33,10.0,2,21.24,3.0,0.0,0.0,1.0,,,,,1,0,0,0,0.06060606060606061,False
0,0.0,0,0.0,0.0,0.0,0.0,0.0,0.0,0.0,0.0,0.0,0,0,0,1,0.0,False
22,9.0,0,45.5,0.0,20.0,0.0,2.0,28.0,4.0,14.0,1.0,0,0,0,1,0.0,False
25,10.0,0,15.12,0.0,43.0,1.0,0.0,15.0,1.0,7.0,0.0,0,0,0,1,0.0,False
28,32.0,5,37.18,8.0,18.0,37.0,1.0,115.0,46.0,40.0,18.0,0,1,0,0,0.17857142857142858,True
18,11.0,1,16.44,0.0,5.0,9.0,0.0,37.0,10.0,27.0,4.0,0,1,0,0,0.05555555555555555,False
20,11.0,3,9.6,3.0,4.0,6.0,0.0,22.0,7.0,32.0,3.0,0,1,0,0,0.15,False
0,,0,0.0,0.0,,,0.0,,,,,0,0,1,0,0.0,False
12,1.0,0,32.0,0.0,8.0,0.0,1.0,9.0,0.0,0.0,0.0,0,0,0,1,0.0,False
0,0.0,0,0.0,0.0,0.0,0.0,0.0,0.0,0.0,0.0,0.0,0,1,0,0,0.0,False
0,0.0,0,0.0,0.0,0.0,0.0,0.0,0.0,0.0,0.0,0.0,0,0,0,1,0.0,False
0,0.0,0,0.0,0.0,0.0,0.0,0.0,,,,,1,0,0,0,0.0,False
0,0.0,0,0.0,0.0,0.0,0.0,0.0,0.0,0.0,0.0,0.0,0,0,0,1,0.0,False
19,4.0,1,6.89,0.0,13.0,1.0,0.0,14.0,7.0,50.0,3.0,0,1,0,0,0.05263157894736842,False
0,0.0,0,0.0,0.0,0.0,0.0,0.0,0.0,0.0,0.0,0.0,0,0,0,1,0.0,False
0,0.0,0,0.0,0.0,0.0,0.0,0.0,0.0,0.0,0.0,0.0,0,1,0,0,0.0,False
13,2.0,0,25.31,0.0,23.0,2.0,0.0,,,,,1,0,0,0,0.0,False
26,17.0,3,34.46,2.0,18.0,3.0,0.0,39.0,11.0,28.0,2.0,0,1,0,0,0.11538461538461539,False
0,0.0,0,0.0,0.0,0.0,0.0,0.0,0.0,0.0,0.0,0.0,0,0,0,1,0.0,False
27,2.0,2,45.04,1.0,1.0,0.0,0.0,,,,,1,0,0,0,0.07407407407407407,False
0,0.0,0,0.0,0.0,0.0,0.0,0.0,,,,,1,0,0,0,0.0,False
22,,0,28.91,0.0,,,0.0,,,,,0,0,1,0,0.0,False
1,0.0,0,0.0,0.0,0.0,0.0,0.0,0.0,0.0,0.0,0.0,0,0,0,1,0.0,False
27,7.0,1,22.37,2.0,52.0,5.0,1.0,,,,,1,0,0,0,0.037037037037037035,False
27,5.0,2,8.33,2.0,10.0,8.0,1.0,30.0,14.0,47.0,5.0,0,1,0,0,0.07407407407407407,False
25,11.0,3,14.24,1.0,66.0,3.0,0.0,26.0,7.0,27.0,0.0,0,0,0,1,0.12,False
0,0.0,0,0.0,0.0,0.0,0.0,0.0,0.0,0.0,0.0,0.0,0,0,0,1,0.0,False
1,0.0,0,68.0,0.0,1.0,0.0,0.0,0.0,0.0,0.0,0.0,0,0,0,1,0.0,False
1,0.0,0,35.0,0.0,3.0,0.0,0.0,,,,,1,0,0,0,0.0,False
0,0.0,0,0.0,0.0,0.0,0.0,0.0,,,,,1,0,0,0,0.0,False
0,0.0,0,0.0,0.0,0.0,0.0,0.0,0.0,0.0,0.0,0.0,0,0,0,1,0.0,False
1,,0,27.0,0.0,,,0.0,,,,,0,0,1,0,0.0,False
0,0.0,0,0.0,0.0,0.0,0.0,0.0,0.0,0.0,0.0,0.0,0,0,0,1,0.0,False
23,4.0,0,32.17,3.0,32.0,0.0,0.0,,,,,1,0,0,0,0.0,False
0,,0,0.0,0.0,,,0.0,,,,,0,0,1,0,0.0,False
0,0.0,0,0.0,0.0,0.0,0.0,0.0,0.0,0.0,0.0,0.0,0,0,0,1,0.0,False
1,0.0,0,37.0,0.0,11.0,0.0,0.0,0.0,0.0,0.0,0.0,0,0,0,1,0.0,False
0,0.0,0,0.0,0.0,0.0,0.0,0.0,,,,,1,0,0,0,0.0,False
17,0.0,0,38.71,0.0,0.0,0.0,0.0,,,,,1,0,0,0,0.0,False
0,0.0,0,0.0,0.0,0.0,0.0,0.0,0.0,0.0,0.0,0.0,0,0,0,1,0.0,False
0,0.0,0,0.0,0.0,0.0,0.0,0.0,,,,,1,0,0,0,0.0,False
33,4.0,0,48.61,0.0,5.0,0.0,0.0,,,,,1,0,0,0,0.0,False
0,0.0,0,0.0,0.0,0.0,0.0,0.0,0.0,0.0,0.0,0.0,0,1,0,0,0.0,False
0,0.0,0,0.0,0.0,0.0,0.0,0.0,0.0,0.0,0.0,0.0,0,0,0,1,0.0,False
0,0.0,0,0.0,0.0,0.0,0.0,0.0,,,,,1,0,0,0,0.0,False
0,0.0,0,0.0,0.0,0.0,0.0,0.0,0.0,0.0,0.0,0.0,0,1,0,0,0.0,False
0,0.0,0,0.0,0.0,0.0,0.0,0.0,0.0,0.0,0.0,0.0,0,0,0,1,0.0,False
2,0.0,0,3.5,0.0,0.0,0.0,0.0,0.0,0.0,0.0,0.0,0,1,0,0,0.0,False
16,2.0,0,14.88,0.0,10.0,0.0,0.0,,,,,1,0,0,0,0.0,False
23,3.0,0,30.48,0.0,13.0,0.0,1.0,,,,,1,0,0,0,0.0,False
1,0.0,0,10.0,0.0,2.0,0.0,0.0,0.0,0.0,0.0,0.0,0,0,0,1,0.0,False
0,0.0,0,0.0,0.0,0.0,0.0,0.0,,,,,1,0,0,0,0.0,False
0,0.0,0,0.0,0.0,0.0,0.0,0.0,0.0,0.0,0.0,0.0,0,0,0,1,0.0,False
35,10.0,1,60.63,2.0,10.0,0.0,0.0,27.0,7.0,26.0,2.0,0,0,0,1,0.02857142857142857,False
0,0.0,0,0.0,0.0,0.0,0.0,0.0,0.0,0.0,0.0,0.0,0,0,0,1,0.0,False
10,,0,26.8,0.0,,,0.0,,,,,0,0,1,0,0.0,False
35,8.0,1,32.2,1.0,3.0,1.0,1.0,,,,,1,0,0,0,0.02857142857142857,False
0,,0,0.0,0.0,,,0.0,,,,,0,0,1,0,0.0,False
29,2.0,2,21.59,0.0,36.0,0.0,1.0,,,,,1,0,0,0,0.06896551724137931,False
0,0.0,0,0.0,0.0,0.0,0.0,0.0,0.0,0.0,0.0,0.0,0,0,0,1,0.0,False
2,3.0,0,14.5,0.0,2.0,0.0,0.0,3.0,0.0,0.0,0.0,0,1,0,0,0.0,False
1,0.0,0,9.0,0.0,4.0,0.0,0.0,,,,,1,0,0,0,0.0,False
0,0.0,0,0.0,0.0,0.0,0.0,0.0,0.0,0.0,0.0,0.0,0,1,0,0,0.0,False
21,5.0,0,15.14,2.0,67.0,7.0,0.0,23.0,10.0,43.0,1.0,0,0,0,1,0.0,False
23,2.0,1,29.87,0.0,9.0,1.0,0.0,9.0,1.0,11.0,0.0,0,0,0,1,0.043478260869565216,False
5,0.0,0,5.6,0.0,13.0,0.0,0.0,1.0,0.0,0.0,1.0,0,0,0,1,0.0,False
36,15.0,2,19.86,3.0,42.0,5.0,2.0,67.0,31.0,46.0,4.0,0,1,0,0,0.05555555555555555,True
13,0.0,0,33.38,0.0,47.0,0.0,0.0,,,,,1,0,0,0,0.0,False
7,1.0,0,28.43,0.0,1.0,0.0,0.0,3.0,0.0,0.0,0.0,0,0,0,1,0.0,False
20,1.0,0,46.9,0.0,1.0,0.0,0.0,,,,,1,0,0,0,0.0,False
29,7.0,1,64.1,1.0,27.0,0.0,0.0,,,,,1,0,0,0,0.034482758620689655,False
0,0.0,0,0.0,0.0,0.0,0.0,0.0,,,,,1,0,0,0,0.0,False
11,1.0,0,50.64,1.0,1.0,0.0,1.0,,,,,1,0,0,0,0.0,False
6,0.0,0,5.33,0.0,0.0,0.0,0.0,3.0,2.0,67.0,0.0,0,1,0,0,0.0,False
0,,0,0.0,0.0,,,0.0,,,,,0,0,1,0,0.0,False
33,3.0,0,50.52,0.0,3.0,2.0,0.0,,,,,1,0,0,0,0.0,False
31,4.0,0,34.55,0.0,15.0,2.0,1.0,21.0,4.0,19.0,0.0,0,0,0,1,0.0,False
0,,0,0.0,0.0,,,0.0,,,,,0,0,1,0,0.0,False
0,0.0,0,0.0,0.0,0.0,0.0,0.0,0.0,0.0,0.0,0.0,0,0,0,1,0.0,False
0,0.0,0,0.0,0.0,0.0,0.0,0.0,,,,,1,0,0,0,0.0,False
31,21.0,7,45.39,4.0,48.0,12.0,2.0,50.0,20.0,40.0,2.0,0,0,0,1,0.22580645161290322,False
1,2.0,0,10.0,0.0,0.0,0.0,0.0,2.0,0.0,0.0,0.0,0,1,0,0,0.0,False
9,6.0,1,33.89,1.0,26.0,1.0,2.0,18.0,7.0,39.0,1.0,0,0,0,1,0.1111111111111111,False
35,15.0,2,45.17,5.0,72.0,7.0,1.0,69.0,21.0,30.0,1.0,0,0,0,1,0.05714285714285714,False
21,6.0,1,30.57,2.0,71.0,0.0,0.0,16.0,3.0,19.0,0.0,0,0,0,1,0.047619047619047616,False
0,0.0,0,0.0,0.0,0.0,0.0,0.0,0.0,0.0,0.0,0.0,0,1,0,0,0.0,False
13,4.0,0,26.15,0.0,17.0,0.0,0.0,13.0,3.0,23.0,0.0,0,0,0,1,0.0,False
0,0.0,0,0.0,0.0,0.0,0.0,0.0,0.0,0.0,0.0,0.0,0,1,0,0,0.0,False
0,0.0,0,0.0,0.0,0.0,0.0,0.0,,,,,0,0,0,1,0.0,False
18,1.0,0,31.28,0.0,7.0,0.0,0.0,3.0,1.0,33.0,0.0,0,0,0,1,0.0,False
0,0.0,0,0.0,0.0,0.0,0.0,0.0,,,,,1,0,0,0,0.0,False
15,0.0,1,13.27,2.0,14.0,0.0,0.0,4.0,2.0,50.0,0.0,0,0,0,1,0.06666666666666667,False
9,0.0,1,1.78,0.0,11.0,0.0,0.0,0.0,0.0,0.0,0.0,0,0,0,1,0.1111111111111111,False
0,0.0,0,0.0,0.0,0.0,0.0,0.0,,,,,1,0,0,0,0.0,False
11,3.0,1,12.18,1.0,11.0,0.0,0.0,5.0,0.0,0.0,0.0,0,0,0,1,0.09090909090909091,False
2,3.0,0,10.0,0.0,2.0,0.0,0.0,3.0,0.0,0.0,0.0,0,0,0,1,0.0,False
2,0.0,0,17.0,0.0,0.0,0.0,0.0,,,,,1,0,0,0,0.0,False
1,0.0,1,6.0,0.0,0.0,0.0,0.0,0.0,0.0,0.0,0.0,0,0,0,1,1.0,False
0,,0,0.0,0.0,,,0.0,,,,,0,0,1,0,0.0,False
6,1.0,2,46.5,1.0,2.0,0.0,0.0,5.0,2.0,40.0,0.0,0,0,0,1,0.3333333333333333,False
25,12.0,2,29.08,6.0,25.0,4.0,2.0,37.0,13.0,35.0,4.0,0,0,0,1,0.08,False
37,10.0,1,43.41,2.0,7.0,1.0,0.0,33.0,7.0,21.0,0.0,0,0,0,1,0.02702702702702703,False
33,7.0,1,27.27,2.0,8.0,12.0,2.0,52.0,26.0,50.0,5.0,0,1,0,0,0.030303030303030304,True
34,,0,31.18,0.0,,,0.0,,,,,0,0,1,0,0.0,False
6,0.0,0,4.17,0.0,0.0,0.0,0.0,1.0,1.0,100.0,0.0,0,0,0,1,0.0,False
3,0.0,0,36.0,0.0,0.0,0.0,0.0,,,,,1,0,0,0,0.0,False
8,3.0,0,11.75,0.0,1.0,2.0,0.0,16.0,6.0,38.0,1.0,0,1,0,0,0.0,False
0,,0,0.0,0.0,,,0.0,,,,,0,0,1,0,0.0,False
12,1.0,1,17.92,1.0,20.0,0.0,0.0,,,,,1,0,0,0,0.08333333333333333,False
29,3.0,1,69.0,0.0,7.0,1.0,1.0,,,,,1,0,0,0,0.034482758620689655,False
36,0.0,2,30.17,2.0,115.0,0.0,0.0,,,,,1,0,0,0,0.05555555555555555,False
24,2.0,3,36.96,1.0,5.0,0.0,0.0,8.0,1.0,13.0,1.0,0,0,0,1,0.125,False
0,0.0,0,0.0,0.0,0.0,0.0,0.0,0.0,0.0,0.0,0.0,0,1,0,0,0.0,False
0,0.0,0,0.0,0.0,0.0,0.0,0.0,0.0,0.0,0.0,0.0,0,0,0,1,0.0,False
37,24.0,6,26.08,8.0,45.0,36.0,3.0,110.0,55.0,50.0,8.0,0,1,0,0,0.16216216216216217,True
0,0.0,0,0.0,0.0,0.0,0.0,0.0,0.0,0.0,0.0,0.0,0,0,0,1,0.0,False
0,,0,0.0,0.0,,,0.0,,,,,0,0,1,0,0.0,False
0,,0,0.0,0.0,,,0.0,,,,,0,0,1,0,0.0,False
0,0.0,0,0.0,0.0,0.0,0.0,0.0,,,,,1,0,0,0,0.0,False
29,5.0,2,40.76,1.0,15.0,3.0,1.0,,,,,1,0,0,0,0.06896551724137931,False
36,29.0,3,29.58,10.0,154.0,8.0,2.0,76.0,29.0,38.0,5.0,0,1,0,0,0.08333333333333333,False
1,0.0,0,4.0,0.0,0.0,0.0,0.0,0.0,0.0,0.0,0.0,0,0,0,1,0.0,False
0,0.0,0,0.0,0.0,0.0,0.0,0.0,0.0,0.0,0.0,0.0,0,1,0,0,0.0,False
0,0.0,0,0.0,0.0,0.0,0.0,0.0,0.0,0.0,0.0,0.0,0,0,0,1,0.0,False
9,1.0,2,12.33,1.0,12.0,0.0,0.0,3.0,1.0,33.0,0.0,0,0,0,1,0.2222222222222222,False
9,,0,29.11,0.0,,,0.0,,,,,0,0,1,0,0.0,False
0,0.0,0,0.0,0.0,0.0,0.0,0.0,0.0,0.0,0.0,0.0,0,1,0,0,0.0,False
27,19.0,5,37.78,4.0,41.0,13.0,2.0,57.0,24.0,42.0,3.0,0,1,0,0,0.18518518518518517,True
0,0.0,0,0.0,0.0,0.0,0.0,0.0,,,,,1,0,0,0,0.0,False
0,,0,0.0,0.0,,,0.0,,,,,0,0,1,0,0.0,False
0,,0,0.0,0.0,,,0.0,,,,,0,0,1,0,0.0,False
9,,0,27.11,0.0,,,0.0,,,,,0,0,1,0,0.0,False
20,1.0,0,21.25,0.0,34.0,5.0,0.0,,,,,1,0,0,0,0.0,False
0,0.0,0,0.0,0.0,0.0,0.0,0.0,0.0,0.0,0.0,0.0,0,0,0,1,0.0,False
7,0.0,0,34.86,0.0,1.0,2.0,1.0,,,,,1,0,0,0,0.0,False
12,2.0,0,27.83,0.0,18.0,2.0,2.0,12.0,5.0,42.0,1.0,0,1,0,0,0.0,False
16,,0,25.63,0.0,,,0.0,,,,,0,0,1,0,0.0,False
25,10.0,6,24.32,7.0,56.0,6.0,2.0,42.0,18.0,43.0,1.0,0,1,0,0,0.24,False
16,,0,24.81,0.0,,,0.0,,,,,0,0,1,0,0.0,False
35,5.0,0,31.86,0.0,3.0,2.0,1.0,,,,,1,0,0,0,0.0,False
16,4.0,0,23.63,0.0,25.0,0.0,0.0,17.0,4.0,24.0,0.0,0,0,0,1,0.0,False
0,0.0,0,0.0,0.0,0.0,0.0,0.0,0.0,0.0,0.0,0.0,0,0,0,1,0.0,False
0,0.0,0,0.0,0.0,0.0,0.0,0.0,,,,,1,0,0,0,0.0,False
13,1.0,1,36.0,1.0,30.0,0.0,0.0,,,,,1,0,0,0,0.07692307692307693,False
25,8.0,3,39.6,4.0,93.0,9.0,1.0,40.0,21.0,53.0,5.0,0,0,0,1,0.12,False
35,7.0,7,53.29,4.0,8.0,1.0,0.0,20.0,7.0,35.0,0.0,0,0,0,1,0.2,False
29,8.0,0,58.59,0.0,5.0,0.0,3.0,,,,,1,0,0,0,0.0,False
0,0.0,0,0.0,0.0,0.0,0.0,0.0,,,,,1,0,0,0,0.0,False
0,0.0,0,0.0,0.0,0.0,0.0,0.0,0.0,0.0,0.0,0.0,0,1,0,0,0.0,False
0,0.0,0,0.0,0.0,0.0,0.0,0.0,,,,,1,0,0,0,0.0,False
0,0.0,0,0.0,0.0,0.0,0.0,0.0,,,,,1,0,0,0,0.0,False
27,4.0,0,45.11,1.0,1.0,0.0,2.0,,,,,1,0,0,0,0.0,False
12,3.0,1,14.33,0.0,3.0,12.0,1.0,14.0,4.0,29.0,2.0,0,1,0,0,0.08333333333333333,False
0,0.0,0,0.0,0.0,0.0,0.0,0.0,0.0,0.0,0.0,0.0,0,1,0,0,0.0,False
29,6.0,3,29.45,3.0,26.0,4.0,0.0,23.0,6.0,26.0,0.0,0,0,0,1,0.10344827586206896,False
36,1.0,1,20.61,0.0,4.0,0.0,2.0,,,,,1,0,0,0,0.027777777777777776,False
5,0.0,0,6.6,0.0,1.0,0.0,0.0,2.0,1.0,50.0,0.0,0,1,0,0,0.0,False
0,,0,0.0,0.0,,,0.0,,,,,0,0,1,0,0.0,False
34,7.0,2,10.29,3.0,97.0,6.0,1.0,23.0,13.0,57.0,0.0,0,0,0,1,0.058823529411764705,False
0,0.0,0,0.0,0.0,0.0,0.0,0.0,0.0,0.0,0.0,0.0,0,0,0,1,0.0,False
0,,0,0.0,0.0,,,0.0,,,,,0,0,1,0,0.0,False
0,,0,0.0,0.0,,,0.0,,,,,0,0,1,0,0.0,False
0,0.0,0,0.0,0.0,0.0,0.0,0.0,0.0,0.0,0.0,0.0,0,0,0,1,0.0,False
9,0.0,0,12.89,0.0,6.0,0.0,0.0,1.0,0.0,0.0,0.0,0,0,0,1,0.0,False
13,0.0,0,23.15,1.0,37.0,0.0,0.0,1.0,0.0,0.0,0.0,1,0,0,0,0.0,False
2,0.0,0,28.5,0.0,1.0,0.0,0.0,1.0,1.0,100.0,0.0,0,0,0,1,0.0,False
34,2.0,0,33.65,1.0,4.0,0.0,1.0,,,,,1,0,0,0,0.0,False
0,,0,0.0,0.0,,,0.0,,,,,0,0,1,0,0.0,False
4,0.0,0,23.75,0.0,1.0,0.0,0.0,0.0,0.0,0.0,0.0,0,0,0,1,0.0,False
1,0.0,0,8.0,0.0,0.0,0.0,0.0,,,,,1,0,0,0,0.0,False
20,2.0,0,25.45,1.0,15.0,1.0,1.0,8.0,3.0,38.0,0.0,0,0,0,1,0.0,False
0,0.0,0,0.0,0.0,0.0,0.0,0.0,,,,,1,0,0,0,0.0,False
28,,0,28.79,0.0,,,0.0,,,,,0,0,1,0,0.0,False
0,,0,0.0,0.0,,,0.0,,,,,0,0,1,0,0.0,False
14,4.0,0,35.0,1.0,6.0,0.0,0.0,14.0,4.0,29.0,0.0,0,0,0,1,0.0,False
36,10.0,3,60.22,4.0,259.0,2.0,0.0,36.0,17.0,47.0,2.0,0,0,0,1,0.08333333333333333,False
7,0.0,0,43.29,1.0,1.0,0.0,0.0,,,,,1,0,0,0,0.0,False
35,20.0,6,20.57,4.0,136.0,4.0,1.0,61.0,23.0,38.0,1.0,0,0,0,1,0.17142857142857143,False
1,0.0,0,50.0,0.0,2.0,0.0,0.0,,,,,1,0,0,0,0.0,False
0,0.0,0,0.0,0.0,0.0,0.0,0.0,0.0,0.0,0.0,0.0,0,0,0,1,0.0,False
24,7.0,1,32.29,6.0,48.0,8.0,1.0,33.0,16.0,48.0,2.0,0,0,0,1,0.041666666666666664,False
0,0.0,0,0.0,0.0,0.0,0.0,0.0,0.0,0.0,0.0,0.0,0,0,0,1,0.0,False
14,5.0,1,44.0,0.0,8.0,0.0,0.0,15.0,2.0,13.0,0.0,0,0,0,1,0.07142857142857142,False
13,3.0,1,7.23,2.0,38.0,2.0,0.0,4.0,1.0,25.0,0.0,0,0,0,1,0.07692307692307693,False
0,0.0,0,0.0,0.0,0.0,0.0,0.0,,,,,1,0,0,0,0.0,False
0,0.0,0,0.0,0.0,0.0,0.0,0.0,0.0,0.0,0.0,0.0,0,0,0,1,0.0,False
0,0.0,0,0.0,0.0,0.0,0.0,0.0,0.0,0.0,0.0,0.0,0,1,0,0,0.0,False
27,5.0,0,24.19,0.0,0.0,1.0,0.0,,,,,1,0,0,0,0.0,False
31,5.0,2,24.65,1.0,22.0,2.0,0.0,23.0,8.0,35.0,2.0,0,0,0,1,0.06451612903225806,False
34,18.0,2,29.71,4.0,120.0,3.0,2.0,45.0,15.0,33.0,2.0,0,0,0,1,0.058823529411764705,False
11,3.0,0,5.73,0.0,3.0,1.0,0.0,10.0,3.0,30.0,2.0,0,1,0,0,0.0,False
10,2.0,0,30.8,0.0,8.0,0.0,1.0,,,,,1,0,0,0,0.0,False
0,0.0,0,0.0,0.0,0.0,0.0,0.0,0.0,0.0,0.0,0.0,0,1,0,0,0.0,False
21,4.0,0,10.19,2.0,26.0,1.0,0.0,17.0,6.0,35.0,1.0,0,1,0,0,0.0,False
0,0.0,0,0.0,0.0,0.0,0.0,0.0,0.0,0.0,0.0,0.0,0,0,0,1,0.0,False
26,8.0,2,60.15,1.0,20.0,1.0,2.0,,,,,1,0,0,0,0.07692307692307693,False
4,0.0,0,10.25,0.0,3.0,0.0,0.0,0.0,0.0,0.0,0.0,0,0,0,1,0.0,False
0,,0,0.0,0.0,,,0.0,,,,,0,0,1,0,0.0,False
15,3.0,0,37.53,0.0,6.0,1.0,1.0,10.0,3.0,30.0,2.0,0,0,0,1,0.0,False
0,0.0,0,0.0,0.0,0.0,0.0,0.0,0.0,0.0,0.0,0.0,0,1,0,0,0.0,False
36,4.0,2,48.69,3.0,63.0,7.0,1.0,,,,,1,0,0,0,0.05555555555555555,False
13,1.0,3,9.46,1.0,27.0,1.0,0.0,2.0,0.0,0.0,0.0,0,1,0,0,0.23076923076923078,False
1,1.0,0,11.0,0.0,0.0,0.0,0.0,3.0,1.0,33.0,1.0,0,0,0,1,0.0,False
0,0.0,0,0.0,0.0,0.0,0.0,0.0,0.0,0.0,0.0,0.0,0,1,0,0,0.0,False
31,9.0,0,44.9,1.0,79.0,0.0,0.0,,,,,1,0,0,0,0.0,False
24,2.0,0,24.25,3.0,92.0,3.0,1.0,,,,,1,0,0,0,0.0,False
31,3.0,0,32.52,1.0,38.0,4.0,0.0,16.0,5.0,31.0,1.0,0,0,0,1,0.0,False
36,19.0,4,23.94,8.0,8.0,17.0,0.0,69.0,23.0,33.0,5.0,0,1,0,0,0.1111111111111111,False
5,2.0,0,2.2,0.0,3.0,0.0,0.0,2.0,0.0,0.0,0.0,0,1,0,0,0.0,False
16,9.0,2,25.31,4.0,37.0,5.0,0.0,32.0,13.0,41.0,0.0,0,1,0,0,0.125,False
17,6.0,1,13.82,1.0,13.0,11.0,0.0,26.0,8.0,31.0,2.0,0,1,0,0,0.058823529411764705,False
0,,0,0.0,0.0,,,0.0,,,,,0,0,1,0,0.0,False
8,0.0,0,3.75,0.0,7.0,0.0,0.0,2.0,1.0,50.0,0.0,0,0,0,1,0.0,False
30,5.0,0,47.83,1.0,20.0,0.0,3.0,25.0,7.0,28.0,1.0,0,0,0,1,0.0,False
19,10.0,2,20.58,2.0,16.0,4.0,0.0,32.0,12.0,38.0,3.0,0,1,0,0,0.10526315789473684,False
1,,0,22.0,0.0,,,0.0,,,,,0,0,1,0,0.0,False
29,11.0,3,23.28,4.0,130.0,2.0,0.0,29.0,6.0,21.0,0.0,0,1,0,0,0.10344827586206896,False
16,4.0,1,25.81,1.0,9.0,0.0,0.0,,,,,1,0,0,0,0.0625,False
4,2.0,0,39.0,0.0,5.0,0.0,0.0,2.0,0.0,0.0,0.0,0,0,0,1,0.0,False
4,0.0,0,3.5,0.0,2.0,0.0,0.0,0.0,0.0,0.0,0.0,0,1,0,0,0.0,False
32,3.0,2,22.97,1.0,78.0,2.0,0.0,,,,,1,0,0,0,0.0625,False
0,,0,0.0,0.0,,,0.0,,,,,0,0,1,0,0.0,False
0,0.0,0,0.0,0.0,0.0,0.0,0.0,0.0,0.0,0.0,0.0,0,0,0,1,0.0,False
0,,0,0.0,0.0,,,0.0,,,,,0,0,1,0,0.0,False
0,0.0,0,0.0,0.0,0.0,0.0,0.0,0.0,0.0,0.0,0.0,0,0,0,1,0.0,False
3,1.0,0,17.0,0.0,1.0,0.0,0.0,1.0,0.0,0.0,0.0,0,0,0,1,0.0,False
28,0.0,1,24.5,1.0,0.0,0.0,0.0,,,,,1,0,0,0,0.03571428571428571,False
22,2.0,1,41.41,1.0,8.0,0.0,1.0,9.0,2.0,22.0,0.0,0,0,0,1,0.045454545454545456,False
0,0.0,0,0.0,0.0,0.0,0.0,0.0,0.0,0.0,0.0,0.0,0,1,0,0,0.0,False
0,0.0,0,0.0,0.0,0.0,0.0,0.0,,,,,1,0,0,0,0.0,False
20,2.0,0,40.25,0.0,4.0,0.0,0.0,,,,,1,0,0,0,0.0,False
0,0.0,0,0.0,0.0,0.0,0.0,0.0,0.0,0.0,0.0,0.0,0,0,0,1,0.0,False
19,6.0,0,12.11,2.0,5.0,11.0,1.0,27.0,12.0,44.0,1.0,0,1,0,0,0.0,False
30,8.0,1,14.6,1.0,4.0,4.0,1.0,29.0,9.0,31.0,2.0,0,1,0,0,0.03333333333333333,False
3,0.0,0,5.33,0.0,0.0,0.0,0.0,,,,,1,0,0,0,0.0,False
0,0.0,0,0.0,0.0,0.0,0.0,0.0,0.0,0.0,0.0,0.0,0,0,0,1,0.0,False
0,0.0,0,0.0,0.0,0.0,0.0,0.0,0.0,0.0,0.0,0.0,0,1,0,0,0.0,False
15,2.0,0,33.07,0.0,59.0,0.0,0.0,,,,,1,0,0,0,0.0,False
0,0.0,0,0.0,0.0,0.0,0.0,0.0,0.0,0.0,0.0,0.0,0,0,0,1,0.0,False
5,1.0,0,3.8,0.0,1.0,1.0,0.0,1.0,0.0,0.0,0.0,0,0,0,1,0.0,False
34,7.0,3,11.5,2.0,31.0,13.0,2.0,38.0,15.0,39.0,4.0,0,1,0,0,0.08823529411764706,False
9,6.0,1,27.33,1.0,15.0,0.0,0.0,12.0,2.0,17.0,0.0,0,0,0,1,0.1111111111111111,False
0,0.0,0,0.0,0.0,0.0,0.0,0.0,0.0,0.0,0.0,0.0,0,0,0,1,0.0,False
2,,0,22.0,0.0,,,0.0,,,,,0,0,1,0,0.0,False
30,4.0,1,64.83,2.0,3.0,1.0,0.0,,,,,1,0,0,0,0.03333333333333333,False
0,0.0,0,0.0,0.0,0.0,0.0,0.0,0.0,0.0,0.0,0.0,0,1,0,0,0.0,False
16,1.0,0,24.88,1.0,21.0,1.0,0.0,,,,,1,0,0,0,0.0,False
0,0.0,0,0.0,0.0,0.0,0.0,0.0,0.0,0.0,0.0,0.0,0,0,0,1,0.0,False
29,10.0,7,26.69,9.0,68.0,0.0,1.0,28.0,8.0,29.0,3.0,0,0,0,1,0.2413793103448276,False
33,10.0,9,63.94,9.0,187.0,20.0,0.0,40.0,18.0,45.0,4.0,0,0,0,1,0.2727272727272727,False
0,0.0,0,0.0,0.0,0.0,0.0,0.0,0.0,0.0,0.0,0.0,1,0,0,0,0.0,False
0,0.0,0,0.0,0.0,0.0,0.0,0.0,0.0,0.0,0.0,0.0,0,0,0,1,0.0,False
0,0.0,0,0.0,0.0,0.0,0.0,0.0,0.0,0.0,0.0,0.0,0,1,0,0,0.0,False
2,,0,16.5,0.0,,,0.0,,,,,0,0,1,0,0.0,False
0,0.0,0,0.0,0.0,0.0,0.0,0.0,,,,,1,0,0,0,0.0,False
0,0.0,0,0.0,0.0,0.0,0.0,0.0,0.0,0.0,0.0,0.0,0,1,0,0,0.0,False
0,0.0,0,0.0,0.0,0.0,0.0,0.0,0.0,0.0,0.0,0.0,0,0,0,1,0.0,False
0,0.0,0,0.0,0.0,0.0,0.0,0.0,,,,,1,0,0,0,0.0,False
18,20.0,6,42.39,6.0,156.0,0.0,3.0,55.0,15.0,27.0,2.0,0,0,0,1,0.3333333333333333,False
35,13.0,9,27.06,5.0,72.0,8.0,2.0,59.0,17.0,29.0,2.0,0,1,0,0,0.2571428571428571,False
0,0.0,0,0.0,0.0,0.0,0.0,0.0,0.0,0.0,0.0,0.0,0,1,0,0,0.0,False
0,0.0,0,0.0,0.0,0.0,0.0,0.0,0.0,0.0,0.0,0.0,0,1,0,0,0.0,False
3,0.0,0,24.33,0.0,1.0,0.0,0.0,,,,,1,0,0,0,0.0,False
2,0.0,0,3.0,0.0,1.0,0.0,0.0,0.0,0.0,0.0,0.0,0,1,0,0,0.0,False
13,1.0,2,32.31,3.0,32.0,2.0,1.0,9.0,4.0,44.0,2.0,0,0,0,1,0.15384615384615385,False
11,4.0,0,10.55,0.0,9.0,0.0,1.0,9.0,4.0,44.0,1.0,0,1,0,0,0.0,False
0,,0,0.0,0.0,,,0.0,,,,,0,0,1,0,0.0,False
31,37.0,7,45.23,7.0,126.0,4.0,1.0,106.0,38.0,36.0,4.0,0,0,0,1,0.22580645161290322,True
0,0.0,0,0.0,0.0,0.0,0.0,0.0,0.0,0.0,0.0,0.0,0,0,0,1,0.0,False
29,,0,32.9,0.0,,,0.0,,,,,0,0,1,0,0.0,False
4,1.0,0,17.5,0.0,13.0,0.0,0.0,,,,,1,0,0,0,0.0,False
15,1.0,0,25.6,0.0,12.0,0.0,0.0,4.0,2.0,50.0,1.0,0,0,0,1,0.0,False
36,4.0,1,36.97,1.0,109.0,1.0,0.0,,,,,1,0,0,0,0.027777777777777776,False
0,0.0,0,0.0,0.0,0.0,0.0,0.0,,,,,1,0,0,0,0.0,False
0,0.0,0,0.0,0.0,0.0,0.0,0.0,,,,,1,0,0,0,0.0,False
30,16.0,4,72.6,7.0,39.0,3.0,6.0,92.0,32.0,35.0,5.0,0,0,0,1,0.13333333333333333,False
0,0.0,0,0.0,0.0,0.0,0.0,0.0,,,,,1,0,0,0,0.0,False
0,,0,0.0,0.0,,,0.0,,,,,0,0,1,0,0.0,False
0,0.0,0,0.0,0.0,0.0,0.0,0.0,0.0,0.0,0.0,0.0,0,0,0,1,0.0,False
0,0.0,0,0.0,0.0,0.0,0.0,0.0,0.0,0.0,0.0,0.0,0,0,0,1,0.0,False
33,4.0,1,32.42,1.0,3.0,0.0,1.0,,,,,1,0,0,0,0.030303030303030304,False
21,5.0,2,23.67,2.0,40.0,1.0,0.0,18.0,6.0,33.0,2.0,0,0,0,1,0.09523809523809523,False
36,14.0,5,40.78,5.0,147.0,1.0,0.0,45.0,11.0,24.0,0.0,0,0,0,1,0.1388888888888889,False
17,0.0,1,17.59,2.0,7.0,3.0,1.0,4.0,1.0,25.0,1.0,0,0,0,1,0.058823529411764705,False
24,9.0,3,26.04,2.0,81.0,1.0,3.0,32.0,9.0,28.0,2.0,0,0,0,1,0.125,False
0,,0,0.0,0.0,,,0.0,,,,,0,0,1,0,0.0,False
23,13.0,4,40.0,7.0,19.0,2.0,0.0,42.0,12.0,29.0,2.0,0,0,0,1,0.17391304347826086,False
0,0.0,0,0.0,0.0,0.0,0.0,0.0,,,,,1,0,0,0,0.0,False
22,,0,28.41,0.0,,,0.0,,,,,0,0,1,0,0.0,False
18,0.0,0,30.28,1.0,11.0,1.0,0.0,,,,,1,0,0,0,0.0,False
16,2.0,2,34.38,1.0,2.0,0.0,0.0,,,,,1,0,0,0,0.125,False
0,0.0,0,0.0,0.0,0.0,0.0,0.0,0.0,0.0,0.0,0.0,0,1,0,0,0.0,False
32,11.0,1,17.0,3.0,83.0,11.0,1.0,44.0,17.0,39.0,4.0,0,1,0,0,0.03125,False
0,0.0,0,0.0,0.0,0.0,0.0,0.0,0.0,0.0,0.0,0.0,0,0,0,1,0.0,False
37,22.0,1,30.7,6.0,64.0,14.0,2.0,83.0,28.0,34.0,1.0,0,0,0,1,0.02702702702702703,False
3,0.0,0,12.67,0.0,0.0,0.0,0.0,0.0,0.0,0.0,0.0,0,0,0,1,0.0,False
30,2.0,2,32.77,1.0,3.0,1.0,0.0,,,,,1,0,0,0,0.06666666666666667,False
0,0.0,0,0.0,0.0,0.0,0.0,0.0,0.0,0.0,0.0,0.0,0,0,0,1,0.0,False
5,1.0,0,9.0,0.0,6.0,1.0,0.0,6.0,3.0,50.0,0.0,0,1,0,0,0.0,False
6,0.0,0,7.0,0.0,1.0,2.0,0.0,6.0,4.0,67.0,1.0,0,1,0,0,0.0,False
1,0.0,0,6.0,0.0,0.0,0.0,0.0,0.0,0.0,0.0,0.0,0,0,0,1,0.0,False
0,0.0,0,0.0,0.0,0.0,0.0,0.0,,,,,1,0,0,0,0.0,False
0,,0,0.0,0.0,,,0.0,,,,,0,0,1,0,0.0,False
0,0.0,0,0.0,0.0,0.0,0.0,0.0,0.0,0.0,0.0,0.0,0,0,0,1,0.0,False
35,31.0,7,44.09,11.0,60.0,19.0,0.0,100.0,45.0,45.0,9.0,0,1,0,0,0.2,True
0,0.0,0,0.0,0.0,0.0,0.0,0.0,0.0,0.0,0.0,0.0,0,0,0,1,0.0,False
33,3.0,2,37.3,1.0,119.0,1.0,1.0,,,,,1,0,0,0,0.06060606060606061,False
3,,0,34.0,0.0,,,0.0,,,,,0,0,1,0,0.0,False
20,,1,28.5,0.0,,,0.0,,,,,0,0,1,0,0.05,False
0,0.0,0,0.0,0.0,0.0,0.0,0.0,0.0,0.0,0.0,0.0,0,0,0,1,0.0,False
29,5.0,2,5.72,1.0,12.0,5.0,0.0,16.0,6.0,38.0,2.0,0,1,0,0,0.06896551724137931,False
0,0.0,0,0.0,0.0,0.0,0.0,0.0,,,,,1,0,0,0,0.0,False
0,0.0,0,0.0,0.0,0.0,0.0,0.0,,,,,1,0,0,0,0.0,False
24,8.0,2,9.75,0.0,8.0,9.0,0.0,33.0,15.0,45.0,4.0,0,1,0,0,0.08333333333333333,False
20,7.0,1,28.5,1.0,8.0,1.0,0.0,19.0,5.0,26.0,1.0,0,0,0,1,0.05,False
21,3.0,0,45.29,0.0,10.0,0.0,0.0,,,,,1,0,0,0,0.0,False
2,,0,23.0,0.0,,,0.0,,,,,0,0,1,0,0.0,False
35,10.0,0,59.14,1.0,3.0,1.0,0.0,28.0,6.0,21.0,0.0,0,0,0,1,0.0,False
38,28.0,2,19.0,4.0,9.0,29.0,2.0,94.0,26.0,28.0,8.0,0,1,0,0,0.05263157894736842,False
25,10.0,5,31.16,5.0,97.0,7.0,1.0,52.0,19.0,37.0,6.0,0,1,0,0,0.2,False
18,8.0,2,43.5,1.0,65.0,1.0,0.0,,,,,1,0,0,0,0.1111111111111111,False
0,0.0,0,0.0,0.0,0.0,0.0,0.0,0.0,0.0,0.0,0.0,0,0,0,1,0.0,False
0,0.0,0,0.0,0.0,0.0,0.0,0.0,0.0,0.0,0.0,0.0,0,0,0,1,0.0,False
0,0.0,0,0.0,0.0,0.0,0.0,0.0,0.0,0.0,0.0,0.0,0,0,0,1,0.0,False
27,3.0,1,20.78,3.0,82.0,9.0,0.0,19.0,9.0,47.0,4.0,0,0,0,1,0.037037037037037035,False
0,0.0,0,0.0,0.0,0.0,0.0,0.0,,,,,1,0,0,0,0.0,False
0,,0,0.0,0.0,,,0.0,,,,,0,0,1,0,0.0,False
17,1.0,1,48.94,1.0,26.0,1.0,0.0,,,,,1,0,0,0,0.058823529411764705,False
8,0.0,0,28.13,0.0,1.0,0.0,0.0,,,,,1,0,0,0,0.0,False
7,2.0,0,6.0,0.0,16.0,1.0,0.0,4.0,1.0,25.0,0.0,0,0,0,1,0.0,False
0,0.0,0,0.0,0.0,0.0,0.0,0.0,,,,,1,0,0,0,0.0,False
0,0.0,0,0.0,0.0,0.0,0.0,0.0,0.0,0.0,0.0,0.0,0,0,0,1,0.0,False
38,43.0,10,43.24,10.0,66.0,27.0,5.0,129.0,49.0,38.0,8.0,0,1,0,0,0.2631578947368421,True
26,5.0,3,26.58,7.0,52.0,12.0,2.0,33.0,14.0,42.0,6.0,0,0,0,1,0.11538461538461539,False
0,0.0,0,0.0,0.0,0.0,0.0,0.0,0.0,0.0,0.0,0.0,0,1,0,0,0.0,False
8,2.0,2,70.13,1.0,39.0,1.0,0.0,8.0,4.0,50.0,0.0,0,0,0,1,0.25,False
19,2.0,0,18.37,0.0,15.0,0.0,0.0,3.0,0.0,0.0,0.0,0,0,0,1,0.0,False
30,,0,29.6,0.0,,,0.0,,,,,0,0,1,0,0.0,False
17,1.0,0,50.94,0.0,1.0,0.0,0.0,8.0,3.0,38.0,0.0,0,0,0,1,0.0,False
0,,0,0.0,0.0,,,0.0,,,,,0,0,1,0,0.0,False
0,0.0,0,0.0,0.0,0.0,0.0,0.0,0.0,0.0,0.0,0.0,0,0,0,1,0.0,False
0,0.0,0,0.0,0.0,0.0,0.0,0.0,0.0,0.0,0.0,0.0,0,0,0,1,0.0,False
21,18.0,2,29.0,5.0,131.0,4.0,1.0,48.0,10.0,21.0,1.0,0,0,0,1,0.09523809523809523,False
0,0.0,0,0.0,0.0,0.0,0.0,0.0,0.0,0.0,0.0,0.0,0,0,0,1,0.0,False
0,0.0,0,0.0,0.0,0.0,0.0,0.0,0.0,0.0,0.0,0.0,0,0,0,1,0.0,False
11,4.0,1,34.73,1.0,21.0,0.0,0.0,,,,,1,0,0,0,0.09090909090909091,False
35,5.0,1,28.46,0.0,1.0,2.0,1.0,,,,,1,0,0,0,0.02857142857142857,False
0,0.0,0,0.0,0.0,0.0,0.0,0.0,0.0,0.0,0.0,0.0,0,0,0,1,0.0,False
0,0.0,0,0.0,0.0,0.0,0.0,0.0,0.0,0.0,0.0,0.0,0,0,0,1,0.0,False
0,0.0,0,0.0,0.0,0.0,0.0,0.0,0.0,0.0,0.0,0.0,0,0,0,1,0.0,False
38,30.0,13,27.32,16.0,304.0,1.0,3.0,116.0,50.0,43.0,2.0,0,0,0,1,0.34210526315789475,False
34,12.0,7,61.03,12.0,125.0,5.0,1.0,48.0,17.0,35.0,4.0,0,0,0,1,0.20588235294117646,False
0,0.0,0,0.0,0.0,0.0,0.0,0.0,,,,,1,0,0,0,0.0,False
7,1.0,1,11.57,1.0,8.0,0.0,0.0,5.0,3.0,60.0,1.0,0,0,0,1,0.14285714285714285,False
5,0.0,0,4.8,0.0,0.0,0.0,0.0,1.0,1.0,100.0,0.0,0,1,0,0,0.0,False
25,5.0,2,18.12,0.0,34.0,2.0,0.0,17.0,3.0,18.0,0.0,0,0,0,1,0.08,False
0,0.0,0,0.0,0.0,0.0,0.0,0.0,,,,,1,0,0,0,0.0,False
23,5.0,4,18.39,2.0,3.0,11.0,2.0,35.0,13.0,37.0,7.0,0,1,0,0,0.17391304347826086,False
18,1.0,1,25.78,1.0,0.0,1.0,0.0,,,,,1,0,0,0,0.05555555555555555,False
36,8.0,5,40.33,8.0,55.0,3.0,2.0,,,,,1,0,0,0,0.1388888888888889,False
35,13.0,5,28.8,4.0,210.0,7.0,1.0,50.0,19.0,38.0,1.0,0,0,0,1,0.14285714285714285,False
0,0.0,0,0.0,0.0,0.0,0.0,0.0,0.0,0.0,0.0,0.0,0,1,0,0,0.0,False
0,0.0,0,0.0,0.0,0.0,0.0,0.0,0.0,0.0,0.0,0.0,0,1,0,0,0.0,False
34,21.0,6,22.79,5.0,62.0,22.0,4.0,80.0,33.0,41.0,5.0,0,1,0,0,0.17647058823529413,True
0,0.0,0,0.0,0.0,0.0,0.0,0.0,0.0,0.0,0.0,0.0,0,0,0,1,0.0,False
3,0.0,0,32.33,0.0,15.0,0.0,0.0,,,,,1,0,0,0,0.0,False
0,,0,0.0,0.0,,,0.0,,,,,0,0,1,0,0.0,False
0,,0,0.0,0.0,,,0.0,,,,,0,0,1,0,0.0,False
0,,0,0.0,0.0,,,0.0,,,,,0,0,1,0,0.0,False
21,12.0,5,29.29,6.0,70.0,5.0,3.0,42.0,18.0,43.0,1.0,0,0,0,1,0.23809523809523808,False
19,,0,24.84,0.0,,,0.0,,,,,0,0,1,0,0.0,False
17,1.0,1,42.88,1.0,4.0,1.0,0.0,,,,,1,0,0,0,0.058823529411764705,False
33,22.0,6,31.3,7.0,84.0,16.0,3.0,64.0,22.0,34.0,5.0,0,1,0,0,0.18181818181818182,False
38,6.0,0,45.16,1.0,13.0,0.0,0.0,,,,,1,0,0,0,0.0,False
4,0.0,0,5.0,0.0,0.0,0.0,0.0,0.0,0.0,0.0,0.0,0,0,0,1,0.0,False
0,0.0,0,0.0,0.0,0.0,0.0,0.0,0.0,0.0,0.0,0.0,0,1,0,0,0.0,False
27,2.0,0,54.22,0.0,0.0,0.0,0.0,,,,,1,0,0,0,0.0,False
0,,0,0.0,0.0,,,0.0,,,,,0,0,1,0,0.0,False
23,4.0,0,16.65,1.0,25.0,4.0,1.0,21.0,10.0,48.0,2.0,0,1,0,0,0.0,False
0,,0,0.0,0.0,,,0.0,,,,,0,0,1,0,0.0,False
20,4.0,1,13.9,2.0,7.0,7.0,4.0,40.0,21.0,53.0,3.0,0,1,0,0,0.05,False
0,0.0,0,0.0,0.0,0.0,0.0,0.0,0.0,0.0,0.0,0.0,0,0,0,1,0.0,False
22,2.0,1,59.91,0.0,6.0,0.0,0.0,8.0,2.0,25.0,0.0,0,0,0,1,0.045454545454545456,False
0,0.0,0,0.0,0.0,0.0,0.0,0.0,0.0,0.0,0.0,0.0,0,1,0,0,0.0,False
0,,0,0.0,0.0,,,0.0,,,,,0,0,1,0,0.0,False
0,0.0,0,0.0,0.0,0.0,0.0,0.0,,,,,1,0,0,0,0.0,False
33,22.0,5,32.15,6.0,184.0,9.0,2.0,63.0,21.0,33.0,6.0,0,1,0,0,0.15151515151515152,False
0,0.0,0,0.0,0.0,0.0,0.0,0.0,0.0,0.0,0.0,0.0,0,1,0,0,0.0,False
5,0.0,0,41.0,0.0,25.0,0.0,0.0,,,,,1,0,0,0,0.0,False
19,2.0,0,13.84,0.0,2.0,2.0,0.0,,,,,1,0,0,0,0.0,False
0,0.0,0,0.0,0.0,0.0,0.0,0.0,0.0,0.0,0.0,0.0,0,0,0,1,0.0,False
0,0.0,0,0.0,0.0,0.0,0.0,0.0,0.0,0.0,0.0,0.0,0,1,0,0,0.0,False
9,1.0,0,35.56,1.0,1.0,0.0,0.0,,,,,1,0,0,0,0.0,False
0,0.0,0,0.0,0.0,0.0,0.0,0.0,,,,,1,0,0,0,0.0,False
0,0.0,0,0.0,0.0,0.0,0.0,0.0,,,,,1,0,0,0,0.0,False
0,0.0,0,0.0,0.0,0.0,0.0,0.0,0.0,0.0,0.0,0.0,0,0,0,1,0.0,False
24,1.0,0,30.33,0.0,3.0,0.0,0.0,,,,,1,0,0,0,0.0,False
0,0.0,0,0.0,0.0,0.0,0.0,0.0,0.0,0.0,0.0,0.0,0,1,0,0,0.0,False
0,0.0,0,0.0,0.0,0.0,0.0,0.0,,,,,1,0,0,0,0.0,False
0,0.0,0,0.0,0.0,0.0,0.0,0.0,0.0,0.0,0.0,0.0,0,1,0,0,0.0,False
5,1.0,1,11.2,1.0,13.0,1.0,0.0,5.0,0.0,0.0,0.0,0,0,0,1,0.2,False
0,0.0,0,0.0,0.0,0.0,0.0,0.0,,,,,1,0,0,0,0.0,False
25,4.0,0,71.92,1.0,4.0,0.0,1.0,32.0,15.0,47.0,1.0,0,0,0,1,0.0,False
36,22.0,4,19.03,8.0,236.0,3.0,1.0,56.0,13.0,23.0,2.0,0,0,0,1,0.1111111111111111,False
0,0.0,0,0.0,0.0,0.0,0.0,0.0,0.0,0.0,0.0,0.0,0,1,0,0,0.0,False
0,,0,0.0,0.0,,,0.0,,,,,0,0,1,0,0.0,False
12,2.0,5,28.83,5.0,29.0,1.0,0.0,,,,,1,0,0,0,0.4166666666666667,False
4,1.0,0,35.75,0.0,0.0,0.0,0.0,,,,,1,0,0,0,0.0,False
5,0.0,0,27.0,0.0,7.0,0.0,0.0,,,,,1,0,0,0,0.0,False
16,2.0,0,14.56,0.0,1.0,4.0,0.0,11.0,5.0,45.0,2.0,0,1,0,0,0.0,False
0,0.0,0,0.0,0.0,0.0,0.0,0.0,0.0,0.0,0.0,0.0,0,0,0,1,0.0,False
28,,0,31.71,0.0,,,0.0,,,,,0,0,1,0,0.0,False
24,11.0,1,9.5,1.0,23.0,6.0,0.0,31.0,12.0,39.0,3.0,0,1,0,0,0.041666666666666664,False
0,0.0,0,0.0,0.0,0.0,0.0,0.0,,,,,1,0,0,0,0.0,False
32,7.0,1,31.28,1.0,78.0,6.0,0.0,,,,,1,0,0,0,0.03125,False
8,0.0,0,40.5,0.0,0.0,0.0,0.0,,,,,1,0,0,0,0.0,False
21,5.0,0,46.67,1.0,0.0,0.0,2.0,,,,,1,0,0,0,0.0,False
35,11.0,5,15.11,6.0,47.0,25.0,1.0,53.0,26.0,49.0,6.0,0,1,0,0,0.14285714285714285,True
0,0.0,0,0.0,0.0,0.0,0.0,0.0,,,,,1,0,0,0,0.0,False
0,0.0,0,0.0,0.0,0.0,0.0,0.0,,,,,1,0,0,0,0.0,False
0,0.0,0,0.0,0.0,0.0,0.0,0.0,0.0,0.0,0.0,0.0,0,0,0,1,0.0,False
33,5.0,0,62.15,0.0,9.0,0.0,2.0,,,,,1,0,0,0,0.0,False
0,,0,0.0,0.0,,,0.0,,,,,0,0,1,0,0.0,False
37,8.0,3,16.27,2.0,7.0,23.0,0.0,57.0,23.0,40.0,3.0,0,1,0,0,0.08108108108108109,True
5,,0,26.8,0.0,,,0.0,,,,,0,0,1,0,0.0,False
1,0.0,0,2.0,0.0,0.0,0.0,0.0,0.0,0.0,0.0,0.0,0,1,0,0,0.0,False
0,0.0,0,0.0,0.0,0.0,0.0,0.0,,,,,1,0,0,0,0.0,False
0,0.0,0,0.0,0.0,0.0,0.0,0.0,0.0,0.0,0.0,0.0,0,0,0,1,0.0,False
28,12.0,2,19.21,3.0,49.0,17.0,3.0,62.0,29.0,47.0,6.0,0,1,0,0,0.07142857142857142,True
33,5.0,5,44.36,4.0,96.0,3.0,0.0,,,,,1,0,0,0,0.15151515151515152,False
0,0.0,0,0.0,0.0,0.0,0.0,0.0,,,,,1,0,0,0,0.0,False
0,0.0,0,0.0,0.0,0.0,0.0,0.0,,,,,1,0,0,0,0.0,False
23,4.0,2,14.39,1.0,36.0,12.0,1.0,25.0,12.0,48.0,4.0,0,1,0,0,0.08695652173913043,False
0,0.0,0,0.0,0.0,0.0,0.0,0.0,,,,,1,0,0,0,0.0,False
36,9.0,1,54.75,2.0,14.0,0.0,1.0,40.0,13.0,33.0,3.0,0,0,0,1,0.027777777777777776,False
37,3.0,1,30.51,3.0,111.0,0.0,0.0,,,,,1,0,0,0,0.02702702702702703,False
30,9.0,4,32.2,0.0,143.0,1.0,0.0,42.0,17.0,40.0,5.0,0,0,0,1,0.13333333333333333,False
0,0.0,0,0.0,0.0,0.0,0.0,0.0,,,,,1,0,0,0,0.0,False
1,0.0,0,23.0,0.0,0.0,0.0,0.0,,,,,1,0,0,0,0.0,False
14,6.0,2,13.71,2.0,22.0,4.0,0.0,16.0,4.0,25.0,0.0,0,1,0,0,0.14285714285714285,False
0,,0,0.0,0.0,,,0.0,,,,,0,0,1,0,0.0,False
0,0.0,0,0.0,0.0,0.0,0.0,0.0,0.0,0.0,0.0,0.0,0,0,0,1,0.0,False
16,3.0,2,12.0,2.0,1.0,2.0,1.0,19.0,8.0,42.0,5.0,0,1,0,0,0.125,False
9,0.0,0,28.56,0.0,2.0,0.0,0.0,2.0,0.0,0.0,0.0,0,0,0,1,0.0,False
30,2.0,1,46.93,1.0,24.0,0.0,0.0,6.0,1.0,17.0,0.0,0,0,0,1,0.03333333333333333,False
0,,0,0.0,0.0,,,0.0,,,,,0,0,1,0,0.0,False
8,0.0,0,12.25,0.0,6.0,1.0,0.0,10.0,5.0,50.0,1.0,0,1,0,0,0.0,False
0,0.0,0,0.0,0.0,0.0,0.0,0.0,,,,,1,0,0,0,0.0,False
36,17.0,9,45.14,7.0,13.0,3.0,1.0,60.0,20.0,33.0,1.0,0,0,0,1,0.25,False
17,9.0,1,40.53,1.0,3.0,1.0,0.0,31.0,6.0,19.0,1.0,0,0,0,1,0.058823529411764705,False
0,0.0,0,0.0,0.0,0.0,0.0,0.0,0.0,0.0,0.0,0.0,0,0,0,1,0.0,False
36,3.0,3,47.78,1.0,0.0,3.0,0.0,,,,,1,0,0,0,0.08333333333333333,False
34,10.0,2,22.85,0.0,106.0,2.0,1.0,44.0,15.0,34.0,0.0,0,1,0,0,0.058823529411764705,False
0,0.0,0,0.0,0.0,0.0,0.0,0.0,0.0,0.0,0.0,0.0,0,1,0,0,0.0,False
29,10.0,2,36.83,4.0,26.0,0.0,5.0,27.0,10.0,37.0,2.0,0,0,0,1,0.06896551724137931,False
20,7.0,0,9.55,0.0,9.0,18.0,2.0,31.0,12.0,39.0,2.0,0,1,0,0,0.0,False
5,0.0,0,45.0,0.0,1.0,0.0,0.0,,,,,1,0,0,0,0.0,False
21,2.0,1,17.43,1.0,7.0,0.0,0.0,6.0,2.0,33.0,0.0,0,0,0,1,0.047619047619047616,False
0,0.0,0,0.0,0.0,0.0,0.0,0.0,,,,,1,0,0,0,0.0,False
2,0.0,0,49.5,0.0,0.0,1.0,0.0,,,,,1,0,0,0,0.0,False
5,2.0,0,6.4,0.0,5.0,0.0,0.0,2.0,0.0,0.0,0.0,0,1,0,0,0.0,False
0,0.0,0,0.0,0.0,0.0,0.0,0.0,,,,,1,0,0,0,0.0,False
1,0.0,0,10.0,0.0,0.0,0.0,0.0,0.0,0.0,0.0,0.0,0,0,0,1,0.0,False
0,,0,0.0,0.0,,,0.0,,,,,0,0,1,0,0.0,False
0,0.0,0,0.0,0.0,0.0,0.0,0.0,,,,,1,0,0,0,0.0,False
32,8.0,2,71.81,3.0,26.0,1.0,0.0,34.0,9.0,26.0,0.0,0,0,0,1,0.0625,False
33,2.0,0,28.27,0.0,2.0,0.0,0.0,9.0,0.0,0.0,1.0,0,0,0,1,0.0,False
0,0.0,0,0.0,0.0,0.0,0.0,0.0,,,,,1,0,0,0,0.0,False
23,2.0,0,48.96,0.0,8.0,1.0,0.0,,,,,1,0,0,0,0.0,False
12,2.0,1,35.75,1.0,38.0,1.0,0.0,,,,,1,0,0,0,0.08333333333333333,False
20,3.0,1,28.65,0.0,15.0,5.0,0.0,,,,,1,0,0,0,0.05,False
35,15.0,9,19.89,8.0,105.0,6.0,2.0,49.0,18.0,37.0,6.0,0,1,0,0,0.2571428571428571,False
3,4.0,0,22.33,0.0,5.0,0.0,0.0,8.0,3.0,38.0,0.0,0,1,0,0,0.0,False
8,7.0,0,13.13,0.0,4.0,5.0,0.0,16.0,2.0,13.0,0.0,0,1,0,0,0.0,False
0,0.0,0,0.0,0.0,0.0,0.0,0.0,0.0,0.0,0.0,0.0,0,0,0,1,0.0,False
9,,0,29.89,0.0,,,0.0,,,,,0,0,1,0,0.0,False
0,0.0,0,0.0,0.0,0.0,0.0,0.0,0.0,0.0,0.0,0.0,1,0,0,0,0.0,False
9,0.0,1,14.22,1.0,2.0,0.0,0.0,,,,,1,0,0,0,0.1111111111111111,False
0,0.0,0,0.0,0.0,0.0,0.0,0.0,0.0,0.0,0.0,0.0,0,0,0,1,0.0,False
21,3.0,0,17.05,0.0,11.0,0.0,0.0,,,,,1,0,0,0,0.0,False
4,0.0,0,10.25,0.0,2.0,1.0,0.0,2.0,1.0,50.0,0.0,0,0,0,1,0.0,False
0,0.0,0,0.0,0.0,0.0,0.0,0.0,,,,,1,0,0,0,0.0,False
31,11.0,1,9.68,3.0,13.0,9.0,0.0,42.0,15.0,36.0,4.0,0,1,0,0,0.03225806451612903,False
11,3.0,0,22.36,3.0,30.0,0.0,1.0,10.0,3.0,30.0,1.0,0,0,0,1,0.0,False
19,,0,27.37,0.0,,,0.0,,,,,0,0,1,0,0.0,False
12,5.0,1,36.08,1.0,4.0,0.0,0.0,11.0,2.0,18.0,0.0,0,0,0,1,0.08333333333333333,False
6,0.0,0,13.5,0.0,0.0,0.0,0.0,0.0,0.0,0.0,0.0,0,0,0,1,0.0,False
17,4.0,0,8.94,0.0,2.0,4.0,0.0,8.0,3.0,38.0,2.0,0,1,0,0,0.0,False
25,20.0,6,25.12,10.0,16.0,16.0,3.0,94.0,42.0,45.0,13.0,0,1,0,0,0.24,True
0,0.0,0,0.0,0.0,0.0,0.0,0.0,0.0,0.0,0.0,0.0,0,1,0,0,0.0,False
0,0.0,0,0.0,0.0,0.0,0.0,0.0,0.0,0.0,0.0,0.0,0,0,0,1,0.0,False
38,0.0,0,31.21,0.0,10.0,2.0,0.0,,,,,1,0,0,0,0.0,False
38,2.0,3,41.82,2.0,5.0,2.0,1.0,,,,,1,0,0,0,0.07894736842105263,False
0,0.0,0,0.0,0.0,0.0,0.0,0.0,0.0,0.0,0.0,0.0,0,1,0,0,0.0,False
16,7.0,0,48.94,0.0,51.0,0.0,0.0,,,,,1,0,0,0,0.0,False
34,11.0,7,29.56,8.0,217.0,2.0,0.0,20.0,6.0,30.0,1.0,0,0,0,1,0.20588235294117646,False
14,1.0,0,65.36,0.0,7.0,0.0,0.0,,,,,1,0,0,0,0.0,False
0,0.0,0,0.0,0.0,0.0,0.0,0.0,0.0,0.0,0.0,0.0,0,0,0,1,0.0,False
19,1.0,1,53.0,3.0,102.0,3.0,0.0,,,,,1,0,0,0,0.05263157894736842,False
0,0.0,0,0.0,0.0,0.0,0.0,0.0,,,,,1,0,0,0,0.0,False
0,0.0,0,0.0,0.0,0.0,0.0,0.0,0.0,0.0,0.0,0.0,0,0,0,1,0.0,False
36,9.0,6,37.72,4.0,37.0,0.0,0.0,24.0,4.0,17.0,1.0,0,0,0,1,0.16666666666666666,False
36,21.0,10,34.75,16.0,18.0,5.0,1.0,69.0,17.0,25.0,8.0,0,0,0,1,0.2777777777777778,False
0,,0,0.0,0.0,,,0.0,,,,,0,0,1,0,0.0,False
33,19.0,2,40.82,4.0,96.0,8.0,0.0,,,,,1,0,0,0,0.06060606060606061,False
0,0.0,0,0.0,0.0,0.0,0.0,0.0,0.0,0.0,0.0,0.0,0,0,0,1,0.0,False
8,0.0,0,31.25,0.0,0.0,0.0,0.0,,,,,1,0,0,0,0.0,False
0,0.0,0,0.0,0.0,0.0,0.0,0.0,0.0,0.0,0.0,0.0,0,0,0,1,0.0,False
1,0.0,0,19.0,0.0,0.0,0.0,0.0,,,,,1,0,0,0,0.0,False
0,0.0,0,0.0,0.0,0.0,0.0,0.0,,,,,1,0,0,0,0.0,False
0,0.0,0,0.0,0.0,0.0,0.0,0.0,0.0,0.0,0.0,0.0,0,0,0,1,0.0,False
0,0.0,0,0.0,0.0,0.0,0.0,0.0,0.0,0.0,0.0,0.0,0,0,0,1,0.0,False
0,0.0,0,0.0,0.0,0.0,0.0,0.0,0.0,0.0,0.0,0.0,0,0,0,1,0.0,False
21,11.0,1,18.33,1.0,55.0,7.0,0.0,34.0,15.0,44.0,1.0,0,1,0,0,0.047619047619047616,False
18,8.0,1,19.61,0.0,8.0,1.0,1.0,18.0,7.0,39.0,1.0,0,0,0,1,0.05555555555555555,False
0,,0,0.0,0.0,,,0.0,,,,,0,0,1,0,0.0,False
0,0.0,0,0.0,0.0,0.0,0.0,0.0,0.0,0.0,0.0,0.0,0,1,0,0,0.0,False
31,17.0,6,22.06,8.0,61.0,43.0,5.0,71.0,33.0,46.0,8.0,0,1,0,0,0.1935483870967742,True
13,6.0,0,45.08,0.0,5.0,0.0,0.0,11.0,1.0,9.0,0.0,0,0,0,1,0.0,False
28,11.0,2,16.0,5.0,57.0,6.0,0.0,35.0,12.0,34.0,3.0,0,0,0,1,0.07142857142857142,False
13,7.0,4,24.38,1.0,16.0,10.0,0.0,31.0,19.0,61.0,6.0,0,1,0,0,0.3076923076923077,True
17,3.0,2,45.65,5.0,68.0,2.0,0.0,,,,,1,0,0,0,0.11764705882352941,False
24,8.0,0,10.17,1.0,2.0,14.0,2.0,48.0,25.0,52.0,9.0,0,1,0,0,0.0,False
36,26.0,2,23.19,1.0,45.0,8.0,4.0,66.0,21.0,32.0,6.0,0,1,0,0,0.05555555555555555,False
37,3.0,6,74.59,11.0,80.0,1.0,0.0,,,,,1,0,0,0,0.16216216216216217,False
0,,0,0.0,0.0,,,0.0,,,,,0,0,1,0,0.0,False
13,6.0,1,25.92,0.0,4.0,2.0,0.0,19.0,6.0,32.0,1.0,0,0,0,1,0.07692307692307693,False
13,1.0,0,32.77,0.0,0.0,0.0,0.0,,,,,1,0,0,0,0.0,False
22,1.0,3,34.27,4.0,75.0,1.0,0.0,,,,,1,0,0,0,0.13636363636363635,False
29,17.0,2,38.21,1.0,5.0,2.0,1.0,40.0,9.0,23.0,3.0,0,0,0,1,0.06896551724137931,False
0,0.0,0,0.0,0.0,0.0,0.0,0.0,0.0,0.0,0.0,0.0,0,0,0,1,0.0,False
0,0.0,0,0.0,0.0,0.0,0.0,0.0,0.0,0.0,0.0,0.0,0,1,0,0,0.0,False
2,0.0,0,3.5,0.0,0.0,0.0,0.0,0.0,0.0,0.0,0.0,0,1,0,0,0.0,False
8,0.0,0,10.25,0.0,0.0,0.0,0.0,0.0,0.0,0.0,0.0,0,0,0,1,0.0,False
0,0.0,0,0.0,0.0,0.0,0.0,0.0,,,,,1,0,0,0,0.0,False
13,0.0,0,32.15,0.0,19.0,0.0,0.0,,,,,1,0,0,0,0.0,False
2,1.0,0,25.0,0.0,2.0,0.0,0.0,2.0,1.0,50.0,1.0,0,0,0,1,0.0,False
0,0.0,0,0.0,0.0,0.0,0.0,0.0,0.0,0.0,0.0,0.0,0,0,0,1,0.0,False
36,9.0,0,14.17,2.0,16.0,26.0,0.0,60.0,22.0,37.0,3.0,0,1,0,0,0.0,False
0,0.0,0,0.0,0.0,0.0,0.0,0.0,0.0,0.0,0.0,0.0,0,1,0,0,0.0,False
25,5.0,1,37.08,2.0,28.0,1.0,0.0,16.0,6.0,38.0,0.0,0,0,0,1,0.04,False
5,0.0,0,23.0,0.0,0.0,0.0,0.0,,,,,1,0,0,0,0.0,False
12,3.0,1,8.0,0.0,0.0,6.0,0.0,13.0,5.0,38.0,0.0,0,1,0,0,0.08333333333333333,False
15,2.0,0,19.07,1.0,39.0,1.0,0.0,,,,,1,0,0,0,0.0,False
0,0.0,0,0.0,0.0,0.0,0.0,0.0,0.0,0.0,0.0,0.0,0,1,0,0,0.0,False
5,0.0,0,36.2,0.0,0.0,0.0,0.0,,,,,1,0,0,0,0.0,False
38,,0,24.87,0.0,,,0.0,,,,,0,0,1,0,0.0,False
0,0.0,0,0.0,0.0,0.0,0.0,0.0,0.0,0.0,0.0,0.0,0,0,0,1,0.0,False
35,10.0,3,52.63,8.0,64.0,4.0,1.0,,,,,1,0,0,0,0.08571428571428572,False
0,0.0,0,0.0,0.0,0.0,0.0,0.0,0.0,0.0,0.0,0.0,0,0,0,1,0.0,False
1,0.0,0,27.0,0.0,3.0,1.0,0.0,,,,,1,0,0,0,0.0,False
31,11.0,5,21.68,3.0,3.0,12.0,0.0,60.0,21.0,35.0,20.0,0,1,0,0,0.16129032258064516,False
15,2.0,1,6.33,1.0,4.0,4.0,0.0,10.0,4.0,40.0,3.0,0,1,0,0,0.06666666666666667,False
0,0.0,0,0.0,0.0,0.0,0.0,0.0,0.0,0.0,0.0,0.0,0,1,0,0,0.0,False
35,1.0,4,26.71,3.0,50.0,0.0,1.0,25.0,14.0,56.0,3.0,0,0,0,1,0.11428571428571428,False
35,7.0,4,42.29,3.0,136.0,1.0,2.0,,,,,1,0,0,0,0.11428571428571428,False
2,0.0,0,14.0,0.0,0.0,0.0,0.0,0.0,0.0,0.0,0.0,0,0,0,1,0.0,False
0,0.0,0,0.0,0.0,0.0,0.0,0.0,,,,,1,0,0,0,0.0,False
16,1.0,0,23.19,1.0,12.0,1.0,0.0,7.0,2.0,29.0,0.0,0,0,0,1,0.0,False
0,,0,0.0,0.0,,,0.0,,,,,0,0,1,0,0.0,False
7,1.0,0,32.0,1.0,26.0,0.0,0.0,,,,,1,0,0,0,0.0,False
0,0.0,0,0.0,0.0,0.0,0.0,0.0,0.0,0.0,0.0,0.0,0,0,0,1,0.0,False
1,0.0,0,4.0,0.0,0.0,0.0,0.0,0.0,0.0,0.0,0.0,0,0,0,1,0.0,False
0,,0,0.0,0.0,,,0.0,,,,,0,0,1,0,0.0,False
1,0.0,0,25.0,0.0,2.0,0.0,0.0,1.0,0.0,0.0,0.0,0,1,0,0,0.0,False
16,3.0,0,13.13,1.0,53.0,4.0,0.0,19.0,7.0,37.0,2.0,0,1,0,0,0.0,False
25,0.0,0,30.88,0.0,53.0,0.0,0.0,,,,,1,0,0,0,0.0,False
15,5.0,0,13.87,0.0,0.0,2.0,0.0,20.0,7.0,35.0,2.0,0,1,0,0,0.0,False
0,0.0,0,0.0,0.0,0.0,0.0,0.0,0.0,0.0,0.0,0.0,0,0,0,1,0.0,False
0,0.0,0,0.0,0.0,0.0,0.0,0.0,0.0,0.0,0.0,0.0,0,1,0,0,0.0,False
0,0.0,0,0.0,0.0,0.0,0.0,0.0,,,,,1,0,0,0,0.0,False
0,,0,0.0,0.0,,,0.0,,,,,0,0,1,0,0.0,False
26,14.0,2,20.46,2.0,40.0,2.0,0.0,30.0,6.0,20.0,1.0,0,0,0,1,0.07692307692307693,False
0,0.0,0,0.0,0.0,0.0,0.0,0.0,0.0,0.0,0.0,0.0,0,0,0,1,0.0,False
0,0.0,0,0.0,0.0,0.0,0.0,0.0,,,,,1,0,0,0,0.0,False
15,11.0,2,30.27,3.0,123.0,3.0,1.0,24.0,6.0,25.0,0.0,0,0,0,1,0.13333333333333333,False
0,0.0,0,0.0,0.0,0.0,0.0,0.0,,,,,1,0,0,0,0.0,False
0,0.0,0,0.0,0.0,0.0,0.0,0.0,,,,,1,0,0,0,0.0,False
0,0.0,0,0.0,0.0,0.0,0.0,0.0,0.0,0.0,0.0,0.0,0,0,0,1,0.0,False
3,,0,18.33,0.0,,,0.0,,,,,0,0,1,0,0.0,False
0,0.0,0,0.0,0.0,0.0,0.0,0.0,0.0,0.0,0.0,0.0,0,1,0,0,0.0,False
12,0.0,0,32.33,2.0,5.0,0.0,0.0,,,,,1,0,0,0,0.0,False
5,0.0,0,27.4,0.0,1.0,0.0,0.0,0.0,0.0,0.0,0.0,0,0,0,1,0.0,False
0,0.0,0,0.0,0.0,0.0,0.0,0.0,0.0,0.0,0.0,0.0,0,0,0,1,0.0,False
13,0.0,0,9.92,1.0,7.0,1.0,0.0,1.0,1.0,100.0,0.0,0,0,0,1,0.0,False
0,0.0,0,0.0,0.0,0.0,0.0,0.0,0.0,0.0,0.0,0.0,0,0,0,1,0.0,False
25,0.0,0,38.92,0.0,41.0,0.0,0.0,,,,,1,0,0,0,0.0,False
26,6.0,7,33.92,7.0,139.0,0.0,0.0,25.0,5.0,20.0,2.0,0,0,0,1,0.2692307692307692,False
0,,0,0.0,0.0,,,0.0,,,,,0,0,1,0,0.0,False
0,0.0,0,0.0,0.0,0.0,0.0,0.0,0.0,0.0,0.0,0.0,0,1,0,0,0.0,False
15,2.0,2,9.33,1.0,9.0,0.0,0.0,4.0,0.0,0.0,1.0,0,0,0,1,0.13333333333333333,False
0,0.0,0,0.0,0.0,0.0,0.0,0.0,0.0,0.0,0.0,0.0,0,0,0,1,0.0,False
35,,0,33.4,0.0,,,0.0,,,,,0,0,1,0,0.0,False
0,0.0,0,0.0,0.0,0.0,0.0,0.0,0.0,0.0,0.0,0.0,0,0,0,1,0.0,False
5,2.0,0,16.8,0.0,10.0,1.0,0.0,,,,,1,0,0,0,0.0,False
3,,0,29.33,0.0,,,0.0,,,,,0,0,1,0,0.0,False
31,14.0,1,41.71,5.0,136.0,1.0,2.0,38.0,12.0,32.0,1.0,0,0,0,1,0.03225806451612903,False
0,0.0,0,0.0,0.0,0.0,0.0,0.0,,,,,1,0,0,0,0.0,False
27,2.0,0,49.26,0.0,0.0,0.0,0.0,,,,,1,0,0,0,0.0,False
32,10.0,6,15.41,6.0,19.0,15.0,0.0,43.0,17.0,40.0,5.0,0,1,0,0,0.1875,False
20,1.0,0,25.3,0.0,9.0,0.0,0.0,5.0,0.0,0.0,0.0,0,0,0,1,0.0,False
0,0.0,0,0.0,0.0,0.0,0.0,0.0,0.0,0.0,0.0,0.0,0,1,0,0,0.0,False
26,5.0,4,59.35,5.0,11.0,0.0,1.0,27.0,8.0,30.0,1.0,0,0,0,1,0.15384615384615385,False
23,12.0,0,38.04,0.0,4.0,1.0,1.0,23.0,3.0,13.0,1.0,0,0,0,1,0.0,False
0,0.0,0,0.0,0.0,0.0,0.0,0.0,,,,,1,0,0,0,0.0,False
2,1.0,0,49.5,0.0,0.0,0.0,0.0,2.0,1.0,50.0,1.0,0,0,0,1,0.0,False
7,4.0,1,17.57,0.0,0.0,1.0,0.0,11.0,4.0,36.0,0.0,0,1,0,0,0.14285714285714285,False
37,9.0,4,39.03,6.0,129.0,1.0,2.0,20.0,3.0,15.0,0.0,0,0,0,1,0.10810810810810811,False
0,0.0,0,0.0,0.0,0.0,0.0,0.0,,,,,1,0,0,0,0.0,False
7,0.0,0,26.43,0.0,0.0,0.0,0.0,,,,,1,0,0,0,0.0,False
34,,0,23.85,0.0,,,0.0,,,,,0,0,1,0,0.0,False
32,4.0,3,39.84,6.0,137.0,3.0,0.0,,,,,1,0,0,0,0.09375,False
5,1.0,0,13.8,0.0,7.0,0.0,0.0,4.0,2.0,50.0,0.0,0,0,0,1,0.0,False
6,2.0,0,30.33,0.0,2.0,1.0,0.0,12.0,4.0,33.0,1.0,0,0,0,1,0.0,False
12,3.0,0,50.0,0.0,7.0,0.0,0.0,,,,,1,0,0,0,0.0,False
0,0.0,0,0.0,0.0,0.0,0.0,0.0,0.0,0.0,0.0,0.0,0,0,0,1,0.0,False
28,1.0,0,13.32,1.0,18.0,14.0,2.0,29.0,16.0,55.0,3.0,0,1,0,0,0.0,False
24,2.0,2,37.54,4.0,84.0,4.0,0.0,,,,,1,0,0,0,0.08333333333333333,False
0,0.0,0,0.0,0.0,0.0,0.0,0.0,0.0,0.0,0.0,0.0,0,0,0,1,0.0,False
8,2.0,1,20.5,1.0,1.0,0.0,0.0,2.0,0.0,0.0,0.0,0,0,0,1,0.125,False
30,15.0,5,21.37,5.0,35.0,14.0,1.0,60.0,20.0,33.0,4.0,0,1,0,0,0.16666666666666666,False
23,2.0,0,26.91,0.0,73.0,0.0,0.0,,,,,1,0,0,0,0.0,False
27,2.0,0,49.96,0.0,0.0,1.0,2.0,,,,,1,0,0,0,0.0,False
20,2.0,1,34.95,2.0,2.0,0.0,0.0,,,,,1,0,0,0,0.05,False
0,0.0,0,0.0,0.0,0.0,0.0,0.0,,,,,1,0,0,0,0.0,False
0,0.0,0,0.0,0.0,0.0,0.0,0.0,0.0,0.0,0.0,0.0,0,0,0,1,0.0,False
23,6.0,2,49.43,0.0,82.0,1.0,0.0,16.0,3.0,19.0,1.0,0,0,0,1,0.08695652173913043,False
29,4.0,1,27.1,1.0,55.0,3.0,0.0,19.0,7.0,37.0,2.0,0,0,0,1,0.034482758620689655,False
3,1.0,0,34.67,0.0,7.0,0.0,0.0,,,,,1,0,0,0,0.0,False
0,,0,0.0,0.0,,,0.0,,,,,0,0,1,0,0.0,False
0,0.0,0,0.0,0.0,0.0,0.0,0.0,0.0,0.0,0.0,0.0,0,0,0,1,0.0,False
12,0.0,1,29.75,1.0,28.0,0.0,1.0,,,,,1,0,0,0,0.08333333333333333,False
0,0.0,0,0.0,0.0,0.0,0.0,0.0,,,,,1,0,0,0,0.0,False
0,0.0,0,0.0,0.0,0.0,0.0,0.0,0.0,0.0,0.0,0.0,0,1,0,0,0.0,False
7,1.0,0,13.71,1.0,0.0,0.0,0.0,1.0,0.0,0.0,0.0,0,0,0,1,0.0,False
38,5.0,1,41.68,0.0,19.0,1.0,0.0,15.0,5.0,33.0,0.0,0,0,0,1,0.02631578947368421,False
35,,0,28.09,0.0,,,0.0,,,,,0,0,1,0,0.0,False
3,0.0,0,30.0,0.0,0.0,0.0,0.0,,,,,1,0,0,0,0.0,False
36,6.0,7,36.08,5.0,196.0,3.0,2.0,,,,,1,0,0,0,0.19444444444444445,False
31,1.0,2,20.45,5.0,3.0,14.0,2.0,23.0,9.0,39.0,3.0,0,1,0,0,0.06451612903225806,False
21,0.0,2,37.14,2.0,45.0,2.0,0.0,,,,,1,0,0,0,0.09523809523809523,False
0,0.0,0,0.0,0.0,0.0,0.0,0.0,,,,,1,0,0,0,0.0,False
2,0.0,0,2.0,0.0,0.0,0.0,0.0,0.0,0.0,0.0,0.0,0,0,0,1,0.0,False
0,,0,0.0,0.0,,,0.0,,,,,0,0,1,0,0.0,False
0,0.0,0,0.0,0.0,0.0,0.0,0.0,0.0,0.0,0.0,0.0,0,1,0,0,0.0,False
35,6.0,3,44.8,4.0,106.0,0.0,0.0,,,,,1,0,0,0,0.08571428571428572,False
23,2.0,2,48.3,0.0,24.0,0.0,1.0,,,,,1,0,0,0,0.08695652173913043,False
17,3.0,0,33.29,1.0,2.0,2.0,0.0,,,,,1,0,0,0,0.0,False
0,0.0,0,0.0,0.0,0.0,0.0,0.0,,,,,1,0,0,0,0.0,False
10,,0,29.7,0.0,,,0.0,,,,,0,0,1,0,0.0,False
8,0.0,0,24.38,0.0,6.0,0.0,0.0,,,,,1,0,0,0,0.0,False
10,2.0,0,49.2,0.0,1.0,0.0,0.0,,,,,1,0,0,0,0.0,False
0,0.0,0,0.0,0.0,0.0,0.0,0.0,,,,,1,0,0,0,0.0,False
33,8.0,1,20.94,0.0,17.0,3.0,0.0,21.0,3.0,14.0,1.0,0,0,0,1,0.030303030303030304,False
23,4.0,0,45.39,1.0,42.0,3.0,0.0,13.0,4.0,31.0,0.0,0,0,0,1,0.0,False
28,5.0,0,32.36,1.0,42.0,4.0,0.0,,,,,1,0,0,0,0.0,False
37,24.0,16,72.78,19.0,248.0,2.0,4.0,94.0,39.0,41.0,3.0,0,0,0,1,0.43243243243243246,False
37,,0,25.46,0.0,,,0.0,,,,,0,0,1,0,0.0,False
0,0.0,0,0.0,0.0,0.0,0.0,0.0,0.0,0.0,0.0,0.0,0,0,0,1,0.0,False
0,0.0,0,0.0,0.0,0.0,0.0,0.0,0.0,0.0,0.0,0.0,0,0,0,1,0.0,False
0,0.0,0,0.0,0.0,0.0,0.0,0.0,,,,,1,0,0,0,0.0,False
29,9.0,2,18.69,4.0,7.0,16.0,0.0,36.0,15.0,42.0,5.0,0,1,0,0,0.06896551724137931,False
24,4.0,1,5.46,1.0,5.0,9.0,3.0,27.0,15.0,56.0,3.0,0,1,0,0,0.041666666666666664,False
24,5.0,1,42.33,1.0,35.0,0.0,0.0,19.0,7.0,37.0,0.0,0,0,0,1,0.041666666666666664,False
2,0.0,0,19.0,0.0,0.0,0.0,0.0,,,,,1,0,0,0,0.0,False
22,4.0,2,73.36,1.0,13.0,0.0,0.0,10.0,3.0,30.0,0.0,0,0,0,1,0.09090909090909091,False
28,4.0,0,50.79,0.0,1.0,0.0,0.0,11.0,3.0,27.0,0.0,0,0,0,1,0.0,False
0,0.0,0,0.0,0.0,0.0,0.0,0.0,,,,,1,0,0,0,0.0,False
0,0.0,0,0.0,0.0,0.0,0.0,0.0,0.0,0.0,0.0,0.0,0,0,0,1,0.0,False
33,6.0,1,14.61,1.0,3.0,6.0,1.0,25.0,12.0,48.0,3.0,0,1,0,0,0.030303030303030304,False
7,1.0,0,20.29,0.0,15.0,1.0,0.0,8.0,4.0,50.0,0.0,0,1,0,0,0.0,False
14,0.0,1,16.21,0.0,10.0,1.0,0.0,6.0,2.0,33.0,1.0,0,1,0,0,0.07142857142857142,False
31,6.0,0,26.32,1.0,6.0,0.0,0.0,20.0,6.0,30.0,0.0,0,0,0,1,0.0,False
0,0.0,0,0.0,0.0,0.0,0.0,0.0,0.0,0.0,0.0,0.0,0,0,0,1,0.0,False
5,1.0,0,5.6,0.0,1.0,0.0,0.0,3.0,1.0,33.0,1.0,0,1,0,0,0.0,False
0,,0,0.0,0.0,,,0.0,,,,,0,0,1,0,0.0,False
0,0.0,0,0.0,0.0,0.0,0.0,0.0,0.0,0.0,0.0,0.0,0,1,0,0,0.0,False
34,9.0,2,66.12,3.0,26.0,1.0,1.0,32.0,7.0,22.0,1.0,0,0,0,1,0.058823529411764705,False
35,12.0,2,15.94,3.0,34.0,23.0,0.0,59.0,20.0,34.0,7.0,0,1,0,0,0.05714285714285714,False
0,0.0,0,0.0,0.0,0.0,0.0,0.0,,,,,1,0,0,0,0.0,False
0,0.0,0,0.0,0.0,0.0,0.0,0.0,0.0,0.0,0.0,0.0,0,0,0,1,0.0,False
37,10.0,3,60.65,1.0,26.0,2.0,1.0,47.0,17.0,36.0,1.0,0,0,0,1,0.08108108108108109,False
0,0.0,0,0.0,0.0,0.0,0.0,0.0,0.0,0.0,0.0,0.0,0,0,0,1,0.0,False
11,1.0,0,30.64,0.0,1.0,0.0,0.0,,,,,1,0,0,0,0.0,False
12,2.0,0,32.08,0.0,2.0,0.0,0.0,6.0,2.0,33.0,2.0,0,0,0,1,0.0,False
12,,0,26.33,0.0,,,0.0,,,,,0,0,1,0,0.0,False
37,5.0,1,36.7,2.0,3.0,7.0,1.0,,,,,1,0,0,0,0.02702702702702703,False
0,0.0,0,0.0,0.0,0.0,0.0,0.0,,,,,1,0,0,0,0.0,False
0,0.0,0,0.0,0.0,0.0,0.0,0.0,0.0,0.0,0.0,0.0,0,0,0,1,0.0,False
20,1.0,0,29.95,0.0,22.0,0.0,0.0,,,,,1,0,0,0,0.0,False
38,9.0,1,39.37,1.0,7.0,0.0,0.0,,,,,1,0,0,0,0.02631578947368421,False
24,4.0,0,21.33,1.0,33.0,1.0,1.0,10.0,2.0,20.0,1.0,0,0,0,1,0.0,False
36,,0,25.78,0.0,,,0.0,,,,,0,0,1,0,0.0,False
0,,0,0.0,0.0,,,0.0,,,,,0,0,1,0,0.0,False
6,1.0,0,27.0,1.0,15.0,0.0,0.0,,,,,1,0,0,0,0.0,False
0,0.0,0,0.0,0.0,0.0,0.0,0.0,0.0,0.0,0.0,0.0,0,0,0,1,0.0,False
0,0.0,0,0.0,0.0,0.0,0.0,0.0,,,,,1,0,0,0,0.0,False
0,0.0,0,0.0,0.0,0.0,0.0,0.0,,,,,1,0,0,0,0.0,False
16,,0,30.69,0.0,,,0.0,,,,,0,0,1,0,0.0,False
5,0.0,1,26.2,0.0,15.0,0.0,0.0,,,,,1,0,0,0,0.2,False
37,37.0,10,61.03,15.0,222.0,1.0,1.0,97.0,39.0,40.0,2.0,0,0,0,1,0.2702702702702703,True
28,3.0,2,34.32,1.0,4.0,0.0,0.0,,,,,1,0,0,0,0.07142857142857142,False
5,0.0,0,19.4,0.0,2.0,1.0,0.0,,,,,1,0,0,0,0.0,False
38,,0,29.29,0.0,,,0.0,,,,,0,0,1,0,0.0,False
32,15.0,4,68.41,8.0,140.0,5.0,1.0,38.0,10.0,26.0,2.0,0,0,0,1,0.125,False
0,,0,0.0,0.0,,,0.0,,,,,0,0,1,0,0.0,False
0,0.0,0,0.0,0.0,0.0,0.0,0.0,,,,,1,0,0,0,0.0,False
0,0.0,0,0.0,0.0,0.0,0.0,0.0,0.0,0.0,0.0,0.0,0,0,0,1,0.0,False
16,1.0,0,24.56,0.0,3.0,3.0,1.0,10.0,7.0,70.0,1.0,0,0,0,1,0.0,False
20,2.0,1,31.6,1.0,8.0,1.0,0.0,12.0,3.0,25.0,1.0,0,0,0,1,0.05,False
0,0.0,0,0.0,0.0,0.0,0.0,0.0,,,,,1,0,0,0,0.0,False
14,4.0,1,19.14,0.0,7.0,0.0,0.0,7.0,1.0,14.0,0.0,0,0,0,1,0.07142857142857142,False
30,2.0,1,40.33,1.0,4.0,2.0,0.0,,,,,1,0,0,0,0.03333333333333333,False
34,11.0,3,87.5,7.0,9.0,0.0,0.0,47.0,19.0,40.0,1.0,0,0,0,1,0.08823529411764706,False
0,0.0,0,0.0,0.0,0.0,0.0,0.0,0.0,0.0,0.0,0.0,0,0,0,1,0.0,False
10,4.0,0,16.6,0.0,8.0,0.0,0.0,5.0,1.0,20.0,0.0,0,0,0,1,0.0,False
0,0.0,0,0.0,0.0,0.0,0.0,0.0,,,,,1,0,0,0,0.0,False
0,0.0,0,0.0,0.0,0.0,0.0,0.0,,,,,1,0,0,0,0.0,False
27,5.0,1,38.81,2.0,49.0,0.0,0.0,11.0,2.0,18.0,1.0,0,0,0,1,0.037037037037037035,False
5,0.0,1,8.8,1.0,4.0,0.0,0.0,0.0,0.0,0.0,0.0,0,0,0,1,0.2,False
0,0.0,0,0.0,0.0,0.0,0.0,0.0,0.0,0.0,0.0,0.0,0,1,0,0,0.0,False
20,,0,22.2,0.0,,,0.0,,,,,0,0,1,0,0.0,False
37,,0,29.16,0.0,,,0.0,,,,,0,0,1,0,0.0,False
21,2.0,0,29.14,0.0,17.0,0.0,0.0,,,,,1,0,0,0,0.0,False
0,0.0,0,0.0,0.0,0.0,0.0,0.0,,,,,1,0,0,0,0.0,False
0,0.0,0,0.0,0.0,0.0,0.0,0.0,,,,,1,0,0,0,0.0,False
32,6.0,1,50.19,1.0,78.0,1.0,0.0,,,,,1,0,0,0,0.03125,False
26,10.0,3,31.38,3.0,138.0,1.0,0.0,30.0,12.0,40.0,0.0,0,0,0,1,0.11538461538461539,False
1,0.0,0,7.0,0.0,2.0,0.0,0.0,0.0,0.0,0.0,0.0,0,1,0,0,0.0,False
25,4.0,1,35.84,0.0,71.0,0.0,0.0,,,,,1,0,0,0,0.04,False
2,0.0,0,4.0,0.0,0.0,0.0,0.0,0.0,0.0,0.0,0.0,0,0,0,1,0.0,False
4,0.0,0,13.5,0.0,0.0,0.0,0.0,,,,,1,0,0,0,0.0,False
28,3.0,0,7.96,0.0,5.0,10.0,2.0,22.0,10.0,45.0,0.0,0,1,0,0,0.0,False
29,9.0,3,20.38,4.0,2.0,15.0,3.0,56.0,33.0,59.0,13.0,0,1,0,0,0.10344827586206896,True
0,0.0,0,0.0,0.0,0.0,0.0,0.0,,,,,1,0,0,0,0.0,False
0,0.0,0,0.0,0.0,0.0,0.0,0.0,0.0,0.0,0.0,0.0,0,1,0,0,0.0,False
0,0.0,0,0.0,0.0,0.0,0.0,0.0,,,,,1,0,0,0,0.0,False
0,0.0,0,0.0,0.0,0.0,0.0,0.0,,,,,1,0,0,0,0.0,False
35,14.0,3,12.37,3.0,5.0,22.0,1.0,57.0,21.0,37.0,9.0,0,1,0,0,0.08571428571428572,False
1,,0,22.0,0.0,,,0.0,,,,,0,0,1,0,0.0,False
0,0.0,0,0.0,0.0,0.0,0.0,0.0,0.0,0.0,0.0,0.0,0,0,0,1,0.0,False
33,4.0,1,30.73,3.0,74.0,1.0,0.0,,,,,1,0,0,0,0.030303030303030304,False
0,0.0,0,0.0,0.0,0.0,0.0,0.0,0.0,0.0,0.0,0.0,0,0,0,1,0.0,False
29,12.0,1,12.93,5.0,3.0,5.0,3.0,48.0,15.0,31.0,9.0,0,1,0,0,0.034482758620689655,False
3,1.0,0,27.67,0.0,1.0,0.0,0.0,,,,,1,0,0,0,0.0,False
23,2.0,2,58.13,2.0,45.0,1.0,0.0,,,,,1,0,0,0,0.08695652173913043,False
0,0.0,0,0.0,0.0,0.0,0.0,0.0,,,,,1,0,0,0,0.0,False
0,0.0,0,0.0,0.0,0.0,0.0,0.0,0.0,0.0,0.0,0.0,0,1,0,0,0.0,False
28,4.0,1,37.93,0.0,6.0,2.0,0.0,22.0,8.0,36.0,1.0,0,0,0,1,0.03571428571428571,False
0,0.0,0,0.0,0.0,0.0,0.0,0.0,0.0,0.0,0.0,0.0,0,0,0,1,0.0,False
0,,0,0.0,0.0,,,0.0,,,,,0,0,1,0,0.0,False
0,0.0,0,0.0,0.0,0.0,0.0,0.0,0.0,0.0,0.0,0.0,0,1,0,0,0.0,False
0,0.0,0,0.0,0.0,0.0,0.0,0.0,0.0,0.0,0.0,0.0,0,1,0,0,0.0,False
3,,0,26.0,0.0,,,0.0,,,,,0,0,1,0,0.0,False
35,16.0,1,15.91,4.0,86.0,4.0,1.0,36.0,9.0,25.0,2.0,0,0,0,1,0.02857142857142857,False
0,,0,0.0,0.0,,,0.0,,,,,0,0,1,0,0.0,False
0,0.0,0,0.0,0.0,0.0,0.0,0.0,0.0,0.0,0.0,0.0,0,0,0,1,0.0,False
0,,0,0.0,0.0,,,0.0,,,,,0,0,1,0,0.0,False
38,12.0,8,31.97,16.0,234.0,9.0,0.0,44.0,20.0,45.0,0.0,0,0,0,1,0.21052631578947367,False
3,0.0,0,4.67,0.0,0.0,0.0,0.0,0.0,0.0,0.0,0.0,0,0,0,1,0.0,False
35,15.0,8,23.0,7.0,213.0,2.0,3.0,54.0,18.0,33.0,0.0,0,0,0,1,0.22857142857142856,False
33,6.0,1,47.45,1.0,11.0,1.0,0.0,23.0,7.0,30.0,1.0,0,0,0,1,0.030303030303030304,False
30,12.0,1,46.73,2.0,8.0,0.0,1.0,35.0,11.0,31.0,1.0,0,0,0,1,0.03333333333333333,False
0,,0,0.0,0.0,,,0.0,,,,,0,0,1,0,0.0,False
23,4.0,1,26.87,1.0,98.0,4.0,0.0,,,,,1,0,0,0,0.043478260869565216,False
0,0.0,0,0.0,0.0,0.0,0.0,0.0,0.0,0.0,0.0,0.0,0,0,0,1,0.0,False
4,,0,17.75,0.0,,,0.0,,,,,0,0,1,0,0.0,False
0,0.0,0,0.0,0.0,0.0,0.0,0.0,0.0,0.0,0.0,0.0,0,0,0,1,0.0,False
0,0.0,0,0.0,0.0,0.0,0.0,0.0,,,,,1,0,0,0,0.0,False
0,0.0,0,0.0,0.0,0.0,0.0,0.0,,,,,1,0,0,0,0.0,False
1,0.0,0,5.0,0.0,0.0,0.0,0.0,0.0,0.0,0.0,0.0,0,0,0,1,0.0,False
19,,1,28.63,0.0,,,0.0,,,,,0,0,1,0,0.05263157894736842,False
0,,0,0.0,0.0,,,0.0,,,,,0,0,1,0,0.0,False
26,1.0,0,20.27,0.0,17.0,0.0,0.0,14.0,9.0,64.0,1.0,0,0,0,1,0.0,False
34,18.0,4,40.26,9.0,51.0,16.0,0.0,71.0,37.0,52.0,5.0,0,1,0,0,0.11764705882352941,True
4,,0,23.5,0.0,,,0.0,,,,,0,0,1,0,0.0,False
2,0.0,0,4.5,0.0,0.0,0.0,0.0,,,,,1,0,0,0,0.0,False
16,4.0,2,14.63,0.0,1.0,7.0,1.0,17.0,7.0,41.0,2.0,0,1,0,0,0.125,False
27,4.0,1,77.22,2.0,25.0,0.0,1.0,15.0,3.0,20.0,1.0,0,0,0,1,0.037037037037037035,False
34,10.0,2,23.59,3.0,23.0,16.0,0.0,25.0,6.0,24.0,2.0,0,0,0,1,0.058823529411764705,False
27,,0,25.52,0.0,,,0.0,,,,,0,0,1,0,0.0,False
0,0.0,0,0.0,0.0,0.0,0.0,0.0,0.0,0.0,0.0,0.0,0,0,0,1,0.0,False
0,,0,0.0,0.0,,,0.0,,,,,0,0,1,0,0.0,False
26,6.0,2,40.12,2.0,15.0,2.0,0.0,12.0,1.0,8.0,0.0,0,0,0,1,0.07692307692307693,False
0,0.0,0,0.0,0.0,0.0,0.0,0.0,0.0,0.0,0.0,0.0,0,0,0,1,0.0,False
24,,0,26.25,0.0,,,0.0,,,,,0,0,1,0,0.0,False
0,,0,0.0,0.0,,,0.0,,,,,0,0,1,0,0.0,False
0,0.0,0,0.0,0.0,0.0,0.0,0.0,0.0,0.0,0.0,0.0,0,0,0,1,0.0,False
0,0.0,0,0.0,0.0,0.0,0.0,0.0,0.0,0.0,0.0,0.0,0,1,0,0,0.0,False
0,0.0,0,0.0,0.0,0.0,0.0,0.0,,,,,1,0,0,0,0.0,False
0,0.0,0,0.0,0.0,0.0,0.0,0.0,,,,,1,0,0,0,0.0,False
28,3.0,1,47.25,1.0,6.0,0.0,2.0,,,,,1,0,0,0,0.03571428571428571,False
30,4.0,0,47.1,0.0,3.0,0.0,0.0,12.0,2.0,17.0,0.0,0,0,0,1,0.0,False
12,1.0,0,50.25,0.0,0.0,0.0,0.0,,,,,1,0,0,0,0.0,False
28,7.0,4,34.21,6.0,210.0,1.0,0.0,,,,,1,0,0,0,0.14285714285714285,False
15,1.0,0,31.67,1.0,12.0,1.0,1.0,,,,,1,0,0,0,0.0,False
0,0.0,0,0.0,0.0,0.0,0.0,0.0,0.0,0.0,0.0,0.0,0,0,0,1,0.0,False
0,,0,0.0,0.0,,,0.0,,,,,0,0,1,0,0.0,False
0,0.0,0,0.0,0.0,0.0,0.0,0.0,,,,,1,0,0,0,0.0,False
0,0.0,0,0.0,0.0,0.0,0.0,0.0,0.0,0.0,0.0,0.0,0,1,0,0,0.0,False
0,0.0,0,0.0,0.0,0.0,0.0,0.0,,,,,1,0,0,0,0.0,False
2,1.0,0,8.0,0.0,2.0,0.0,0.0,2.0,1.0,50.0,0.0,0,1,0,0,0.0,False
0,0.0,0,0.0,0.0,0.0,0.0,0.0,,,,,1,0,0,0,0.0,False
3,0.0,0,3.0,0.0,0.0,0.0,0.0,0.0,0.0,0.0,0.0,0,1,0,0,0.0,False
1,0.0,0,4.0,0.0,0.0,0.0,0.0,,,,,1,0,0,0,0.0,False
0,0.0,0,0.0,0.0,0.0,0.0,0.0,0.0,0.0,0.0,0.0,0,0,0,1,0.0,False
0,0.0,0,0.0,0.0,0.0,0.0,0.0,,,,,1,0,0,0,0.0,False
1,0.0,0,24.0,0.0,0.0,0.0,0.0,0.0,0.0,0.0,0.0,0,0,0,1,0.0,False
23,5.0,0,48.17,0.0,12.0,1.0,1.0,16.0,6.0,38.0,1.0,0,0,0,1,0.0,False
32,21.0,6,21.72,6.0,109.0,2.0,2.0,54.0,17.0,31.0,1.0,0,0,0,1,0.1875,False
19,1.0,0,45.11,0.0,1.0,2.0,0.0,14.0,4.0,29.0,0.0,0,0,0,1,0.0,False
5,2.0,0,15.2,0.0,2.0,2.0,0.0,4.0,1.0,25.0,0.0,0,1,0,0,0.0,False
21,9.0,3,11.71,4.0,5.0,4.0,2.0,29.0,11.0,38.0,5.0,0,1,0,0,0.14285714285714285,False
0,,0,0.0,0.0,,,0.0,,,,,0,0,1,0,0.0,False
0,0.0,0,0.0,0.0,0.0,0.0,0.0,0.0,0.0,0.0,0.0,0,0,0,1,0.0,False
0,0.0,0,0.0,0.0,0.0,0.0,0.0,0.0,0.0,0.0,0.0,0,0,0,1,0.0,False
8,1.0,0,9.5,0.0,3.0,3.0,0.0,8.0,5.0,63.0,1.0,0,1,0,0,0.0,False
0,0.0,0,0.0,0.0,0.0,0.0,0.0,,,,,1,0,0,0,0.0,False
4,0.0,0,16.5,0.0,0.0,0.0,1.0,3.0,0.0,0.0,1.0,0,0,0,1,0.0,False
0,0.0,0,0.0,0.0,0.0,0.0,0.0,0.0,0.0,0.0,0.0,0,1,0,0,0.0,False
26,11.0,5,43.73,6.0,20.0,1.0,1.0,45.0,23.0,51.0,2.0,0,1,0,0,0.19230769230769232,False
32,14.0,3,16.34,4.0,23.0,14.0,0.0,52.0,16.0,31.0,3.0,0,1,0,0,0.09375,False
0,0.0,0,0.0,0.0,0.0,0.0,0.0,,,,,1,0,0,0,0.0,False
0,0.0,0,0.0,0.0,0.0,0.0,0.0,0.0,0.0,0.0,0.0,0,0,0,1,0.0,False
25,2.0,0,38.64,0.0,4.0,0.0,0.0,,,,,1,0,0,0,0.0,False
2,,0,21.5,0.0,,,0.0,,,,,0,0,1,0,0.0,False
13,5.0,0,34.31,0.0,2.0,0.0,1.0,11.0,2.0,18.0,1.0,0,0,0,1,0.0,False
0,0.0,0,0.0,0.0,0.0,0.0,0.0,,,,,1,0,0,0,0.0,False
23,5.0,0,33.39,2.0,68.0,1.0,1.0,,,,,1,0,0,0,0.0,False
1,0.0,0,0.0,0.0,0.0,0.0,0.0,0.0,0.0,0.0,0.0,0,1,0,0,0.0,False
0,0.0,0,0.0,0.0,0.0,0.0,0.0,0.0,0.0,0.0,0.0,0,0,0,1,0.0,False
0,0.0,0,0.0,0.0,0.0,0.0,0.0,,,,,1,0,0,0,0.0,False
13,4.0,1,11.23,0.0,13.0,1.0,0.0,13.0,5.0,38.0,1.0,0,1,0,0,0.07692307692307693,False
2,0.0,0,22.5,0.0,5.0,0.0,0.0,,,,,1,0,0,0,0.0,False
13,4.0,1,34.0,1.0,50.0,0.0,0.0,16.0,4.0,25.0,1.0,0,0,0,1,0.07692307692307693,False
0,,0,0.0,0.0,,,0.0,,,,,0,0,1,0,0.0,False
0,0.0,0,0.0,0.0,0.0,0.0,0.0,,,,,1,0,0,0,0.0,False
0,,0,0.0,0.0,,,0.0,,,,,0,0,1,0,0.0,False
0,0.0,0,0.0,0.0,0.0,0.0,0.0,,,,,1,0,0,0,0.0,False
0,0.0,0,0.0,0.0,0.0,0.0,0.0,0.0,0.0,0.0,0.0,0,0,0,1,0.0,False
0,0.0,0,0.0,0.0,0.0,0.0,0.0,0.0,0.0,0.0,0.0,0,0,0,1,0.0,False
0,0.0,0,0.0,0.0,0.0,0.0,0.0,,,,,1,0,0,0,0.0,False
0,0.0,0,0.0,0.0,0.0,0.0,0.0,,,,,1,0,0,0,0.0,False
8,2.0,1,43.38,1.0,3.0,0.0,0.0,,,,,1,0,0,0,0.125,False
30,8.0,1,19.77,1.0,6.0,3.0,1.0,47.0,17.0,36.0,8.0,0,1,0,0,0.03333333333333333,False
0,0.0,0,0.0,0.0,0.0,0.0,0.0,0.0,0.0,0.0,0.0,0,0,0,1,0.0,False
28,0.0,0,32.25,0.0,1.0,0.0,0.0,,,,,1,0,0,0,0.0,False
2,0.0,0,38.0,0.0,0.0,0.0,0.0,,,,,1,0,0,0,0.0,False
19,3.0,1,17.84,0.0,24.0,5.0,0.0,12.0,5.0,42.0,1.0,0,1,0,0,0.05263157894736842,False
1,0.0,0,6.0,0.0,2.0,0.0,0.0,0.0,0.0,0.0,0.0,0,0,0,1,0.0,False
0,0.0,0,0.0,0.0,0.0,0.0,0.0,,,,,1,0,0,0,0.0,False
37,48.0,2,17.76,5.0,20.0,42.0,6.0,184.0,76.0,41.0,18.0,0,1,0,0,0.05405405405405406,True
34,14.0,1,63.24,4.0,13.0,1.0,0.0,25.0,5.0,20.0,0.0,0,0,0,1,0.029411764705882353,False
0,0.0,0,0.0,0.0,0.0,0.0,0.0,0.0,0.0,0.0,0.0,0,0,0,1,0.0,False
19,,0,27.42,0.0,,,0.0,,,,,0,0,1,0,0.0,False
15,,0,24.87,0.0,,,0.0,,,,,0,0,1,0,0.0,False
19,1.0,0,11.95,1.0,5.0,1.0,0.0,4.0,1.0,25.0,0.0,0,0,0,1,0.0,False
0,0.0,0,0.0,0.0,0.0,0.0,0.0,0.0,0.0,0.0,0.0,0,1,0,0,0.0,False
30,2.0,1,38.57,2.0,4.0,4.0,0.0,,,,,1,0,0,0,0.03333333333333333,False
15,2.0,0,22.87,0.0,6.0,0.0,0.0,,,,,1,0,0,0,0.0,False
0,0.0,0,0.0,0.0,0.0,0.0,0.0,0.0,0.0,0.0,0.0,0,0,0,1,0.0,False
13,11.0,2,27.0,2.0,38.0,0.0,3.0,23.0,5.0,22.0,1.0,0,1,0,0,0.15384615384615385,False
19,1.0,1,30.89,2.0,46.0,0.0,0.0,,,,,1,0,0,0,0.05263157894736842,False
0,0.0,0,0.0,0.0,0.0,0.0,0.0,0.0,0.0,0.0,0.0,0,1,0,0,0.0,False
25,6.0,2,33.44,2.0,62.0,1.0,0.0,20.0,6.0,30.0,1.0,0,0,0,1,0.08,False
23,2.0,1,34.52,3.0,60.0,2.0,0.0,,,,,1,0,0,0,0.043478260869565216,False
33,15.0,3,20.88,8.0,34.0,4.0,1.0,51.0,21.0,41.0,1.0,0,1,0,0,0.09090909090909091,False
0,0.0,0,0.0,0.0,0.0,0.0,0.0,,,,,1,0,0,0,0.0,False
0,0.0,0,0.0,0.0,0.0,0.0,0.0,0.0,0.0,0.0,0.0,0,0,0,1,0.0,False
7,0.0,0,14.14,0.0,3.0,1.0,0.0,2.0,2.0,100.0,0.0,0,0,0,1,0.0,False
19,0.0,0,63.05,0.0,1.0,0.0,0.0,,,,,1,0,0,0,0.0,False
0,0.0,0,0.0,0.0,0.0,0.0,0.0,,,,,1,0,0,0,0.0,False
33,13.0,1,29.82,3.0,98.0,8.0,2.0,46.0,12.0,26.0,4.0,0,0,0,1,0.030303030303030304,False
0,0.0,0,0.0,0.0,0.0,0.0,0.0,,,,,1,0,0,0,0.0,False
27,7.0,4,46.96,6.0,42.0,1.0,1.0,,,,,1,0,0,0,0.14814814814814814,False
17,2.0,1,84.06,1.0,0.0,0.0,0.0,,,,,1,0,0,0,0.058823529411764705,False
13,0.0,0,23.92,0.0,10.0,0.0,0.0,,,,,1,0,0,0,0.0,False
25,2.0,0,69.8,0.0,5.0,2.0,1.0,,,,,1,0,0,0,0.0,False
33,7.0,3,28.94,0.0,17.0,6.0,1.0,23.0,5.0,22.0,2.0,0,0,0,1,0.09090909090909091,False
0,,0,0.0,0.0,,,0.0,,,,,0,0,1,0,0.0,False
27,3.0,2,30.11,4.0,18.0,1.0,1.0,17.0,3.0,18.0,0.0,0,0,0,1,0.07407407407407407,False
32,17.0,4,22.56,5.0,16.0,23.0,2.0,68.0,35.0,51.0,13.0,0,1,0,0,0.125,True
12,6.0,0,18.33,0.0,8.0,1.0,0.0,11.0,0.0,0.0,2.0,0,0,0,1,0.0,False
25,6.0,2,17.84,4.0,25.0,3.0,1.0,20.0,6.0,30.0,3.0,0,0,0,1,0.08,False
27,12.0,6,44.96,6.0,82.0,3.0,0.0,44.0,18.0,41.0,3.0,0,0,0,1,0.2222222222222222,False
9,3.0,0,90.11,0.0,2.0,0.0,0.0,,,,,1,0,0,0,0.0,False
33,0.0,0,35.88,0.0,2.0,0.0,0.0,,,,,1,0,0,0,0.0,False
0,0.0,0,0.0,0.0,0.0,0.0,0.0,,,,,1,0,0,0,0.0,False
0,0.0,0,0.0,0.0,0.0,0.0,0.0,0.0,0.0,0.0,0.0,0,1,0,0,0.0,False
0,0.0,0,0.0,0.0,0.0,0.0,0.0,0.0,0.0,0.0,0.0,0,1,0,0,0.0,False
0,0.0,0,0.0,0.0,0.0,0.0,0.0,0.0,0.0,0.0,0.0,0,0,0,1,0.0,False
7,0.0,0,9.57,0.0,7.0,0.0,0.0,1.0,0.0,0.0,0.0,0,0,0,1,0.0,False
0,,0,0.0,0.0,,,0.0,,,,,0,0,1,0,0.0,False
24,4.0,2,44.63,2.0,4.0,2.0,0.0,,,,,1,0,0,0,0.08333333333333333,False
0,0.0,0,0.0,0.0,0.0,0.0,0.0,0.0,0.0,0.0,0.0,0,0,0,1,0.0,False
25,5.0,1,38.84,1.0,10.0,2.0,1.0,23.0,5.0,22.0,0.0,0,0,0,1,0.04,False
29,7.0,2,16.14,1.0,38.0,1.0,1.0,14.0,5.0,36.0,0.0,0,0,0,1,0.06896551724137931,False
0,0.0,0,0.0,0.0,0.0,0.0,0.0,0.0,0.0,0.0,0.0,0,0,0,1,0.0,False
0,,0,0.0,0.0,,,0.0,,,,,0,0,1,0,0.0,False
29,8.0,2,42.34,0.0,29.0,1.0,0.0,18.0,2.0,11.0,0.0,0,0,0,1,0.06896551724137931,False
0,,0,0.0,0.0,,,0.0,,,,,0,0,1,0,0.0,False
17,1.0,0,44.18,1.0,1.0,0.0,0.0,,,,,1,0,0,0,0.0,False
33,15.0,5,28.24,4.0,46.0,4.0,3.0,56.0,23.0,41.0,7.0,0,0,0,1,0.15151515151515152,False
34,4.0,2,32.44,2.0,16.0,1.0,1.0,15.0,4.0,27.0,1.0,0,0,0,1,0.058823529411764705,False
16,2.0,0,5.5,0.0,0.0,2.0,0.0,6.0,2.0,33.0,1.0,0,1,0,0,0.0,False
36,,0,27.67,0.0,,,0.0,,,,,0,0,1,0,0.0,False
6,2.0,1,8.5,0.0,3.0,2.0,0.0,6.0,1.0,17.0,0.0,0,1,0,0,0.16666666666666666,False
24,13.0,3,30.13,5.0,12.0,3.0,1.0,32.0,7.0,22.0,3.0,0,0,0,1,0.125,False
0,0.0,0,0.0,0.0,0.0,0.0,0.0,0.0,0.0,0.0,0.0,0,0,0,1,0.0,False
6,0.0,0,10.83,0.0,8.0,0.0,0.0,3.0,3.0,100.0,0.0,0,1,0,0,0.0,False
16,5.0,2,33.81,3.0,2.0,1.0,1.0,,,,,1,0,0,0,0.125,False
7,2.0,1,6.43,1.0,2.0,0.0,0.0,3.0,0.0,0.0,0.0,0,1,0,0,0.14285714285714285,False
38,,1,33.79,0.0,,,0.0,,,,,0,0,1,0,0.02631578947368421,False
29,4.0,1,62.17,1.0,4.0,1.0,0.0,,,,,1,0,0,0,0.034482758620689655,False
26,1.0,3,31.65,3.0,71.0,1.0,0.0,,,,,1,0,0,0,0.11538461538461539,False
0,0.0,0,0.0,0.0,0.0,0.0,0.0,0.0,0.0,0.0,0.0,0,1,0,0,0.0,False
0,0.0,0,0.0,0.0,0.0,0.0,0.0,0.0,0.0,0.0,0.0,0,0,0,1,0.0,False
6,1.0,1,18.83,0.0,1.0,0.0,0.0,5.0,2.0,40.0,0.0,0,1,0,0,0.16666666666666666,False
34,18.0,7,21.21,9.0,36.0,18.0,1.0,86.0,43.0,50.0,11.0,0,1,0,0,0.20588235294117646,True
1,0.0,0,6.0,0.0,2.0,0.0,0.0,1.0,0.0,0.0,0.0,0,1,0,0,0.0,False
1,1.0,0,7.0,0.0,4.0,0.0,0.0,1.0,0.0,0.0,0.0,0,1,0,0,0.0,False
0,,0,0.0,0.0,,,0.0,,,,,0,0,1,0,0.0,False
0,,0,0.0,0.0,,,0.0,,,,,0,0,1,0,0.0,False
0,0.0,0,0.0,0.0,0.0,0.0,0.0,,,,,1,0,0,0,0.0,False
38,7.0,4,45.79,5.0,15.0,4.0,2.0,,,,,1,0,0,0,0.10526315789473684,False
0,0.0,0,0.0,0.0,0.0,0.0,0.0,0.0,0.0,0.0,0.0,0,0,0,1,0.0,False
36,19.0,10,35.44,12.0,158.0,10.0,0.0,73.0,36.0,49.0,5.0,0,1,0,0,0.2777777777777778,True
15,1.0,0,35.73,1.0,20.0,0.0,1.0,5.0,0.0,0.0,0.0,0,0,0,1,0.0,False
0,0.0,0,0.0,0.0,0.0,0.0,0.0,0.0,0.0,0.0,0.0,0,0,0,1,0.0,False
0,0.0,0,0.0,0.0,0.0,0.0,0.0,0.0,0.0,0.0,0.0,0,1,0,0,0.0,False
22,2.0,1,22.41,0.0,46.0,0.0,0.0,,,,,1,0,0,0,0.045454545454545456,False
0,,0,0.0,0.0,,,0.0,,,,,0,0,1,0,0.0,False
29,13.0,7,33.17,9.0,32.0,12.0,3.0,70.0,26.0,37.0,12.0,0,1,0,0,0.2413793103448276,True
11,1.0,0,37.55,0.0,0.0,0.0,0.0,,,,,1,0,0,0,0.0,False
21,0.0,1,25.71,3.0,30.0,2.0,0.0,,,,,1,0,0,0,0.047619047619047616,False
0,0.0,0,0.0,0.0,0.0,0.0,0.0,0.0,0.0,0.0,0.0,0,1,0,0,0.0,False
36,10.0,1,17.69,4.0,102.0,7.0,2.0,28.0,9.0,32.0,1.0,0,0,0,1,0.027777777777777776,False
28,2.0,0,34.32,0.0,4.0,0.0,0.0,,,,,1,0,0,0,0.0,False
0,0.0,0,0.0,0.0,0.0,0.0,0.0,0.0,0.0,0.0,0.0,0,0,0,1,0.0,False
0,0.0,0,0.0,0.0,0.0,0.0,0.0,0.0,0.0,0.0,0.0,0,1,0,0,0.0,False
0,0.0,0,0.0,0.0,0.0,0.0,0.0,0.0,0.0,0.0,0.0,0,0,0,1,0.0,False
30,18.0,5,24.37,9.0,48.0,8.0,0.0,49.0,16.0,33.0,5.0,0,1,0,0,0.16666666666666666,False
0,,0,0.0,0.0,,,0.0,,,,,0,0,1,0,0.0,False
17,1.0,0,20.65,0.0,4.0,1.0,0.0,,,,,1,0,0,0,0.0,False
0,0.0,0,0.0,0.0,0.0,0.0,0.0,,,,,1,0,0,0,0.0,False
1,0.0,0,2.0,0.0,0.0,0.0,0.0,,,,,1,0,0,0,0.0,False
0,0.0,0,0.0,0.0,0.0,0.0,0.0,0.0,0.0,0.0,0.0,0,0,0,1,0.0,False
0,0.0,0,0.0,0.0,0.0,0.0,0.0,,,,,1,0,0,0,0.0,False
27,3.0,3,25.3,3.0,100.0,2.0,0.0,,,,,1,0,0,0,0.1111111111111111,False
28,6.0,5,43.39,6.0,111.0,18.0,2.0,28.0,10.0,36.0,3.0,0,0,0,1,0.17857142857142858,False
0,0.0,0,0.0,0.0,0.0,0.0,0.0,,,,,1,0,0,0,0.0,False
36,5.0,1,72.25,2.0,18.0,2.0,0.0,18.0,3.0,17.0,0.0,0,0,0,1,0.027777777777777776,False
25,2.0,0,66.2,1.0,0.0,1.0,1.0,,,,,1,0,0,0,0.0,False
3,0.0,0,34.33,0.0,0.0,0.0,0.0,,,,,1,0,0,0,0.0,False
38,3.0,1,45.89,1.0,2.0,1.0,0.0,,,,,1,0,0,0,0.02631578947368421,False
9,0.0,0,23.67,1.0,7.0,0.0,0.0,,,,,1,0,0,0,0.0,False
33,9.0,1,32.42,3.0,11.0,0.0,0.0,30.0,11.0,37.0,1.0,0,0,0,1,0.030303030303030304,False
9,0.0,0,13.89,0.0,1.0,0.0,0.0,,,,,1,0,0,0,0.0,False
11,1.0,1,9.0,1.0,3.0,0.0,0.0,5.0,3.0,60.0,0.0,0,1,0,0,0.09090909090909091,False
4,0.0,0,24.25,0.0,2.0,0.0,0.0,1.0,0.0,0.0,0.0,0,0,0,1,0.0,False
30,9.0,0,11.97,0.0,88.0,5.0,0.0,30.0,6.0,20.0,1.0,0,0,0,1,0.0,False
0,0.0,0,0.0,0.0,0.0,0.0,0.0,0.0,0.0,0.0,0.0,0,0,0,1,0.0,False
0,0.0,0,0.0,0.0,0.0,0.0,0.0,0.0,0.0,0.0,0.0,0,0,0,1,0.0,False
1,0.0,0,1.0,0.0,0.0,0.0,0.0,0.0,0.0,0.0,0.0,0,0,0,1,0.0,False
7,0.0,0,9.0,0.0,4.0,1.0,0.0,1.0,0.0,0.0,0.0,1,0,0,0,0.0,False
13,0.0,0,26.38,0.0,4.0,0.0,0.0,1.0,0.0,0.0,0.0,0,0,0,1,0.0,False
29,4.0,0,36.93,0.0,3.0,3.0,0.0,,,,,1,0,0,0,0.0,False
0,0.0,0,0.0,0.0,0.0,0.0,0.0,,,,,1,0,0,0,0.0,False
0,0.0,0,0.0,0.0,0.0,0.0,0.0,0.0,0.0,0.0,0.0,0,0,0,1,0.0,False
24,7.0,1,33.83,1.0,3.0,0.0,1.0,16.0,6.0,38.0,0.0,0,0,0,1,0.041666666666666664,False
6,0.0,0,41.17,0.0,0.0,0.0,0.0,,,,,1,0,0,0,0.0,False
11,2.0,0,44.18,0.0,1.0,0.0,0.0,7.0,1.0,14.0,0.0,0,0,0,1,0.0,False
0,0.0,0,0.0,0.0,0.0,0.0,0.0,,,,,1,0,0,0,0.0,False
19,,0,26.21,0.0,,,0.0,,,,,0,0,1,0,0.0,False
36,11.0,1,45.89,2.0,39.0,1.0,1.0,42.0,17.0,40.0,2.0,0,0,0,1,0.027777777777777776,True
32,8.0,3,46.25,5.0,123.0,0.0,0.0,21.0,5.0,24.0,0.0,0,0,0,1,0.09375,False
4,1.0,0,28.25,0.0,1.0,0.0,0.0,,,,,1,0,0,0,0.0,False
5,0.0,0,10.8,0.0,4.0,0.0,0.0,4.0,2.0,50.0,0.0,0,0,0,1,0.0,False
0,0.0,0,0.0,0.0,0.0,0.0,0.0,,,,,1,0,0,0,0.0,False
6,1.0,0,9.0,0.0,0.0,1.0,0.0,4.0,2.0,50.0,1.0,0,1,0,0,0.0,False
0,0.0,0,0.0,0.0,0.0,0.0,0.0,0.0,0.0,0.0,0.0,0,0,0,1,0.0,False
26,8.0,9,37.69,11.0,84.0,4.0,0.0,36.0,16.0,44.0,1.0,0,0,0,1,0.34615384615384615,False
0,0.0,0,0.0,0.0,0.0,0.0,0.0,0.0,0.0,0.0,0.0,0,0,0,1,0.0,False
13,4.0,1,64.38,1.0,8.0,1.0,0.0,8.0,1.0,13.0,0.0,0,0,0,1,0.07692307692307693,False
36,33.0,10,26.28,12.0,86.0,17.0,3.0,144.0,67.0,47.0,23.0,0,1,0,0,0.2777777777777778,True
0,0.0,0,0.0,0.0,0.0,0.0,0.0,0.0,0.0,0.0,0.0,0,0,0,1,0.0,False
0,0.0,0,0.0,0.0,0.0,0.0,0.0,0.0,0.0,0.0,0.0,0,0,0,1,0.0,False
0,0.0,0,0.0,0.0,0.0,0.0,0.0,,,,,1,0,0,0,0.0,False
36,15.0,3,52.83,5.0,185.0,2.0,1.0,29.0,7.0,24.0,0.0,0,0,0,1,0.08333333333333333,False
31,16.0,6,18.58,4.0,19.0,29.0,1.0,79.0,34.0,43.0,17.0,0,1,0,0,0.1935483870967742,True
0,0.0,0,0.0,0.0,0.0,0.0,0.0,0.0,0.0,0.0,0.0,0,1,0,0,0.0,False
32,1.0,0,28.53,0.0,0.0,1.0,0.0,,,,,1,0,0,0,0.0,False
4,0.0,0,22.0,0.0,2.0,0.0,0.0,4.0,2.0,50.0,2.0,0,0,0,1,0.0,False
28,9.0,3,29.75,3.0,90.0,9.0,0.0,35.0,11.0,31.0,1.0,0,0,0,1,0.10714285714285714,False
28,5.0,1,18.68,2.0,9.0,23.0,2.0,49.0,21.0,43.0,2.0,0,1,0,0,0.03571428571428571,False
23,6.0,0,7.0,2.0,9.0,0.0,0.0,22.0,5.0,23.0,0.0,0,1,0,0,0.0,False
0,0.0,0,0.0,0.0,0.0,0.0,0.0,,,,,1,0,0,0,0.0,False
0,,0,0.0,0.0,,,0.0,,,,,0,0,1,0,0.0,False
0,0.0,0,0.0,0.0,0.0,0.0,0.0,,,,,1,0,0,0,0.0,False
0,,0,0.0,0.0,,,0.0,,,,,0,0,1,0,0.0,False
4,1.0,0,10.75,0.0,2.0,1.0,0.0,1.0,0.0,0.0,0.0,0,1,0,0,0.0,False
35,7.0,0,18.97,2.0,9.0,35.0,0.0,53.0,25.0,47.0,9.0,0,1,0,0,0.0,True
0,0.0,0,0.0,0.0,0.0,0.0,0.0,0.0,0.0,0.0,0.0,0,1,0,0,0.0,False
3,1.0,1,6.0,1.0,0.0,0.0,0.0,2.0,0.0,0.0,0.0,0,0,0,1,0.3333333333333333,False
27,3.0,1,64.22,3.0,12.0,2.0,0.0,,,,,1,0,0,0,0.037037037037037035,False
0,0.0,0,0.0,0.0,0.0,0.0,0.0,0.0,0.0,0.0,0.0,0,0,0,1,0.0,False
1,,0,19.0,0.0,,,0.0,,,,,0,0,1,0,0.0,False
0,0.0,0,0.0,0.0,0.0,0.0,0.0,0.0,0.0,0.0,0.0,0,1,0,0,0.0,False
28,5.0,2,61.39,4.0,31.0,2.0,1.0,,,,,1,0,0,0,0.07142857142857142,False
18,1.0,0,10.78,2.0,23.0,4.0,1.0,9.0,5.0,56.0,1.0,0,1,0,0,0.0,False
0,0.0,0,0.0,0.0,0.0,0.0,0.0,0.0,0.0,0.0,0.0,0,0,0,1,0.0,False
34,7.0,2,48.18,0.0,62.0,0.0,0.0,,,,,1,0,0,0,0.058823529411764705,False
0,0.0,0,0.0,0.0,0.0,0.0,0.0,0.0,0.0,0.0,0.0,0,1,0,0,0.0,False
0,0.0,0,0.0,0.0,0.0,0.0,0.0,0.0,0.0,0.0,0.0,0,0,0,1,0.0,False
0,0.0,0,0.0,0.0,0.0,0.0,0.0,0.0,0.0,0.0,0.0,0,1,0,0,0.0,False
3,0.0,0,26.33,0.0,1.0,0.0,0.0,2.0,0.0,0.0,0.0,0,1,0,0,0.0,False
0,0.0,0,0.0,0.0,0.0,0.0,0.0,,,,,1,0,0,0,0.0,False
1,0.0,0,5.0,0.0,0.0,0.0,0.0,0.0,0.0,0.0,0.0,0,1,0,0,0.0,False
22,7.0,2,11.36,3.0,7.0,20.0,3.0,37.0,18.0,49.0,7.0,0,1,0,0,0.09090909090909091,False
3,0.0,0,2.33,0.0,0.0,0.0,0.0,1.0,1.0,100.0,0.0,0,1,0,0,0.0,False
9,1.0,0,9.22,0.0,13.0,0.0,0.0,4.0,0.0,0.0,0.0,0,0,0,1,0.0,False
2,0.0,0,2.5,0.0,0.0,0.0,0.0,0.0,0.0,0.0,0.0,0,1,0,0,0.0,False
29,4.0,0,45.66,2.0,23.0,2.0,0.0,15.0,6.0,40.0,1.0,0,0,0,1,0.0,False
0,0.0,0,0.0,0.0,0.0,0.0,0.0,0.0,0.0,0.0,0.0,0,1,0,0,0.0,False
0,,0,0.0,0.0,,,0.0,,,,,0,0,1,0,0.0,False
3,0.0,0,22.0,0.0,9.0,2.0,0.0,1.0,0.0,0.0,0.0,0,1,0,0,0.0,False
0,0.0,0,0.0,0.0,0.0,0.0,0.0,0.0,0.0,0.0,0.0,0,0,0,1,0.0,False
0,0.0,0,0.0,0.0,0.0,0.0,0.0,0.0,0.0,0.0,0.0,0,0,0,1,0.0,False
29,1.0,1,25.97,2.0,88.0,0.0,0.0,,,,,1,0,0,0,0.034482758620689655,False
0,0.0,0,0.0,0.0,0.0,0.0,0.0,0.0,0.0,0.0,0.0,0,0,0,1,0.0,False
0,0.0,0,0.0,0.0,0.0,0.0,0.0,0.0,0.0,0.0,0.0,0,0,0,1,0.0,False
0,0.0,0,0.0,0.0,0.0,0.0,0.0,,,,,1,0,0,0,0.0,False
0,,0,0.0,0.0,,,0.0,,,,,0,0,1,0,0.0,False
0,0.0,0,0.0,0.0,0.0,0.0,0.0,0.0,0.0,0.0,0.0,0,0,0,1,0.0,False
0,0.0,0,0.0,0.0,0.0,0.0,0.0,,,,,1,0,0,0,0.0,False
0,0.0,0,0.0,0.0,0.0,0.0,0.0,0.0,0.0,0.0,0.0,0,0,0,1,0.0,False
1,0.0,0,1.0,0.0,0.0,0.0,0.0,1.0,0.0,0.0,1.0,0,1,0,0,0.0,False
21,4.0,0,36.05,1.0,8.0,0.0,1.0,13.0,5.0,38.0,0.0,0,0,0,1,0.0,False
32,3.0,0,31.66,1.0,2.0,0.0,0.0,,,,,1,0,0,0,0.0,False
0,0.0,0,0.0,0.0,0.0,0.0,0.0,0.0,0.0,0.0,0.0,0,0,0,1,0.0,False
15,2.0,1,10.27,0.0,1.0,4.0,1.0,10.0,3.0,30.0,2.0,0,1,0,0,0.06666666666666667,False
27,5.0,2,14.3,2.0,6.0,9.0,0.0,28.0,16.0,57.0,5.0,0,1,0,0,0.07407407407407407,False
0,0.0,0,0.0,0.0,0.0,0.0,0.0,,,,,1,0,0,0,0.0,False
0,0.0,0,0.0,0.0,0.0,0.0,0.0,0.0,0.0,0.0,0.0,0,1,0,0,0.0,False
36,5.0,1,31.78,0.0,163.0,2.0,0.0,,,,,1,0,0,0,0.027777777777777776,False
0,0.0,0,0.0,0.0,0.0,0.0,0.0,0.0,0.0,0.0,0.0,0,0,0,1,0.0,False
0,0.0,0,0.0,0.0,0.0,0.0,0.0,0.0,0.0,0.0,0.0,0,1,0,0,0.0,False
1,0.0,0,2.0,0.0,0.0,0.0,0.0,0.0,0.0,0.0,0.0,0,1,0,0,0.0,False
0,0.0,0,0.0,0.0,0.0,0.0,0.0,,,,,1,0,0,0,0.0,False
5,,0,23.4,0.0,,,0.0,,,,,0,0,1,0,0.0,False
34,6.0,0,90.41,1.0,2.0,0.0,2.0,,,,,1,0,0,0,0.0,False
1,0.0,0,2.0,0.0,0.0,0.0,0.0,0.0,0.0,0.0,0.0,0,0,0,1,0.0,False
35,16.0,7,23.89,5.0,86.0,3.0,1.0,47.0,17.0,36.0,0.0,0,0,0,1,0.2,False
26,13.0,8,69.58,13.0,98.0,12.0,0.0,39.0,14.0,36.0,4.0,0,0,0,1,0.3076923076923077,False
4,1.0,0,13.25,0.0,4.0,0.0,0.0,2.0,1.0,50.0,0.0,0,0,0,1,0.0,False
0,0.0,0,0.0,0.0,0.0,0.0,0.0,,,,,1,0,0,0,0.0,False
0,,0,0.0,0.0,,,0.0,,,,,0,0,1,0,0.0,False
0,0.0,0,0.0,0.0,0.0,0.0,0.0,,,,,1,0,0,0,0.0,False
0,0.0,0,0.0,0.0,0.0,0.0,0.0,0.0,0.0,0.0,0.0,0,0,0,1,0.0,False
0,0.0,0,0.0,0.0,0.0,0.0,0.0,,,,,1,0,0,0,0.0,False
0,0.0,0,0.0,0.0,0.0,0.0,0.0,0.0,0.0,0.0,0.0,0,0,0,1,0.0,False
31,12.0,2,21.1,0.0,46.0,15.0,1.0,56.0,20.0,36.0,2.0,0,1,0,0,0.06451612903225806,False
0,0.0,0,0.0,0.0,0.0,0.0,0.0,0.0,0.0,0.0,0.0,0,1,0,0,0.0,False
0,0.0,0,0.0,0.0,0.0,0.0,0.0,,,,,1,0,0,0,0.0,False
0,0.0,0,0.0,0.0,0.0,0.0,0.0,0.0,0.0,0.0,0.0,0,1,0,0,0.0,False
32,11.0,2,21.13,6.0,49.0,2.0,1.0,33.0,13.0,39.0,2.0,0,0,0,1,0.0625,False
0,0.0,0,0.0,0.0,0.0,0.0,0.0,0.0,0.0,0.0,0.0,0,1,0,0,0.0,False
0,,0,0.0,0.0,,,0.0,,,,,0,0,1,0,0.0,False
14,23.0,6,49.29,7.0,58.0,4.0,2.0,54.0,17.0,31.0,1.0,0,0,0,1,0.42857142857142855,False
0,0.0,0,0.0,0.0,0.0,0.0,0.0,0.0,0.0,0.0,0.0,0,0,0,1,0.0,False
38,,0,30.58,0.0,,,0.0,,,,,0,0,1,0,0.0,False
2,0.0,1,48.0,0.0,7.0,0.0,0.0,,,,,1,0,0,0,0.5,False
31,0.0,1,32.26,3.0,64.0,2.0,0.0,,,,,1,0,0,0,0.03225806451612903,False
27,29.0,10,63.74,4.0,28.0,3.0,2.0,76.0,18.0,24.0,6.0,0,0,0,1,0.37037037037037035,False
35,,0,31.4,0.0,,,0.0,,,,,0,0,1,0,0.0,False
14,11.0,1,24.57,5.0,48.0,1.0,0.0,20.0,4.0,20.0,0.0,0,0,0,1,0.07142857142857142,False
21,1.0,0,27.05,1.0,1.0,2.0,0.0,,,,,1,0,0,0,0.0,False
35,10.0,4,39.63,1.0,12.0,2.0,1.0,36.0,5.0,14.0,3.0,0,0,0,1,0.11428571428571428,False
20,4.0,0,23.45,0.0,32.0,2.0,1.0,19.0,5.0,26.0,1.0,0,0,0,1,0.0,False
10,5.0,0,23.8,0.0,20.0,0.0,0.0,10.0,2.0,20.0,2.0,0,0,0,1,0.0,False
26,4.0,4,16.23,3.0,22.0,3.0,0.0,16.0,4.0,25.0,1.0,0,1,0,0,0.15384615384615385,False
0,0.0,0,0.0,0.0,0.0,0.0,0.0,0.0,0.0,0.0,0.0,0,0,0,1,0.0,False
0,0.0,0,0.0,0.0,0.0,0.0,0.0,0.0,0.0,0.0,0.0,0,0,0,1,0.0,False
24,3.0,0,17.54,0.0,16.0,3.0,0.0,13.0,6.0,46.0,0.0,0,0,0,1,0.0,False
8,3.0,0,10.25,0.0,6.0,1.0,0.0,9.0,1.0,11.0,0.0,0,1,0,0,0.0,False
0,,0,0.0,0.0,,,0.0,,,,,0,0,1,0,0.0,False
24,11.0,8,51.63,9.0,17.0,0.0,2.0,56.0,25.0,45.0,6.0,0,0,0,1,0.3333333333333333,False
0,0.0,0,0.0,0.0,0.0,0.0,0.0,,,,,1,0,0,0,0.0,False
0,,0,0.0,0.0,,,0.0,,,,,0,0,1,0,0.0,False
4,0.0,0,23.75,0.0,6.0,0.0,0.0,,,,,1,0,0,0,0.0,False
35,23.0,5,16.46,7.0,81.0,9.0,2.0,61.0,21.0,34.0,3.0,0,1,0,0,0.14285714285714285,False
31,13.0,3,25.77,6.0,69.0,4.0,1.0,44.0,15.0,34.0,1.0,0,0,0,1,0.0967741935483871,False
0,0.0,0,0.0,0.0,0.0,0.0,0.0,0.0,0.0,0.0,0.0,0,0,0,1,0.0,False
17,1.0,0,38.76,0.0,1.0,0.0,0.0,,,,,1,0,0,0,0.0,False
0,0.0,0,0.0,0.0,0.0,0.0,0.0,0.0,0.0,0.0,0.0,0,0,0,1,0.0,False
0,0.0,0,0.0,0.0,0.0,0.0,0.0,0.0,0.0,0.0,0.0,0,1,0,0,0.0,False
12,3.0,0,31.58,0.0,32.0,0.0,0.0,12.0,0.0,0.0,0.0,0,0,0,1,0.0,False
26,2.0,0,22.04,0.0,5.0,0.0,0.0,5.0,0.0,0.0,0.0,0,0,0,1,0.0,False
38,26.0,4,21.16,6.0,51.0,21.0,2.0,95.0,22.0,23.0,13.0,0,1,0,0,0.10526315789473684,False
12,0.0,0,12.92,0.0,2.0,0.0,0.0,1.0,0.0,0.0,0.0,0,0,0,1,0.0,False
35,23.0,5,29.89,10.0,190.0,3.0,3.0,59.0,16.0,27.0,1.0,0,0,0,1,0.14285714285714285,False
0,0.0,0,0.0,0.0,0.0,0.0,0.0,0.0,0.0,0.0,0.0,0,1,0,0,0.0,False
0,0.0,0,0.0,0.0,0.0,0.0,0.0,,,,,1,0,0,0,0.0,False
37,24.0,7,31.59,11.0,43.0,13.0,1.0,84.0,38.0,45.0,7.0,0,1,0,0,0.1891891891891892,True
0,0.0,0,0.0,0.0,0.0,0.0,0.0,0.0,0.0,0.0,0.0,0,0,0,1,0.0,False
22,3.0,5,64.59,8.0,88.0,5.0,0.0,,,,,1,0,0,0,0.22727272727272727,False
0,,0,0.0,0.0,,,0.0,,,,,0,0,1,0,0.0,False
21,4.0,0,8.76,0.0,19.0,6.0,1.0,19.0,8.0,42.0,1.0,0,1,0,0,0.0,False
0,0.0,0,0.0,0.0,0.0,0.0,0.0,,,,,1,0,0,0,0.0,False
37,16.0,1,19.03,3.0,30.0,18.0,2.0,69.0,25.0,36.0,4.0,0,1,0,0,0.02702702702702703,False
9,2.0,0,39.78,0.0,1.0,0.0,0.0,,,,,1,0,0,0,0.0,False
1,,0,20.0,0.0,,,0.0,,,,,0,0,1,0,0.0,False
34,7.0,0,54.21,3.0,6.0,3.0,1.0,27.0,4.0,15.0,1.0,0,0,0,1,0.0,False
36,11.0,3,23.14,3.0,35.0,28.0,2.0,79.0,29.0,37.0,9.0,0,1,0,0,0.08333333333333333,False
31,8.0,2,37.48,3.0,62.0,8.0,1.0,45.0,17.0,38.0,5.0,0,1,0,0,0.06451612903225806,True
10,3.0,1,37.8,0.0,57.0,0.0,0.0,,,,,1,0,0,0,0.1,False
3,0.0,0,21.67,0.0,1.0,0.0,0.0,,,,,1,0,0,0,0.0,False
15,1.0,0,10.67,0.0,15.0,0.0,0.0,5.0,2.0,40.0,0.0,0,0,0,1,0.0,False
0,0.0,0,0.0,0.0,0.0,0.0,0.0,,,,,1,0,0,0,0.0,False
27,5.0,1,63.3,1.0,10.0,2.0,0.0,,,,,1,0,0,0,0.037037037037037035,False
38,,0,27.71,0.0,,,0.0,,,,,0,0,1,0,0.0,False
5,3.0,1,19.6,0.0,1.0,1.0,0.0,5.0,0.0,0.0,0.0,0,0,0,1,0.2,False
1,0.0,0,24.0,0.0,2.0,0.0,0.0,1.0,1.0,100.0,0.0,0,0,0,1,0.0,False
19,1.0,2,38.89,2.0,0.0,0.0,1.0,,,,,1,0,0,0,0.10526315789473684,False
16,5.0,0,8.19,3.0,27.0,4.0,0.0,17.0,6.0,35.0,2.0,0,0,0,1,0.0,False
0,0.0,0,0.0,0.0,0.0,0.0,0.0,0.0,0.0,0.0,0.0,0,0,0,1,0.0,False
31,30.0,6,46.94,10.0,97.0,26.0,4.0,88.0,35.0,40.0,9.0,0,1,0,0,0.1935483870967742,False
0,0.0,0,0.0,0.0,0.0,0.0,0.0,0.0,0.0,0.0,0.0,0,0,0,1,0.0,False
0,0.0,0,0.0,0.0,0.0,0.0,0.0,0.0,0.0,0.0,0.0,0,0,0,1,0.0,False
32,18.0,15,34.09,13.0,93.0,7.0,2.0,57.0,20.0,35.0,6.0,0,0,0,1,0.46875,True
0,0.0,0,0.0,0.0,0.0,0.0,0.0,0.0,0.0,0.0,0.0,0,0,0,1,0.0,False
0,0.0,0,0.0,0.0,0.0,0.0,0.0,0.0,0.0,0.0,0.0,0,0,0,1,0.0,False
20,1.0,0,22.75,1.0,33.0,0.0,0.0,,,,,1,0,0,0,0.0,False
37,2.0,1,37.54,3.0,4.0,1.0,1.0,,,,,1,0,0,0,0.02702702702702703,False
24,3.0,1,27.25,2.0,31.0,0.0,0.0,15.0,2.0,13.0,2.0,0,0,0,1,0.041666666666666664,False
33,,0,31.27,0.0,,,0.0,,,,,0,0,1,0,0.0,False
30,2.0,0,37.67,0.0,8.0,0.0,0.0,5.0,0.0,0.0,0.0,0,0,0,1,0.0,False
0,,0,0.0,0.0,,,0.0,,,,,0,0,1,0,0.0,False
0,0.0,0,0.0,0.0,0.0,0.0,0.0,0.0,0.0,0.0,0.0,0,0,0,1,0.0,False
0,,0,0.0,0.0,,,0.0,,,,,0,0,1,0,0.0,False
36,17.0,7,29.31,14.0,201.0,15.0,2.0,69.0,32.0,46.0,3.0,0,0,0,1,0.19444444444444445,False
0,0.0,0,0.0,0.0,0.0,0.0,0.0,0.0,0.0,0.0,0.0,0,0,0,1,0.0,False
11,5.0,0,43.36,0.0,30.0,0.0,1.0,,,,,1,0,0,0,0.0,False
27,2.0,1,24.63,0.0,0.0,4.0,1.0,,,,,1,0,0,0,0.037037037037037035,False
0,0.0,0,0.0,0.0,0.0,0.0,0.0,0.0,0.0,0.0,0.0,0,0,0,1,0.0,False
30,15.0,3,46.07,4.0,79.0,0.0,2.0,42.0,9.0,21.0,1.0,0,0,0,1,0.1,False
0,0.0,0,0.0,0.0,0.0,0.0,0.0,0.0,0.0,0.0,0.0,0,0,0,1,0.0,False
0,0.0,0,0.0,0.0,0.0,0.0,0.0,0.0,0.0,0.0,0.0,0,0,0,1,0.0,False
27,14.0,3,25.93,5.0,150.0,1.0,0.0,39.0,12.0,31.0,2.0,0,0,0,1,0.1111111111111111,False
29,12.0,11,83.76,14.0,74.0,4.0,1.0,54.0,20.0,37.0,5.0,0,0,0,1,0.3793103448275862,False
1,0.0,0,5.0,0.0,0.0,0.0,0.0,,,,,1,0,0,0,0.0,False
6,4.0,0,10.33,0.0,3.0,2.0,1.0,11.0,5.0,45.0,0.0,0,0,0,1,0.0,False
4,0.0,0,2.0,0.0,0.0,0.0,0.0,0.0,0.0,0.0,0.0,0,1,0,0,0.0,False
33,5.0,1,26.33,2.0,19.0,3.0,0.0,19.0,8.0,42.0,3.0,0,0,0,1,0.030303030303030304,False
0,0.0,0,0.0,0.0,0.0,0.0,0.0,0.0,0.0,0.0,0.0,0,0,0,1,0.0,False
16,0.0,1,9.81,0.0,7.0,4.0,0.0,7.0,4.0,57.0,2.0,0,1,0,0,0.0625,False
29,3.0,0,39.21,0.0,0.0,2.0,0.0,,,,,1,0,0,0,0.0,False
27,1.0,3,33.78,1.0,35.0,1.0,0.0,,,,,1,0,0,0,0.1111111111111111,False
0,0.0,0,0.0,0.0,0.0,0.0,0.0,0.0,0.0,0.0,0.0,0,0,0,1,0.0,False
0,0.0,0,0.0,0.0,0.0,0.0,0.0,0.0,0.0,0.0,0.0,0,1,0,0,0.0,False
21,4.0,1,9.38,4.0,3.0,1.0,1.0,22.0,8.0,36.0,5.0,0,1,0,0,0.047619047619047616,False
37,19.0,6,24.76,9.0,51.0,25.0,2.0,75.0,33.0,44.0,8.0,0,1,0,0,0.16216216216216217,True
1,0.0,0,9.0,0.0,0.0,0.0,0.0,,,,,1,0,0,0,0.0,False
0,0.0,0,0.0,0.0,0.0,0.0,0.0,,,,,1,0,0,0,0.0,False
11,,0,26.73,0.0,,,0.0,,,,,0,0,1,0,0.0,False
0,,0,0.0,0.0,,,0.0,,,,,0,0,1,0,0.0,False
5,2.0,0,18.8,0.0,10.0,1.0,0.0,,,,,1,0,0,0,0.0,False
19,14.0,2,25.74,3.0,71.0,1.0,1.0,45.0,20.0,44.0,2.0,0,0,0,1,0.10526315789473684,False
0,0.0,0,0.0,0.0,0.0,0.0,0.0,,,,,1,0,0,0,0.0,False
0,,0,0.0,0.0,,,0.0,,,,,0,0,1,0,0.0,False
36,7.0,3,48.81,2.0,0.0,0.0,1.0,19.0,2.0,11.0,0.0,0,0,0,1,0.08333333333333333,False
0,0.0,0,0.0,0.0,0.0,0.0,0.0,,,,,1,0,0,0,0.0,False
0,0.0,0,0.0,0.0,0.0,0.0,0.0,,,,,1,0,0,0,0.0,False
34,4.0,1,38.85,1.0,6.0,1.0,1.0,,,,,1,0,0,0,0.029411764705882353,False
0,0.0,0,0.0,0.0,0.0,0.0,0.0,0.0,0.0,0.0,0.0,0,0,0,1,0.0,False
18,1.0,0,69.22,0.0,1.0,0.0,1.0,,,,,1,0,0,0,0.0,False
0,,0,0.0,0.0,,,0.0,,,,,0,0,1,0,0.0,False
15,7.0,1,10.53,1.0,4.0,3.0,0.0,24.0,8.0,33.0,1.0,0,1,0,0,0.06666666666666667,False
0,0.0,0,0.0,0.0,0.0,0.0,0.0,0.0,0.0,0.0,0.0,0,0,0,1,0.0,False
25,4.0,5,47.08,2.0,21.0,1.0,0.0,18.0,6.0,33.0,0.0,0,0,0,1,0.2,False
0,0.0,0,0.0,0.0,0.0,0.0,0.0,0.0,0.0,0.0,0.0,0,1,0,0,0.0,False
14,2.0,0,31.29,0.0,45.0,0.0,0.0,,,,,1,0,0,0,0.0,False
0,0.0,0,0.0,0.0,0.0,0.0,0.0,,,,,1,0,0,0,0.0,False
0,,0,0.0,0.0,,,0.0,,,,,0,0,1,0,0.0,False
1,0.0,1,54.0,1.0,1.0,0.0,0.0,0.0,0.0,0.0,0.0,0,0,0,1,1.0,False
4,1.0,0,26.75,0.0,7.0,3.0,1.0,7.0,3.0,43.0,1.0,0,1,0,0,0.0,False
36,10.0,3,30.86,8.0,121.0,10.0,0.0,40.0,16.0,40.0,4.0,0,1,0,0,0.08333333333333333,False
2,0.0,0,40.0,1.0,8.0,0.0,0.0,,,,,1,0,0,0,0.0,False
31,3.0,0,35.19,1.0,4.0,3.0,0.0,,,,,1,0,0,0,0.0,False
0,0.0,0,0.0,0.0,0.0,0.0,0.0,0.0,0.0,0.0,0.0,0,0,0,1,0.0,False
0,0.0,0,0.0,0.0,0.0,0.0,0.0,0.0,0.0,0.0,0.0,0,0,0,1,0.0,False
0,0.0,0,0.0,0.0,0.0,0.0,0.0,0.0,0.0,0.0,0.0,0,0,0,1,0.0,False
0,0.0,0,0.0,0.0,0.0,0.0,0.0,0.0,0.0,0.0,0.0,0,0,0,1,0.0,False
28,2.0,0,31.71,0.0,1.0,1.0,2.0,,,,,1,0,0,0,0.0,False
0,0.0,0,0.0,0.0,0.0,0.0,0.0,,,,,1,0,0,0,0.0,False
0,0.0,0,0.0,0.0,0.0,0.0,0.0,0.0,0.0,0.0,0.0,0,1,0,0,0.0,False
0,0.0,0,0.0,0.0,0.0,0.0,0.0,,,,,1,0,0,0,0.0,False
14,3.0,0,18.79,2.0,7.0,9.0,0.0,19.0,8.0,42.0,2.0,0,1,0,0,0.0,False
10,4.0,2,41.6,1.0,0.0,0.0,0.0,5.0,1.0,20.0,0.0,0,0,0,1,0.2,False
0,0.0,0,0.0,0.0,0.0,0.0,0.0,0.0,0.0,0.0,0.0,0,0,0,1,0.0,False
36,21.0,7,28.42,14.0,176.0,6.0,0.0,62.0,14.0,23.0,2.0,0,0,0,1,0.19444444444444445,False
24,1.0,5,52.75,7.0,122.0,3.0,0.0,,,,,1,0,0,0,0.20833333333333334,False
0,,0,0.0,0.0,,,0.0,,,,,0,0,1,0,0.0,False
1,0.0,0,0.0,0.0,0.0,0.0,0.0,,,,,1,0,0,0,0.0,False
0,0.0,0,0.0,0.0,0.0,0.0,0.0,0.0,0.0,0.0,0.0,0,1,0,0,0.0,False
3,0.0,0,27.0,0.0,4.0,0.0,0.0,,,,,1,0,0,0,0.0,False
14,0.0,0,9.57,2.0,0.0,4.0,0.0,3.0,2.0,67.0,0.0,0,1,0,0,0.0,False
0,0.0,0,0.0,0.0,0.0,0.0,0.0,0.0,0.0,0.0,0.0,0,0,0,1,0.0,False
31,9.0,1,51.68,1.0,79.0,4.0,0.0,,,,,1,0,0,0,0.03225806451612903,False
28,9.0,1,31.5,3.0,56.0,3.0,0.0,,,,,1,0,0,0,0.03571428571428571,False
24,3.0,0,35.75,2.0,8.0,0.0,0.0,,,,,1,0,0,0,0.0,False
26,5.0,0,68.08,4.0,1.0,0.0,0.0,,,,,1,0,0,0,0.0,False
33,17.0,0,19.18,1.0,84.0,3.0,1.0,43.0,15.0,35.0,1.0,0,1,0,0,0.0,False
37,12.0,1,12.51,5.0,39.0,44.0,0.0,71.0,35.0,49.0,6.0,0,1,0,0,0.02702702702702703,True
0,0.0,0,0.0,0.0,0.0,0.0,0.0,,,,,1,0,0,0,0.0,False
0,0.0,0,0.0,0.0,0.0,0.0,0.0,0.0,0.0,0.0,0.0,0,0,0,1,0.0,False
36,12.0,0,69.11,2.0,15.0,1.0,1.0,,,,,1,0,0,0,0.0,False
12,2.0,0,16.92,2.0,8.0,1.0,0.0,5.0,1.0,20.0,0.0,0,0,0,1,0.0,False
30,5.0,1,8.83,2.0,1.0,12.0,1.0,33.0,8.0,24.0,3.0,0,1,0,0,0.03333333333333333,False
1,,0,24.0,0.0,,,0.0,,,,,0,0,1,0,0.0,False
0,0.0,0,0.0,0.0,0.0,0.0,0.0,0.0,0.0,0.0,0.0,0,0,0,1,0.0,False
6,0.0,0,24.17,0.0,1.0,0.0,0.0,,,,,1,0,0,0,0.0,False
20,6.0,3,16.3,5.0,48.0,12.0,0.0,19.0,9.0,47.0,3.0,0,1,0,0,0.15,False
32,3.0,6,73.81,6.0,56.0,2.0,0.0,,,,,1,0,0,0,0.1875,False
3,0.0,2,32.33,2.0,9.0,0.0,0.0,,,,,1,0,0,0,0.6666666666666666,False
0,0.0,0,0.0,0.0,0.0,0.0,0.0,,,,,1,0,0,0,0.0,False
3,0.0,0,3.0,0.0,1.0,0.0,0.0,1.0,0.0,0.0,1.0,0,1,0,0,0.0,False
0,,0,0.0,0.0,,,0.0,,,,,0,0,1,0,0.0,False
7,0.0,0,29.0,0.0,20.0,0.0,0.0,,,,,1,0,0,0,0.0,False
18,2.0,0,34.28,0.0,2.0,0.0,0.0,12.0,3.0,25.0,0.0,0,0,0,1,0.0,False
28,1.0,1,32.96,2.0,82.0,3.0,0.0,,,,,1,0,0,0,0.03571428571428571,False
30,7.0,3,24.9,8.0,159.0,0.0,1.0,28.0,14.0,50.0,1.0,0,0,0,1,0.1,False
8,1.0,0,29.5,0.0,4.0,0.0,0.0,1.0,0.0,0.0,0.0,0,0,0,1,0.0,False
28,8.0,2,14.0,2.0,2.0,4.0,1.0,32.0,13.0,41.0,7.0,0,1,0,0,0.07142857142857142,False
9,1.0,0,1.78,0.0,2.0,0.0,0.0,3.0,1.0,33.0,1.0,0,1,0,0,0.0,False
19,5.0,1,31.53,2.0,13.0,0.0,0.0,8.0,1.0,13.0,1.0,0,0,0,1,0.05263157894736842,False
0,0.0,0,0.0,0.0,0.0,0.0,0.0,0.0,0.0,0.0,0.0,0,0,0,1,0.0,False
0,0.0,0,0.0,0.0,0.0,0.0,0.0,,,,,1,0,0,0,0.0,False
4,0.0,0,12.5,0.0,0.0,0.0,0.0,0.0,0.0,0.0,0.0,0,0,0,1,0.0,False
0,,0,0.0,0.0,,,0.0,,,,,0,0,1,0,0.0,False
0,0.0,0,0.0,0.0,0.0,0.0,0.0,0.0,0.0,0.0,0.0,0,1,0,0,0.0,False
0,0.0,0,0.0,0.0,0.0,0.0,0.0,,,,,1,0,0,0,0.0,False
33,14.0,2,38.36,1.0,2.0,4.0,1.0,38.0,10.0,26.0,1.0,0,0,0,1,0.06060606060606061,False
33,14.0,3,51.03,0.0,9.0,1.0,2.0,41.0,6.0,15.0,0.0,0,0,0,1,0.09090909090909091,False
0,0.0,0,0.0,0.0,0.0,0.0,0.0,0.0,0.0,0.0,0.0,0,0,0,1,0.0,False
24,2.0,0,30.5,0.0,1.0,3.0,0.0,,,,,1,0,0,0,0.0,False
36,14.0,7,25.67,8.0,99.0,5.0,2.0,54.0,25.0,46.0,3.0,0,1,0,0,0.19444444444444445,False
2,0.0,0,20.0,0.0,0.0,0.0,0.0,1.0,0.0,0.0,0.0,0,0,0,1,0.0,False
20,6.0,3,40.4,4.0,3.0,1.0,0.0,15.0,5.0,33.0,1.0,0,0,0,1,0.15,False
0,0.0,0,0.0,0.0,0.0,0.0,0.0,0.0,0.0,0.0,0.0,0,0,0,1,0.0,False
17,1.0,0,29.65,0.0,2.0,0.0,0.0,,,,,1,0,0,0,0.0,False
16,1.0,1,40.13,1.0,10.0,0.0,0.0,3.0,0.0,0.0,0.0,0,0,0,1,0.0625,False
0,0.0,0,0.0,0.0,0.0,0.0,0.0,,,,,1,0,0,0,0.0,False
24,5.0,1,17.29,0.0,5.0,27.0,1.0,39.0,24.0,62.0,4.0,0,1,0,0,0.041666666666666664,True
1,0.0,0,8.0,0.0,0.0,0.0,0.0,0.0,0.0,0.0,0.0,0,1,0,0,0.0,False
0,,0,0.0,0.0,,,0.0,,,,,0,0,1,0,0.0,False
0,0.0,0,0.0,0.0,0.0,0.0,0.0,0.0,0.0,0.0,0.0,0,0,0,1,0.0,False
38,18.0,7,82.0,3.0,102.0,0.0,2.0,66.0,17.0,26.0,0.0,0,0,0,1,0.18421052631578946,False
16,1.0,0,23.38,0.0,0.0,0.0,0.0,8.0,1.0,13.0,0.0,0,0,0,1,0.0,False
0,0.0,0,0.0,0.0,0.0,0.0,0.0,,,,,1,0,0,0,0.0,False
34,3.0,2,29.41,3.0,73.0,9.0,0.0,,,,,1,0,0,0,0.058823529411764705,False
24,4.0,0,44.25,1.0,2.0,0.0,1.0,,,,,1,0,0,0,0.0,False
30,10.0,4,42.83,5.0,121.0,1.0,1.0,,,,,1,0,0,0,0.13333333333333333,False
37,1.0,1,31.16,0.0,71.0,1.0,0.0,,,,,1,0,0,0,0.02702702702702703,False
29,19.0,3,21.48,8.0,76.0,19.0,0.0,64.0,26.0,41.0,9.0,0,1,0,0,0.10344827586206896,False
38,3.0,2,41.08,1.0,0.0,2.0,0.0,,,,,1,0,0,0,0.05263157894736842,False
22,9.0,1,20.23,2.0,84.0,5.0,1.0,,,,,1,0,0,0,0.045454545454545456,False
0,0.0,0,0.0,0.0,0.0,0.0,0.0,0.0,0.0,0.0,0.0,0,1,0,0,0.0,False
12,0.0,1,35.17,2.0,38.0,0.0,0.0,,,,,1,0,0,0,0.08333333333333333,False
0,0.0,0,0.0,0.0,0.0,0.0,0.0,0.0,0.0,0.0,0.0,0,1,0,0,0.0,False
0,,0,0.0,0.0,,,0.0,,,,,0,0,1,0,0.0,False
8,0.0,0,84.0,0.0,10.0,2.0,0.0,5.0,2.0,40.0,0.0,1,0,0,0,0.0,False
34,5.0,0,30.03,0.0,11.0,1.0,0.0,,,,,1,0,0,0,0.0,False
0,0.0,0,0.0,0.0,0.0,0.0,0.0,0.0,0.0,0.0,0.0,0,0,0,1,0.0,False
0,0.0,0,0.0,0.0,0.0,0.0,0.0,,,,,1,0,0,0,0.0,False
0,0.0,0,0.0,0.0,0.0,0.0,0.0,0.0,0.0,0.0,0.0,0,1,0,0,0.0,False
0,,0,0.0,0.0,,,0.0,,,,,0,0,1,0,0.0,False
2,0.0,0,39.5,0.0,0.0,0.0,0.0,0.0,0.0,0.0,0.0,0,0,0,1,0.0,False
0,0.0,0,0.0,0.0,0.0,0.0,0.0,0.0,0.0,0.0,0.0,0,1,0,0,0.0,False
33,31.0,8,23.36,6.0,13.0,26.0,8.0,118.0,43.0,36.0,10.0,0,1,0,0,0.24242424242424243,True
0,0.0,0,0.0,0.0,0.0,0.0,0.0,0.0,0.0,0.0,0.0,0,1,0,0,0.0,False
0,0.0,0,0.0,0.0,0.0,0.0,0.0,0.0,0.0,0.0,0.0,0,0,0,1,0.0,False
38,7.0,0,44.63,2.0,6.0,2.0,1.0,,,,,1,0,0,0,0.0,False
0,0.0,0,0.0,0.0,0.0,0.0,0.0,0.0,0.0,0.0,0.0,0,1,0,0,0.0,False
2,0.0,0,52.5,0.0,3.0,0.0,0.0,,,,,1,0,0,0,0.0,False
27,8.0,2,23.0,6.0,125.0,2.0,0.0,19.0,7.0,37.0,0.0,0,0,0,1,0.07407407407407407,False
34,4.0,0,69.35,1.0,6.0,1.0,1.0,,,,,1,0,0,0,0.0,False
0,0.0,0,0.0,0.0,0.0,0.0,0.0,0.0,0.0,0.0,0.0,0,0,0,1,0.0,False
29,8.0,12,58.52,11.0,201.0,4.0,3.0,,,,,1,0,0,0,0.41379310344827586,False
0,0.0,0,0.0,0.0,0.0,0.0,0.0,,,,,1,0,0,0,0.0,False
38,,0,28.32,0.0,,,0.0,,,,,0,0,1,0,0.0,False
0,0.0,0,0.0,0.0,0.0,0.0,0.0,0.0,0.0,0.0,0.0,0,0,0,1,0.0,False
25,7.0,3,41.12,6.0,10.0,3.0,0.0,39.0,19.0,49.0,4.0,0,0,0,1,0.12,False
10,5.0,0,24.1,0.0,21.0,4.0,1.0,19.0,8.0,42.0,2.0,0,0,0,1,0.0,False
31,14.0,4,60.68,4.0,98.0,2.0,6.0,,,,,1,0,0,0,0.12903225806451613,False
0,0.0,0,0.0,0.0,0.0,0.0,0.0,0.0,0.0,0.0,0.0,0,0,0,1,0.0,False
9,0.0,0,41.22,0.0,3.0,1.0,0.0,,,,,1,0,0,0,0.0,False
1,0.0,0,3.0,0.0,0.0,0.0,0.0,0.0,0.0,0.0,0.0,0,0,0,1,0.0,False
0,0.0,0,0.0,0.0,0.0,0.0,0.0,,,,,1,0,0,0,0.0,False
0,0.0,0,0.0,0.0,0.0,0.0,0.0,,,,,1,0,0,0,0.0,False
23,6.0,0,7.17,0.0,5.0,4.0,0.0,19.0,8.0,42.0,3.0,0,1,0,0,0.0,False
27,5.0,1,44.44,1.0,16.0,0.0,0.0,21.0,5.0,24.0,1.0,0,0,0,1,0.037037037037037035,False
15,5.0,1,23.53,2.0,12.0,1.0,0.0,8.0,2.0,25.0,0.0,0,0,0,1,0.06666666666666667,False
2,0.0,0,10.5,0.0,1.0,0.0,0.0,2.0,1.0,50.0,0.0,0,0,0,1,0.0,False
33,11.0,4,20.24,6.0,50.0,10.0,6.0,65.0,25.0,38.0,5.0,0,1,0,0,0.12121212121212122,False
0,0.0,0,0.0,0.0,0.0,0.0,0.0,0.0,0.0,0.0,0.0,0,1,0,0,0.0,False
28,13.0,4,22.86,6.0,18.0,21.0,1.0,62.0,32.0,52.0,7.0,0,1,0,0,0.14285714285714285,True
36,,0,27.86,0.0,,,0.0,,,,,0,0,1,0,0.0,False
25,8.0,1,26.32,1.0,17.0,2.0,3.0,23.0,5.0,22.0,0.0,0,0,0,1,0.04,False
0,0.0,0,0.0,0.0,0.0,0.0,0.0,0.0,0.0,0.0,0.0,0,0,0,1,0.0,False
0,,0,0.0,0.0,,,0.0,,,,,0,0,1,0,0.0,False
0,0.0,0,0.0,0.0,0.0,0.0,0.0,0.0,0.0,0.0,0.0,0,1,0,0,0.0,False
28,4.0,0,13.68,3.0,42.0,4.0,0.0,28.0,14.0,50.0,1.0,0,0,0,1,0.0,False
36,22.0,5,19.22,8.0,43.0,23.0,4.0,94.0,40.0,43.0,23.0,0,1,0,0,0.1388888888888889,True
8,1.0,2,33.63,2.0,24.0,1.0,0.0,,,,,1,0,0,0,0.25,False
25,11.0,2,7.88,1.0,0.0,9.0,0.0,32.0,9.0,28.0,5.0,0,1,0,0,0.08,False
0,0.0,0,0.0,0.0,0.0,0.0,0.0,0.0,0.0,0.0,0.0,0,1,0,0,0.0,False
20,10.0,2,13.25,1.0,15.0,9.0,0.0,27.0,3.0,11.0,1.0,0,1,0,0,0.1,False
16,2.0,0,12.0,1.0,6.0,4.0,0.0,7.0,1.0,14.0,0.0,0,1,0,0,0.0,False
38,5.0,5,65.34,5.0,118.0,2.0,0.0,,,,,1,0,0,0,0.13157894736842105,False
16,10.0,3,29.31,4.0,38.0,9.0,2.0,27.0,9.0,33.0,7.0,0,0,0,1,0.1875,False
0,,0,0.0,0.0,,,0.0,,,,,0,0,1,0,0.0,False
11,1.0,0,13.18,0.0,7.0,0.0,0.0,5.0,1.0,20.0,0.0,0,0,0,1,0.0,False
12,0.0,0,25.17,0.0,0.0,0.0,0.0,,,,,1,0,0,0,0.0,False
6,1.0,0,31.83,0.0,18.0,1.0,0.0,,,,,1,0,0,0,0.0,False
0,0.0,0,0.0,0.0,0.0,0.0,0.0,0.0,0.0,0.0,0.0,0,0,0,1,0.0,False
0,0.0,0,0.0,0.0,0.0,0.0,0.0,0.0,0.0,0.0,0.0,0,0,0,1,0.0,False
23,3.0,0,36.17,0.0,1.0,0.0,1.0,,,,,1,0,0,0,0.0,False
0,0.0,0,0.0,0.0,0.0,0.0,0.0,0.0,0.0,0.0,0.0,0,1,0,0,0.0,False
8,0.0,0,27.0,0.0,0.0,1.0,0.0,,,,,1,0,0,0,0.0,False
0,0.0,0,0.0,0.0,0.0,0.0,0.0,,,,,1,0,0,0,0.0,False
28,2.0,1,19.64,0.0,1.0,3.0,2.0,,,,,1,0,0,0,0.03571428571428571,False
0,0.0,0,0.0,0.0,0.0,0.0,0.0,0.0,0.0,0.0,0.0,0,0,0,1,0.0,False
0,0.0,0,0.0,0.0,0.0,0.0,0.0,,,,,1,0,0,0,0.0,False
19,3.0,0,29.21,4.0,37.0,0.0,0.0,,,,,1,0,0,0,0.0,False
27,14.0,5,35.33,4.0,7.0,0.0,1.0,41.0,9.0,22.0,3.0,0,0,0,1,0.18518518518518517,False
0,0.0,0,0.0,0.0,0.0,0.0,0.0,0.0,0.0,0.0,0.0,0,0,0,1,0.0,False
37,14.0,2,14.0,6.0,6.0,22.0,2.0,65.0,30.0,46.0,13.0,0,1,0,0,0.05405405405405406,True
1,0.0,0,2.0,0.0,1.0,0.0,0.0,,,,,1,0,0,0,0.0,False
0,0.0,0,0.0,0.0,0.0,0.0,0.0,,,,,1,0,0,0,0.0,False
11,9.0,0,14.82,0.0,1.0,12.0,0.0,27.0,10.0,37.0,3.0,0,1,0,0,0.0,False
0,0.0,0,0.0,0.0,0.0,0.0,0.0,,,,,1,0,0,0,0.0,False
25,2.0,1,32.88,1.0,1.0,0.0,0.0,,,,,1,0,0,0,0.04,False
24,,0,22.08,0.0,,,0.0,,,,,0,0,1,0,0.0,False
19,8.0,5,41.32,4.0,39.0,1.0,0.0,,,,,1,0,0,0,0.2631578947368421,False
0,0.0,0,0.0,0.0,0.0,0.0,0.0,,,,,1,0,0,0,0.0,False
0,0.0,0,0.0,0.0,0.0,0.0,0.0,,,,,1,0,0,0,0.0,False
30,4.0,1,23.13,0.0,43.0,1.0,0.0,,,,,1,0,0,0,0.03333333333333333,False
0,0.0,0,0.0,0.0,0.0,0.0,0.0,0.0,0.0,0.0,0.0,0,0,0,1,0.0,False
16,5.0,1,15.06,3.0,1.0,10.0,2.0,26.0,8.0,31.0,6.0,0,1,0,0,0.0625,False
0,0.0,0,0.0,0.0,0.0,0.0,0.0,0.0,0.0,0.0,0.0,0,0,0,1,0.0,False
34,9.0,3,23.71,4.0,51.0,2.0,1.0,23.0,5.0,22.0,4.0,0,1,0,0,0.08823529411764706,False
22,2.0,1,35.68,0.0,31.0,2.0,0.0,,,,,1,0,0,0,0.045454545454545456,False
36,26.0,7,47.39,10.0,70.0,2.0,0.0,62.0,22.0,35.0,8.0,0,0,0,1,0.19444444444444445,False
24,4.0,0,32.25,3.0,93.0,0.0,1.0,,,,,1,0,0,0,0.0,False
0,0.0,0,0.0,0.0,0.0,0.0,0.0,0.0,0.0,0.0,0.0,0,0,0,1,0.0,False
7,,0,30.14,0.0,,,0.0,,,,,0,0,1,0,0.0,False
27,17.0,0,39.78,1.0,56.0,2.0,3.0,42.0,9.0,21.0,0.0,0,0,0,1,0.0,False
0,0.0,0,0.0,0.0,0.0,0.0,0.0,0.0,0.0,0.0,0.0,0,0,0,1,0.0,False
28,9.0,0,25.54,1.0,8.0,2.0,0.0,31.0,3.0,10.0,2.0,0,0,0,1,0.0,False
0,0.0,0,0.0,0.0,0.0,0.0,0.0,,,,,1,0,0,0,0.0,False
0,0.0,0,0.0,0.0,0.0,0.0,0.0,,,,,1,0,0,0,0.0,False
0,0.0,0,0.0,0.0,0.0,0.0,0.0,0.0,0.0,0.0,0.0,0,0,0,1,0.0,False
0,,0,0.0,0.0,,,0.0,,,,,0,0,1,0,0.0,False
0,0.0,0,0.0,0.0,0.0,0.0,0.0,0.0,0.0,0.0,0.0,0,1,0,0,0.0,False
0,0.0,0,0.0,0.0,0.0,0.0,0.0,0.0,0.0,0.0,0.0,0,1,0,0,0.0,False
0,0.0,0,0.0,0.0,0.0,0.0,0.0,0.0,0.0,0.0,0.0,0,0,0,1,0.0,False
36,4.0,0,47.64,3.0,0.0,3.0,0.0,,,,,1,0,0,0,0.0,False
22,0.0,0,27.36,0.0,57.0,0.0,0.0,,,,,1,0,0,0,0.0,False
12,,0,23.83,0.0,,,0.0,,,,,0,0,1,0,0.0,False
0,0.0,0,0.0,0.0,0.0,0.0,0.0,0.0,0.0,0.0,0.0,0,0,0,1,0.0,False
0,0.0,0,0.0,0.0,0.0,0.0,0.0,0.0,0.0,0.0,0.0,0,0,0,1,0.0,False
0,0.0,0,0.0,0.0,0.0,0.0,0.0,,,,,1,0,0,0,0.0,False
16,4.0,1,13.94,2.0,53.0,0.0,0.0,12.0,2.0,17.0,1.0,0,0,0,1,0.0625,False
0,,0,0.0,0.0,,,0.0,,,,,0,0,1,0,0.0,False
0,0.0,0,0.0,0.0,0.0,0.0,0.0,0.0,0.0,0.0,0.0,0,1,0,0,0.0,False
3,0.0,0,19.67,0.0,1.0,0.0,0.0,,,,,1,0,0,0,0.0,False
0,0.0,0,0.0,0.0,0.0,0.0,0.0,0.0,0.0,0.0,0.0,0,0,0,1,0.0,False
30,8.0,5,28.5,9.0,33.0,2.0,2.0,41.0,20.0,49.0,8.0,0,0,0,1,0.16666666666666666,False
0,0.0,0,0.0,0.0,0.0,0.0,0.0,,,,,1,0,0,0,0.0,False
0,0.0,0,0.0,0.0,0.0,0.0,0.0,0.0,0.0,0.0,0.0,0,0,0,1,0.0,False
14,1.0,1,36.43,1.0,17.0,3.0,0.0,,,,,1,0,0,0,0.07142857142857142,False
28,7.0,1,33.96,8.0,115.0,2.0,0.0,,,,,1,0,0,0,0.03571428571428571,False
0,0.0,0,0.0,0.0,0.0,0.0,0.0,0.0,0.0,0.0,0.0,0,0,0,1,0.0,False
0,,0,0.0,0.0,,,0.0,,,,,0,0,1,0,0.0,False
0,,0,0.0,0.0,,,0.0,,,,,0,0,1,0,0.0,False
0,0.0,0,0.0,0.0,0.0,0.0,0.0,,,,,1,0,0,0,0.0,False
0,0.0,0,0.0,0.0,0.0,0.0,0.0,,,,,1,0,0,0,0.0,False
0,0.0,0,0.0,0.0,0.0,0.0,0.0,0.0,0.0,0.0,0.0,0,0,0,1,0.0,False
4,,0,24.75,0.0,,,0.0,,,,,0,0,1,0,0.0,False
0,0.0,0,0.0,0.0,0.0,0.0,0.0,,,,,1,0,0,0,0.0,False
0,0.0,0,0.0,0.0,0.0,0.0,0.0,,,,,1,0,0,0,0.0,False
2,,0,27.0,0.0,,,0.0,,,,,0,0,1,0,0.0,False
0,0.0,0,0.0,0.0,0.0,0.0,0.0,0.0,0.0,0.0,0.0,0,0,0,1,0.0,False
2,0.0,0,9.0,0.0,0.0,0.0,0.0,,,,,1,0,0,0,0.0,False
31,8.0,1,44.29,4.0,27.0,0.0,2.0,24.0,5.0,21.0,0.0,0,0,0,1,0.03225806451612903,False
35,9.0,2,12.29,2.0,8.0,6.0,1.0,52.0,16.0,31.0,7.0,0,1,0,0,0.05714285714285714,False
32,12.0,4,27.66,4.0,121.0,1.0,2.0,41.0,12.0,29.0,2.0,0,0,0,1,0.125,False
0,,0,0.0,0.0,,,0.0,,,,,0,0,1,0,0.0,False
0,0.0,0,0.0,0.0,0.0,0.0,0.0,0.0,0.0,0.0,0.0,0,1,0,0,0.0,False
0,0.0,0,0.0,0.0,0.0,0.0,0.0,0.0,0.0,0.0,0.0,0,0,0,1,0.0,False
33,4.0,3,53.0,2.0,5.0,0.0,0.0,18.0,4.0,22.0,1.0,0,0,0,1,0.09090909090909091,False
0,0.0,0,0.0,0.0,0.0,0.0,0.0,,,,,1,0,0,0,0.0,False
0,0.0,0,0.0,0.0,0.0,0.0,0.0,0.0,0.0,0.0,0.0,0,0,0,1,0.0,False
0,0.0,0,0.0,0.0,0.0,0.0,0.0,0.0,0.0,0.0,0.0,0,1,0,0,0.0,False
12,1.0,0,11.33,0.0,1.0,3.0,1.0,14.0,6.0,43.0,4.0,0,1,0,0,0.0,False
0,0.0,0,0.0,0.0,0.0,0.0,0.0,,,,,1,0,0,0,0.0,False
0,0.0,0,0.0,0.0,0.0,0.0,0.0,,,,,1,0,0,0,0.0,False
36,4.0,0,35.56,0.0,3.0,0.0,0.0,,,,,1,0,0,0,0.0,False
7,,0,32.0,0.0,,,0.0,,,,,0,0,1,0,0.0,False
18,4.0,2,33.0,2.0,64.0,1.0,0.0,,,,,1,0,0,0,0.1111111111111111,False
0,0.0,0,0.0,0.0,0.0,0.0,0.0,0.0,0.0,0.0,0.0,1,0,0,0,0.0,False
31,11.0,0,47.87,1.0,14.0,0.0,1.0,,,,,1,0,0,0,0.0,False
25,8.0,1,12.88,3.0,9.0,11.0,0.0,37.0,18.0,49.0,7.0,0,1,0,0,0.04,False
36,3.0,4,46.78,2.0,132.0,2.0,0.0,,,,,1,0,0,0,0.1111111111111111,False
0,0.0,0,0.0,0.0,0.0,0.0,0.0,0.0,0.0,0.0,0.0,0,0,0,1,0.0,False
2,1.0,0,7.5,0.0,0.0,0.0,0.0,2.0,1.0,50.0,1.0,0,0,0,1,0.0,False
9,1.0,0,26.67,1.0,3.0,0.0,0.0,4.0,2.0,50.0,1.0,0,0,0,1,0.0,False
29,6.0,2,28.97,2.0,140.0,2.0,1.0,,,,,1,0,0,0,0.06896551724137931,False
8,0.0,0,57.25,0.0,0.0,0.0,0.0,,,,,1,0,0,0,0.0,False
28,3.0,1,31.57,1.0,90.0,2.0,0.0,,,,,1,0,0,0,0.03571428571428571,False
0,0.0,0,0.0,0.0,0.0,0.0,0.0,0.0,0.0,0.0,0.0,0,0,0,1,0.0,False
3,0.0,0,11.33,0.0,0.0,0.0,0.0,0.0,0.0,0.0,0.0,0,0,0,1,0.0,False
11,2.0,0,27.64,0.0,3.0,0.0,0.0,,,,,1,0,0,0,0.0,False
0,0.0,0,0.0,0.0,0.0,0.0,0.0,0.0,0.0,0.0,0.0,0,0,0,1,0.0,False
13,0.0,0,17.0,0.0,4.0,1.0,1.0,4.0,2.0,50.0,0.0,0,0,0,1,0.0,False
18,1.0,1,28.78,0.0,21.0,0.0,0.0,,,,,1,0,0,0,0.05555555555555555,False
38,0.0,0,44.42,1.0,0.0,0.0,0.0,,,,,1,0,0,0,0.0,False
0,0.0,0,0.0,0.0,0.0,0.0,0.0,0.0,0.0,0.0,0.0,0,0,0,1,0.0,False
29,3.0,2,41.17,6.0,81.0,3.0,0.0,,,,,1,0,0,0,0.06896551724137931,False
0,0.0,0,0.0,0.0,0.0,0.0,0.0,0.0,0.0,0.0,0.0,0,0,0,1,0.0,False
0,,0,0.0,0.0,,,0.0,,,,,0,0,1,0,0.0,False
0,0.0,0,0.0,0.0,0.0,0.0,0.0,0.0,0.0,0.0,0.0,0,1,0,0,0.0,False
37,7.0,2,35.92,2.0,14.0,4.0,0.0,17.0,2.0,12.0,0.0,0,0,0,1,0.05405405405405406,False
0,,0,0.0,0.0,,,0.0,,,,,0,0,1,0,0.0,False
0,0.0,0,0.0,0.0,0.0,0.0,0.0,0.0,0.0,0.0,0.0,0,0,0,1,0.0,False
0,0.0,0,0.0,0.0,0.0,0.0,0.0,,,,,1,0,0,0,0.0,False
20,3.0,1,40.6,1.0,75.0,1.0,0.0,,,,,1,0,0,0,0.05,False
6,4.0,0,4.67,0.0,0.0,0.0,0.0,5.0,1.0,20.0,1.0,0,1,0,0,0.0,False
0,0.0,0,0.0,0.0,0.0,0.0,0.0,,,,,1,0,0,0,0.0,False
0,0.0,0,0.0,0.0,0.0,0.0,0.0,,,,,1,0,0,0,0.0,False
0,0.0,0,0.0,0.0,0.0,0.0,0.0,0.0,0.0,0.0,0.0,0,0,0,1,0.0,False
0,,0,0.0,0.0,,,0.0,,,,,0,0,1,0,0.0,False
7,0.0,0,25.57,0.0,7.0,0.0,0.0,,,,,1,0,0,0,0.0,False
0,,0,0.0,0.0,,,0.0,,,,,0,0,1,0,0.0,False
0,0.0,0,0.0,0.0,0.0,0.0,0.0,0.0,0.0,0.0,0.0,0,1,0,0,0.0,False
2,1.0,0,5.5,0.0,0.0,0.0,0.0,1.0,0.0,0.0,0.0,0,0,0,1,0.0,False
21,4.0,0,40.0,0.0,27.0,0.0,0.0,,,,,1,0,0,0,0.0,False
11,5.0,0,69.73,0.0,12.0,0.0,0.0,,,,,1,0,0,0,0.0,False
10,2.0,1,26.4,2.0,0.0,0.0,0.0,,,,,1,0,0,0,0.1,False
0,,0,0.0,0.0,,,0.0,,,,,0,0,1,0,0.0,False
6,0.0,0,29.17,0.0,3.0,1.0,0.0,,,,,1,0,0,0,0.0,False
36,14.0,2,72.78,11.0,4.0,0.0,1.0,,,,,1,0,0,0,0.05555555555555555,False
16,4.0,0,31.63,1.0,6.0,1.0,0.0,7.0,2.0,29.0,0.0,0,0,0,1,0.0,False
3,0.0,1,22.67,1.0,1.0,0.0,0.0,0.0,0.0,0.0,0.0,0,0,0,1,0.3333333333333333,False
19,9.0,2,38.16,11.0,91.0,1.0,0.0,31.0,12.0,39.0,0.0,0,0,0,1,0.10526315789473684,False
27,8.0,2,11.52,1.0,6.0,11.0,0.0,27.0,9.0,33.0,1.0,0,1,0,0,0.07407407407407407,False
38,,0,24.95,0.0,,,0.0,,,,,0,0,1,0,0.0,False
0,0.0,0,0.0,0.0,0.0,0.0,0.0,0.0,0.0,0.0,0.0,0,0,0,1,0.0,False
32,14.0,5,25.84,8.0,16.0,13.0,1.0,64.0,30.0,47.0,8.0,0,1,0,0,0.15625,False
4,0.0,0,0.75,0.0,0.0,0.0,0.0,1.0,1.0,100.0,0.0,0,1,0,0,0.0,False
6,0.0,0,41.5,0.0,4.0,0.0,0.0,0.0,0.0,0.0,0.0,0,0,0,1,0.0,False
0,0.0,0,0.0,0.0,0.0,0.0,0.0,,,,,1,0,0,0,0.0,False
11,0.0,1,63.0,1.0,8.0,0.0,0.0,4.0,3.0,75.0,0.0,0,0,0,1,0.09090909090909091,False
10,0.0,0,30.8,0.0,0.0,0.0,0.0,1.0,0.0,0.0,0.0,0,0,0,1,0.0,False
0,0.0,0,0.0,0.0,0.0,0.0,0.0,,,,,1,0,0,0,0.0,False
19,1.0,0,31.95,1.0,7.0,1.0,2.0,17.0,10.0,59.0,7.0,0,0,0,1,0.0,False
0,0.0,0,0.0,0.0,0.0,0.0,0.0,0.0,0.0,0.0,0.0,0,0,0,1,0.0,False
23,9.0,1,11.91,0.0,4.0,7.0,1.0,30.0,6.0,20.0,3.0,0,1,0,0,0.043478260869565216,False
0,0.0,0,0.0,0.0,0.0,0.0,0.0,,,,,1,0,0,0,0.0,False
30,14.0,5,23.93,9.0,62.0,34.0,1.0,60.0,22.0,37.0,6.0,0,1,0,0,0.16666666666666666,True
1,0.0,0,14.0,0.0,2.0,1.0,0.0,0.0,0.0,0.0,0.0,0,1,0,0,0.0,False
12,2.0,0,12.25,1.0,14.0,2.0,0.0,7.0,3.0,43.0,2.0,0,1,0,0,0.0,False
29,11.0,0,25.28,0.0,12.0,0.0,1.0,20.0,3.0,15.0,2.0,0,0,0,1,0.0,False
17,3.0,1,14.35,3.0,14.0,1.0,0.0,10.0,3.0,30.0,0.0,0,0,0,1,0.058823529411764705,False
0,0.0,0,0.0,0.0,0.0,0.0,0.0,0.0,0.0,0.0,0.0,0,1,0,0,0.0,False
0,,0,0.0,0.0,,,0.0,,,,,0,0,1,0,0.0,False
20,2.0,0,54.1,2.0,6.0,0.0,0.0,9.0,3.0,33.0,0.0,0,0,0,1,0.0,False
35,13.0,4,41.63,13.0,280.0,2.0,3.0,,,,,1,0,0,0,0.11428571428571428,False
16,5.0,2,26.44,5.0,50.0,2.0,0.0,,,,,1,0,0,0,0.125,False
33,12.0,5,22.58,10.0,36.0,6.0,3.0,58.0,24.0,41.0,8.0,0,1,0,0,0.15151515151515152,False
33,1.0,0,34.36,0.0,0.0,3.0,0.0,,,,,1,0,0,0,0.0,False
0,0.0,0,0.0,0.0,0.0,0.0,0.0,,,,,1,0,0,0,0.0,False
0,0.0,0,0.0,0.0,0.0,0.0,0.0,0.0,0.0,0.0,0.0,0,0,0,1,0.0,False
38,7.0,5,36.82,9.0,62.0,3.0,1.0,,,,,1,0,0,0,0.13157894736842105,False
8,0.0,0,28.38,0.0,2.0,0.0,0.0,5.0,1.0,20.0,0.0,0,0,0,1,0.0,False
35,19.0,6,55.49,8.0,11.0,2.0,0.0,52.0,17.0,33.0,5.0,0,0,0,1,0.17142857142857143,False
0,0.0,0,0.0,0.0,0.0,0.0,0.0,,,,,1,0,0,0,0.0,False
0,0.0,0,0.0,0.0,0.0,0.0,0.0,0.0,0.0,0.0,0.0,0,0,0,1,0.0,False
0,0.0,0,0.0,0.0,0.0,0.0,0.0,0.0,0.0,0.0,0.0,0,0,0,1,0.0,False
0,0.0,0,0.0,0.0,0.0,0.0,0.0,0.0,0.0,0.0,0.0,0,0,0,1,0.0,False
0,0.0,0,0.0,0.0,0.0,0.0,0.0,,,,,1,0,0,0,0.0,False
1,0.0,0,3.0,0.0,0.0,0.0,0.0,0.0,0.0,0.0,0.0,0,0,0,1,0.0,False
0,0.0,0,0.0,0.0,0.0,0.0,0.0,0.0,0.0,0.0,0.0,0,0,0,1,0.0,False
0,0.0,0,0.0,0.0,0.0,0.0,0.0,,,,,1,0,0,0,0.0,False
38,,0,27.18,0.0,,,0.0,,,,,0,0,1,0,0.0,False
35,2.0,1,37.29,0.0,2.0,4.0,1.0,,,,,1,0,0,0,0.02857142857142857,False
1,0.0,0,19.0,0.0,2.0,0.0,0.0,,,,,1,0,0,0,0.0,False
0,0.0,0,0.0,0.0,0.0,0.0,0.0,0.0,0.0,0.0,0.0,0,0,0,1,0.0,False
26,2.0,0,29.15,1.0,32.0,1.0,0.0,,,,,1,0,0,0,0.0,False
36,2.0,1,41.39,1.0,2.0,0.0,0.0,,,,,1,0,0,0,0.027777777777777776,False
28,4.0,1,27.64,0.0,66.0,1.0,1.0,,,,,1,0,0,0,0.03571428571428571,False
0,0.0,0,0.0,0.0,0.0,0.0,0.0,,,,,1,0,0,0,0.0,False
38,4.0,1,25.18,0.0,20.0,1.0,0.0,,,,,1,0,0,0,0.02631578947368421,False
38,,1,24.21,0.0,,,0.0,,,,,0,0,1,0,0.02631578947368421,False
0,0.0,0,0.0,0.0,0.0,0.0,0.0,,,,,1,0,0,0,0.0,False
0,,0,0.0,0.0,,,0.0,,,,,0,0,1,0,0.0,False
0,0.0,0,0.0,0.0,0.0,0.0,0.0,0.0,0.0,0.0,0.0,0,0,0,1,0.0,False
0,0.0,0,0.0,0.0,0.0,0.0,0.0,0.0,0.0,0.0,0.0,0,0,0,1,0.0,False
0,0.0,0,0.0,0.0,0.0,0.0,0.0,,,,,1,0,0,0,0.0,False
0,,0,0.0,0.0,,,0.0,,,,,0,0,1,0,0.0,False
2,0.0,0,5.5,0.0,0.0,0.0,0.0,1.0,1.0,100.0,0.0,0,0,0,1,0.0,False
16,5.0,0,13.88,2.0,48.0,2.0,2.0,20.0,6.0,30.0,4.0,0,0,0,1,0.0,False
10,2.0,0,43.6,1.0,28.0,0.0,0.0,,,,,1,0,0,0,0.0,False
0,0.0,0,0.0,0.0,0.0,0.0,0.0,0.0,0.0,0.0,0.0,0,1,0,0,0.0,False
0,0.0,0,0.0,0.0,0.0,0.0,0.0,0.0,0.0,0.0,0.0,0,1,0,0,0.0,False
35,28.0,12,53.49,10.0,117.0,2.0,3.0,83.0,30.0,36.0,4.0,0,0,0,1,0.34285714285714286,False
38,,0,30.11,0.0,,,0.0,,,,,0,0,1,0,0.0,False
24,3.0,0,42.88,0.0,1.0,0.0,0.0,,,,,1,0,0,0,0.0,False
0,0.0,0,0.0,0.0,0.0,0.0,0.0,,,,,1,0,0,0,0.0,False
0,0.0,0,0.0,0.0,0.0,0.0,0.0,,,,,1,0,0,0,0.0,False
38,,0,28.18,0.0,,,0.0,,,,,0,0,1,0,0.0,False
28,7.0,2,57.5,2.0,10.0,0.0,0.0,17.0,4.0,24.0,1.0,0,0,0,1,0.07142857142857142,False
6,0.0,0,32.17,0.0,1.0,0.0,0.0,1.0,0.0,0.0,0.0,0,0,0,1,0.0,False
2,,0,23.5,0.0,,,0.0,,,,,0,0,1,0,0.0,False
0,,0,0.0,0.0,,,0.0,,,,,0,0,1,0,0.0,False
0,0.0,0,0.0,0.0,0.0,0.0,0.0,0.0,0.0,0.0,0.0,0,0,0,1,0.0,False
36,17.0,4,46.31,10.0,121.0,5.0,2.0,58.0,25.0,43.0,2.0,0,0,0,1,0.1111111111111111,False
14,2.0,1,30.36,0.0,6.0,2.0,0.0,7.0,3.0,43.0,1.0,0,0,0,1,0.07142857142857142,False
0,0.0,0,0.0,0.0,0.0,0.0,0.0,0.0,0.0,0.0,0.0,0,0,0,1,0.0,False
19,1.0,1,32.16,1.0,5.0,1.0,0.0,,,,,1,0,0,0,0.05263157894736842,False
29,6.0,3,70.69,4.0,4.0,2.0,0.0,30.0,7.0,23.0,2.0,0,0,0,1,0.10344827586206896,False
0,0.0,0,0.0,0.0,0.0,0.0,0.0,,,,,1,0,0,0,0.0,False
0,0.0,0,0.0,0.0,0.0,0.0,0.0,0.0,0.0,0.0,0.0,0,0,0,1,0.0,False
13,3.0,0,17.77,2.0,4.0,0.0,1.0,14.0,6.0,43.0,2.0,0,0,0,1,0.0,False
0,0.0,0,0.0,0.0,0.0,0.0,0.0,0.0,0.0,0.0,0.0,0,1,0,0,0.0,False
1,,0,19.0,0.0,,,0.0,,,,,0,0,1,0,0.0,False
0,0.0,0,0.0,0.0,0.0,0.0,0.0,,,,,1,0,0,0,0.0,False
38,,0,30.29,0.0,,,0.0,,,,,0,0,1,0,0.0,False
12,0.0,0,33.83,0.0,15.0,0.0,0.0,,,,,1,0,0,0,0.0,False
0,0.0,0,0.0,0.0,0.0,0.0,0.0,,,,,1,0,0,0,0.0,False
12,0.0,0,48.83,2.0,2.0,0.0,0.0,,,,,1,0,0,0,0.0,False
17,0.0,2,38.47,0.0,32.0,3.0,0.0,,,,,1,0,0,0,0.11764705882352941,False
0,0.0,0,0.0,0.0,0.0,0.0,0.0,0.0,0.0,0.0,0.0,0,0,0,1,0.0,False
38,15.0,14,31.45,28.0,271.0,10.0,1.0,51.0,25.0,49.0,2.0,0,0,0,1,0.3684210526315789,False
17,3.0,1,45.24,1.0,13.0,1.0,2.0,17.0,2.0,12.0,1.0,0,0,0,1,0.058823529411764705,False
15,2.0,0,29.07,1.0,20.0,1.0,0.0,,,,,1,0,0,0,0.0,False
3,1.0,0,39.33,0.0,15.0,0.0,0.0,,,,,1,0,0,0,0.0,False
0,0.0,0,0.0,0.0,0.0,0.0,0.0,,,,,1,0,0,0,0.0,False
12,3.0,0,10.08,0.0,4.0,1.0,0.0,20.0,8.0,40.0,2.0,0,1,0,0,0.0,False
29,6.0,3,12.31,4.0,4.0,13.0,1.0,43.0,25.0,58.0,18.0,0,1,0,0,0.10344827586206896,False
4,0.0,0,1.5,0.0,0.0,0.0,0.0,0.0,0.0,0.0,0.0,0,1,0,0,0.0,False
0,0.0,0,0.0,0.0,0.0,0.0,0.0,,,,,1,0,0,0,0.0,False
0,0.0,0,0.0,0.0,0.0,0.0,0.0,,,,,1,0,0,0,0.0,False
0,0.0,0,0.0,0.0,0.0,0.0,0.0,,,,,1,0,0,0,0.0,False
0,0.0,0,0.0,0.0,0.0,0.0,0.0,,,,,1,0,0,0,0.0,False
1,0.0,0,1.0,0.0,0.0,0.0,0.0,0.0,0.0,0.0,0.0,0,0,0,1,0.0,False
0,0.0,0,0.0,0.0,0.0,0.0,0.0,0.0,0.0,0.0,0.0,0,0,0,1,0.0,False
0,0.0,0,0.0,0.0,0.0,0.0,0.0,0.0,0.0,0.0,0.0,0,1,0,0,0.0,False
3,,0,31.67,0.0,,,0.0,,,,,0,0,1,0,0.0,False
0,0.0,0,0.0,0.0,0.0,0.0,0.0,0.0,0.0,0.0,0.0,0,0,0,1,0.0,False
19,10.0,0,22.21,3.0,45.0,0.0,1.0,19.0,5.0,26.0,1.0,0,0,0,1,0.0,False
26,2.0,1,12.19,2.0,17.0,2.0,1.0,8.0,1.0,13.0,2.0,0,0,0,1,0.038461538461538464,False
1,0.0,0,33.0,0.0,0.0,0.0,0.0,,,,,1,0,0,0,0.0,False
0,0.0,0,0.0,0.0,0.0,0.0,0.0,0.0,0.0,0.0,0.0,0,0,0,1,0.0,False
0,0.0,0,0.0,0.0,0.0,0.0,0.0,0.0,0.0,0.0,0.0,0,0,0,1,0.0,False
27,7.0,4,9.67,3.0,1.0,6.0,1.0,32.0,10.0,31.0,5.0,0,1,0,0,0.14814814814814814,False
0,0.0,0,0.0,0.0,0.0,0.0,0.0,0.0,0.0,0.0,0.0,0,1,0,0,0.0,False
0,0.0,0,0.0,0.0,0.0,0.0,0.0,,,,,1,0,0,0,0.0,False
0,0.0,0,0.0,0.0,0.0,0.0,0.0,0.0,0.0,0.0,0.0,0,0,0,1,0.0,False
16,1.0,0,49.19,0.0,7.0,0.0,0.0,,,,,1,0,0,0,0.0,False
0,0.0,0,0.0,0.0,0.0,0.0,0.0,0.0,0.0,0.0,0.0,0,1,0,0,0.0,False
25,5.0,1,38.8,2.0,6.0,2.0,1.0,21.0,7.0,33.0,2.0,0,0,0,1,0.04,False
0,0.0,0,0.0,0.0,0.0,0.0,0.0,0.0,0.0,0.0,0.0,0,1,0,0,0.0,False
0,,0,0.0,0.0,,,0.0,,,,,0,0,1,0,0.0,False
0,0.0,0,0.0,0.0,0.0,0.0,0.0,0.0,0.0,0.0,0.0,0,1,0,0,0.0,False
0,0.0,0,0.0,0.0,0.0,0.0,0.0,0.0,0.0,0.0,0.0,0,0,0,1,0.0,False
13,2.0,0,16.31,0.0,9.0,4.0,0.0,21.0,12.0,57.0,3.0,0,1,0,0,0.0,False
34,13.0,1,19.32,0.0,52.0,3.0,1.0,47.0,19.0,40.0,5.0,0,0,0,1,0.029411764705882353,False
0,,0,0.0,0.0,,,0.0,,,,,0,0,1,0,0.0,False
3,0.0,0,20.0,0.0,1.0,2.0,1.0,7.0,4.0,57.0,2.0,0,1,0,0,0.0,False
0,,0,0.0,0.0,,,0.0,,,,,0,0,1,0,0.0,False
25,8.0,3,32.4,9.0,142.0,5.0,0.0,24.0,9.0,38.0,3.0,0,0,0,1,0.12,False
0,0.0,0,0.0,0.0,0.0,0.0,0.0,0.0,0.0,0.0,0.0,0,0,0,1,0.0,False
20,,0,24.95,0.0,,,0.0,,,,,0,0,1,0,0.0,False
29,11.0,6,16.93,3.0,119.0,2.0,2.0,33.0,9.0,27.0,0.0,0,0,0,1,0.20689655172413793,False
33,6.0,0,48.42,3.0,15.0,0.0,0.0,16.0,4.0,25.0,0.0,0,0,0,1,0.0,False
33,8.0,2,52.7,0.0,13.0,0.0,1.0,19.0,4.0,21.0,0.0,0,0,0,1,0.06060606060606061,False
31,15.0,3,64.32,6.0,98.0,0.0,1.0,43.0,11.0,26.0,1.0,0,0,0,1,0.0967741935483871,False
12,,0,24.08,0.0,,,0.0,,,,,0,0,1,0,0.0,False
28,3.0,1,26.75,2.0,12.0,0.0,0.0,20.0,4.0,20.0,2.0,0,0,0,1,0.03571428571428571,False
0,0.0,0,0.0,0.0,0.0,0.0,0.0,0.0,0.0,0.0,0.0,0,1,0,0,0.0,False
24,3.0,0,30.25,2.0,91.0,2.0,0.0,,,,,1,0,0,0,0.0,False
0,0.0,0,0.0,0.0,0.0,0.0,0.0,0.0,0.0,0.0,0.0,0,0,0,1,0.0,False
0,0.0,0,0.0,0.0,0.0,0.0,0.0,,,,,1,0,0,0,0.0,False
7,,0,27.29,0.0,,,0.0,,,,,0,0,1,0,0.0,False
0,0.0,0,0.0,0.0,0.0,0.0,0.0,0.0,0.0,0.0,0.0,0,0,0,1,0.0,False
0,,0,0.0,0.0,,,0.0,,,,,0,0,1,0,0.0,False
13,0.0,0,6.77,1.0,15.0,1.0,1.0,5.0,3.0,60.0,1.0,0,0,0,1,0.0,False
0,0.0,0,0.0,0.0,0.0,0.0,0.0,0.0,0.0,0.0,0.0,0,0,0,1,0.0,False
19,,0,29.74,0.0,,,0.0,,,,,0,0,1,0,0.0,False
0,0.0,0,0.0,0.0,0.0,0.0,0.0,0.0,0.0,0.0,0.0,1,0,0,0,0.0,False
25,10.0,4,28.8,4.0,11.0,0.0,0.0,22.0,5.0,23.0,0.0,0,0,0,1,0.16,False
37,34.0,15,49.16,18.0,145.0,11.0,3.0,93.0,43.0,46.0,8.0,0,1,0,0,0.40540540540540543,True
3,1.0,0,2.33,0.0,3.0,0.0,0.0,1.0,0.0,0.0,0.0,0,1,0,0,0.0,False
19,,0,28.47,0.0,,,0.0,,,,,0,0,1,0,0.0,False
0,0.0,0,0.0,0.0,0.0,0.0,0.0,,,,,1,0,0,0,0.0,False
0,0.0,0,0.0,0.0,0.0,0.0,0.0,,,,,1,0,0,0,0.0,False
25,9.0,2,17.68,3.0,50.0,6.0,0.0,25.0,7.0,28.0,3.0,0,1,0,0,0.08,False
0,0.0,0,0.0,0.0,0.0,0.0,0.0,0.0,0.0,0.0,0.0,0,1,0,0,0.0,False
32,6.0,3,54.38,2.0,38.0,1.0,0.0,16.0,1.0,6.0,1.0,0,0,0,1,0.09375,False
32,8.0,0,20.59,1.0,24.0,9.0,0.0,19.0,6.0,32.0,2.0,0,0,0,1,0.0,False
18,,0,25.0,0.0,,,0.0,,,,,0,0,1,0,0.0,False
0,,0,0.0,0.0,,,0.0,,,,,0,0,1,0,0.0,False
22,4.0,3,44.55,3.0,6.0,0.0,0.0,21.0,8.0,38.0,1.0,0,0,0,1,0.13636363636363635,False
0,0.0,0,0.0,0.0,0.0,0.0,0.0,0.0,0.0,0.0,0.0,0,0,0,1,0.0,False
0,,0,0.0,0.0,,,0.0,,,,,0,0,1,0,0.0,False
0,,0,0.0,0.0,,,0.0,,,,,0,0,1,0,0.0,False
14,19.0,0,22.57,2.0,2.0,11.0,2.0,46.0,15.0,33.0,5.0,0,1,0,0,0.0,False
0,0.0,0,0.0,0.0,0.0,0.0,0.0,0.0,0.0,0.0,0.0,0,1,0,0,0.0,False
0,0.0,0,0.0,0.0,0.0,0.0,0.0,,,,,1,0,0,0,0.0,False
0,0.0,0,0.0,0.0,0.0,0.0,0.0,,,,,1,0,0,0,0.0,False
13,0.0,0,47.77,0.0,2.0,0.0,0.0,,,,,1,0,0,0,0.0,False
0,0.0,0,0.0,0.0,0.0,0.0,0.0,,,,,1,0,0,0,0.0,False
29,3.0,1,53.31,1.0,6.0,1.0,1.0,8.0,1.0,13.0,0.0,0,0,0,1,0.034482758620689655,False
32,12.0,1,13.84,2.0,85.0,8.0,1.0,40.0,10.0,25.0,3.0,0,0,0,1,0.03125,False
10,0.0,0,61.4,0.0,1.0,0.0,0.0,,,,,1,0,0,0,0.0,False
28,6.0,6,29.75,8.0,209.0,2.0,1.0,,,,,1,0,0,0,0.21428571428571427,False
5,0.0,0,50.6,0.0,0.0,1.0,0.0,,,,,1,0,0,0,0.0,False
0,0.0,0,0.0,0.0,0.0,0.0,0.0,0.0,0.0,0.0,0.0,0,0,0,1,0.0,False
0,0.0,0,0.0,0.0,0.0,0.0,0.0,,,,,1,0,0,0,0.0,False
0,0.0,0,0.0,0.0,0.0,0.0,0.0,0.0,0.0,0.0,0.0,0,1,0,0,0.0,False
10,2.0,1,20.7,2.0,22.0,3.0,0.0,6.0,3.0,50.0,1.0,0,1,0,0,0.1,False
0,0.0,0,0.0,0.0,0.0,0.0,0.0,,,,,1,0,0,0,0.0,False
0,0.0,0,0.0,0.0,0.0,0.0,0.0,0.0,0.0,0.0,0.0,0,1,0,0,0.0,False
0,0.0,0,0.0,0.0,0.0,0.0,0.0,,,,,1,0,0,0,0.0,False
0,0.0,0,0.0,0.0,0.0,0.0,0.0,0.0,0.0,0.0,0.0,0,0,0,1,0.0,False
0,0.0,0,0.0,0.0,0.0,0.0,0.0,,,,,1,0,0,0,0.0,False
0,0.0,0,0.0,0.0,0.0,0.0,0.0,0.0,0.0,0.0,0.0,0,0,0,1,0.0,False
0,0.0,0,0.0,0.0,0.0,0.0,0.0,,,,,1,0,0,0,0.0,False
1,0.0,0,23.0,0.0,0.0,0.0,0.0,0.0,0.0,0.0,0.0,0,0,0,1,0.0,False
31,10.0,3,57.84,4.0,29.0,0.0,1.0,53.0,19.0,36.0,1.0,0,0,0,1,0.0967741935483871,False
19,4.0,1,13.16,0.0,27.0,0.0,1.0,9.0,3.0,33.0,1.0,0,0,0,1,0.05263157894736842,False
8,0.0,0,18.38,0.0,0.0,0.0,0.0,2.0,1.0,50.0,1.0,0,0,0,1,0.0,False
30,5.0,3,9.2,3.0,6.0,8.0,0.0,18.0,6.0,33.0,3.0,0,1,0,0,0.1,False
0,,0,0.0,0.0,,,0.0,,,,,0,0,1,0,0.0,False
0,0.0,0,0.0,0.0,0.0,0.0,0.0,0.0,0.0,0.0,0.0,0,0,0,1,0.0,False
0,,0,0.0,0.0,,,0.0,,,,,0,0,1,0,0.0,False
0,0.0,0,0.0,0.0,0.0,0.0,0.0,0.0,0.0,0.0,0.0,0,0,0,1,0.0,False
24,11.0,3,16.33,6.0,14.0,6.0,1.0,55.0,23.0,42.0,8.0,0,1,0,0,0.125,False
0,0.0,0,0.0,0.0,0.0,0.0,0.0,,,,,1,0,0,0,0.0,False
30,8.0,1,11.63,4.0,13.0,12.0,0.0,29.0,10.0,34.0,4.0,0,1,0,0,0.03333333333333333,False
23,2.0,1,12.78,2.0,54.0,6.0,2.0,13.0,4.0,31.0,1.0,0,1,0,0,0.043478260869565216,False
35,11.0,6,27.17,10.0,57.0,2.0,0.0,35.0,14.0,40.0,3.0,0,1,0,0,0.17142857142857143,False
15,5.0,1,13.67,0.0,6.0,4.0,0.0,15.0,3.0,20.0,0.0,0,1,0,0,0.06666666666666667,False
0,0.0,0,0.0,0.0,0.0,0.0,0.0,,,,,1,0,0,0,0.0,False
0,0.0,0,0.0,0.0,0.0,0.0,0.0,0.0,0.0,0.0,0.0,0,0,0,1,0.0,False
7,0.0,0,27.43,0.0,0.0,0.0,0.0,,,,,1,0,0,0,0.0,False
19,5.0,0,14.58,0.0,23.0,6.0,2.0,21.0,6.0,29.0,0.0,0,1,0,0,0.0,False
0,,0,0.0,0.0,,,0.0,,,,,0,0,1,0,0.0,False
0,0.0,0,0.0,0.0,0.0,0.0,0.0,0.0,0.0,0.0,0.0,0,0,0,1,0.0,False
18,5.0,2,33.28,1.0,61.0,1.0,0.0,,,,,1,0,0,0,0.1111111111111111,False
3,1.0,0,3.0,0.0,1.0,1.0,0.0,3.0,1.0,33.0,1.0,0,1,0,0,0.0,False
4,0.0,0,6.5,0.0,0.0,0.0,0.0,,,,,1,0,0,0,0.0,False
3,0.0,0,25.0,0.0,3.0,0.0,0.0,,,,,1,0,0,0,0.0,False
0,0.0,0,0.0,0.0,0.0,0.0,0.0,,,,,1,0,0,0,0.0,False
0,0.0,0,0.0,0.0,0.0,0.0,0.0,,,,,1,0,0,0,0.0,False
0,0.0,0,0.0,0.0,0.0,0.0,0.0,,,,,1,0,0,0,0.0,False
38,24.0,7,27.87,13.0,27.0,33.0,3.0,111.0,35.0,32.0,10.0,0,1,0,0,0.18421052631578946,True
0,0.0,0,0.0,0.0,0.0,0.0,0.0,0.0,0.0,0.0,0.0,0,0,0,1,0.0,False
38,5.0,8,49.03,7.0,196.0,0.0,1.0,18.0,3.0,17.0,0.0,0,0,0,1,0.21052631578947367,False
0,,0,0.0,0.0,,,0.0,,,,,0,0,1,0,0.0,False
0,,0,0.0,0.0,,,0.0,,,,,0,0,1,0,0.0,False
12,0.0,0,20.83,0.0,9.0,0.0,0.0,1.0,0.0,0.0,0.0,0,0,0,1,0.0,False
0,0.0,0,0.0,0.0,0.0,0.0,0.0,,,,,1,0,0,0,0.0,False
0,0.0,0,0.0,0.0,0.0,0.0,0.0,0.0,0.0,0.0,0.0,0,1,0,0,0.0,False
0,0.0,0,0.0,0.0,0.0,0.0,0.0,,,,,1,0,0,0,0.0,False
0,0.0,0,0.0,0.0,0.0,0.0,0.0,,,,,1,0,0,0,0.0,False
0,,0,0.0,0.0,,,0.0,,,,,0,0,1,0,0.0,False
0,0.0,0,0.0,0.0,0.0,0.0,0.0,,,,,1,0,0,0,0.0,False
0,0.0,0,0.0,0.0,0.0,0.0,0.0,0.0,0.0,0.0,0.0,0,0,0,1,0.0,False
0,0.0,0,0.0,0.0,0.0,0.0,0.0,0.0,0.0,0.0,0.0,0,0,0,1,0.0,False
33,11.0,1,32.58,2.0,46.0,5.0,1.0,,,,,1,0,0,0,0.030303030303030304,False
0,0.0,0,0.0,0.0,0.0,0.0,0.0,,,,,1,0,0,0,0.0,False
0,0.0,0,0.0,0.0,0.0,0.0,0.0,,,,,1,0,0,0,0.0,False
37,5.0,0,84.27,6.0,2.0,0.0,0.0,19.0,7.0,37.0,0.0,0,0,0,1,0.0,False
16,5.0,0,13.0,1.0,3.0,4.0,1.0,17.0,5.0,29.0,2.0,0,1,0,0,0.0,False
0,0.0,0,0.0,0.0,0.0,0.0,0.0,0.0,0.0,0.0,0.0,0,0,0,1,0.0,False
21,4.0,0,26.19,0.0,1.0,0.0,0.0,,,,,1,0,0,0,0.0,False
0,0.0,0,0.0,0.0,0.0,0.0,0.0,,,,,1,0,0,0,0.0,False
20,5.0,0,14.8,0.0,15.0,9.0,0.0,14.0,3.0,21.0,1.0,0,1,0,0,0.0,False
0,0.0,0,0.0,0.0,0.0,0.0,0.0,0.0,0.0,0.0,0.0,0,0,0,1,0.0,False
0,0.0,0,0.0,0.0,0.0,0.0,0.0,0.0,0.0,0.0,0.0,0,0,0,1,0.0,False
0,0.0,0,0.0,0.0,0.0,0.0,0.0,,,,,1,0,0,0,0.0,False
13,0.0,0,17.38,1.0,18.0,7.0,0.0,21.0,10.0,48.0,4.0,0,1,0,0,0.0,False
0,0.0,0,0.0,0.0,0.0,0.0,0.0,0.0,0.0,0.0,0.0,0,0,0,1,0.0,False
36,13.0,4,56.14,4.0,19.0,6.0,0.0,29.0,6.0,21.0,4.0,0,0,0,1,0.1111111111111111,False
0,0.0,0,0.0,0.0,0.0,0.0,0.0,0.0,0.0,0.0,0.0,0,0,0,1,0.0,False
0,,0,0.0,0.0,,,0.0,,,,,0,0,1,0,0.0,False
0,,0,0.0,0.0,,,0.0,,,,,0,0,1,0,0.0,False
18,0.0,1,15.06,2.0,10.0,0.0,0.0,5.0,2.0,40.0,0.0,0,0,0,1,0.05555555555555555,False
0,0.0,0,0.0,0.0,0.0,0.0,0.0,0.0,0.0,0.0,0.0,0,1,0,0,0.0,False
33,4.0,2,48.24,3.0,4.0,0.0,1.0,,,,,1,0,0,0,0.06060606060606061,False
7,0.0,0,4.14,0.0,2.0,0.0,0.0,,,,,0,0,0,1,0.0,False
25,8.0,1,40.2,1.0,5.0,0.0,1.0,27.0,10.0,37.0,3.0,0,0,0,1,0.04,False
0,,0,0.0,0.0,,,0.0,,,,,0,0,1,0,0.0,False
13,0.0,0,27.46,0.0,2.0,0.0,0.0,,,,,1,0,0,0,0.0,False
25,11.0,1,18.48,1.0,28.0,5.0,2.0,31.0,6.0,19.0,3.0,0,1,0,0,0.04,False
0,0.0,0,0.0,0.0,0.0,0.0,0.0,0.0,0.0,0.0,0.0,1,0,0,0,0.0,False
10,0.0,1,42.7,1.0,17.0,0.0,1.0,,,,,1,0,0,0,0.1,False
0,0.0,0,0.0,0.0,0.0,0.0,0.0,0.0,0.0,0.0,0.0,0,1,0,0,0.0,False
18,2.0,1,33.17,2.0,54.0,0.0,1.0,9.0,2.0,22.0,0.0,0,0,0,1,0.05555555555555555,False
29,3.0,1,31.9,2.0,64.0,3.0,0.0,,,,,1,0,0,0,0.034482758620689655,False
1,0.0,0,0.0,0.0,0.0,0.0,0.0,,,,,1,0,0,0,0.0,False
35,18.0,3,22.91,10.0,43.0,7.0,1.0,72.0,23.0,32.0,10.0,0,1,0,0,0.08571428571428572,True
0,0.0,0,0.0,0.0,0.0,0.0,0.0,0.0,0.0,0.0,0.0,0,0,0,1,0.0,False
0,0.0,0,0.0,0.0,0.0,0.0,0.0,0.0,0.0,0.0,0.0,0,0,0,1,0.0,False
0,0.0,0,0.0,0.0,0.0,0.0,0.0,,,,,1,0,0,0,0.0,False
0,0.0,0,0.0,0.0,0.0,0.0,0.0,,,,,1,0,0,0,0.0,False
30,10.0,6,20.53,6.0,107.0,3.0,0.0,27.0,9.0,33.0,2.0,0,0,0,1,0.2,False
24,3.0,5,40.46,10.0,51.0,10.0,0.0,,,,,1,0,0,0,0.20833333333333334,False
17,2.0,0,72.18,0.0,0.0,1.0,0.0,,,,,1,0,0,0,0.0,False
32,1.0,1,35.91,1.0,28.0,2.0,0.0,,,,,1,0,0,0,0.03125,False
17,0.0,0,52.41,0.0,0.0,0.0,0.0,,,,,1,0,0,0,0.0,False
31,4.0,2,24.68,0.0,8.0,3.0,1.0,20.0,8.0,40.0,2.0,0,0,0,1,0.06451612903225806,False
32,15.0,2,45.88,1.0,8.0,0.0,1.0,28.0,4.0,14.0,2.0,0,0,0,1,0.0625,False
0,,0,0.0,0.0,,,0.0,,,,,0,0,1,0,0.0,False
0,,0,0.0,0.0,,,0.0,,,,,0,0,1,0,0.0,False
35,19.0,8,22.03,6.0,29.0,24.0,1.0,81.0,30.0,37.0,13.0,0,1,0,0,0.22857142857142856,True
13,2.0,0,23.23,0.0,8.0,0.0,0.0,5.0,2.0,40.0,0.0,0,0,0,1,0.0,False
19,9.0,2,22.21,4.0,28.0,1.0,1.0,29.0,11.0,38.0,4.0,0,0,0,1,0.10526315789473684,False
10,5.0,1,45.2,2.0,16.0,0.0,0.0,11.0,4.0,36.0,0.0,0,0,0,1,0.1,False
35,3.0,3,85.66,1.0,6.0,2.0,0.0,,,,,1,0,0,0,0.08571428571428572,False
32,1.0,1,34.5,2.0,2.0,1.0,0.0,,,,,1,0,0,0,0.03125,False
0,0.0,0,0.0,0.0,0.0,0.0,0.0,0.0,0.0,0.0,0.0,0,1,0,0,0.0,False
0,0.0,0,0.0,0.0,0.0,0.0,0.0,0.0,0.0,0.0,0.0,0,0,0,1,0.0,False
26,3.0,1,53.31,1.0,17.0,3.0,0.0,,,,,1,0,0,0,0.038461538461538464,False
0,0.0,0,0.0,0.0,0.0,0.0,0.0,0.0,0.0,0.0,0.0,0,0,0,1,0.0,False
0,,0,0.0,0.0,,,0.0,,,,,0,0,1,0,0.0,False
12,0.0,0,46.92,0.0,7.0,0.0,0.0,,,,,1,0,0,0,0.0,False
21,7.0,1,38.52,2.0,9.0,1.0,1.0,25.0,5.0,20.0,0.0,0,0,0,1,0.047619047619047616,False
16,1.0,1,17.31,0.0,24.0,0.0,0.0,4.0,2.0,50.0,1.0,0,0,0,1,0.0625,False
32,,0,28.81,0.0,,,0.0,,,,,0,0,1,0,0.0,False
7,2.0,1,8.14,0.0,4.0,0.0,0.0,9.0,1.0,11.0,2.0,0,1,0,0,0.14285714285714285,False
30,5.0,0,52.03,2.0,4.0,3.0,1.0,31.0,8.0,26.0,1.0,0,0,0,1,0.0,False
0,0.0,0,0.0,0.0,0.0,0.0,0.0,0.0,0.0,0.0,0.0,0,0,0,1,0.0,False
0,,0,0.0,0.0,,,0.0,,,,,0,0,1,0,0.0,False
13,3.0,0,30.08,0.0,10.0,0.0,0.0,4.0,0.0,0.0,0.0,0,0,0,1,0.0,False
14,0.0,0,34.29,0.0,30.0,2.0,0.0,,,,,1,0,0,0,0.0,False
0,,0,0.0,0.0,,,0.0,,,,,0,0,1,0,0.0,False
30,3.0,1,49.67,4.0,1.0,0.0,0.0,,,,,1,0,0,0,0.03333333333333333,False
27,8.0,2,28.19,5.0,18.0,7.0,0.0,32.0,14.0,44.0,2.0,0,0,0,1,0.07407407407407407,False
20,5.0,4,11.15,2.0,1.0,5.0,1.0,24.0,5.0,21.0,5.0,0,1,0,0,0.2,False
33,,0,31.73,0.0,,,0.0,,,,,0,0,1,0,0.0,False
26,7.0,0,12.73,1.0,12.0,11.0,0.0,28.0,10.0,36.0,3.0,0,1,0,0,0.0,False
24,8.0,2,25.42,1.0,2.0,2.0,0.0,28.0,8.0,29.0,2.0,0,0,0,1,0.08333333333333333,False
0,0.0,0,0.0,0.0,0.0,0.0,0.0,0.0,0.0,0.0,0.0,0,0,0,1,0.0,False
6,0.0,1,28.0,1.0,0.0,0.0,0.0,,,,,1,0,0,0,0.16666666666666666,False
21,5.0,2,12.05,3.0,15.0,2.0,1.0,12.0,3.0,25.0,2.0,0,1,0,0,0.09523809523809523,False
31,,1,32.45,0.0,,,0.0,,,,,0,0,1,0,0.03225806451612903,False
13,1.0,0,63.15,0.0,4.0,0.0,0.0,,,,,1,0,0,0,0.0,False
21,1.0,0,30.38,1.0,58.0,0.0,0.0,,,,,1,0,0,0,0.0,False
32,6.0,0,22.59,1.0,19.0,14.0,1.0,45.0,20.0,44.0,11.0,0,1,0,0,0.0,True
0,,0,0.0,0.0,,,0.0,,,,,0,0,1,0,0.0,False
0,0.0,0,0.0,0.0,0.0,0.0,0.0,0.0,0.0,0.0,0.0,0,0,0,1,0.0,False
32,9.0,0,16.69,3.0,46.0,23.0,2.0,55.0,32.0,58.0,15.0,0,1,0,0,0.0,True
0,0.0,0,0.0,0.0,0.0,0.0,0.0,0.0,0.0,0.0,0.0,0,1,0,0,0.0,False
0,0.0,0,0.0,0.0,0.0,0.0,0.0,0.0,0.0,0.0,0.0,0,1,0,0,0.0,False
0,0.0,0,0.0,0.0,0.0,0.0,0.0,0.0,0.0,0.0,0.0,0,0,0,1,0.0,False
0,,0,0.0,0.0,,,0.0,,,,,0,0,1,0,0.0,False
36,24.0,7,39.0,13.0,205.0,2.0,1.0,83.0,28.0,34.0,5.0,0,0,0,1,0.19444444444444445,False
5,0.0,0,2.4,0.0,0.0,0.0,0.0,0.0,0.0,0.0,0.0,0,1,0,0,0.0,False
0,,0,0.0,0.0,,,0.0,,,,,0,0,1,0,0.0,False
0,0.0,0,0.0,0.0,0.0,0.0,0.0,,,,,1,0,0,0,0.0,False
0,0.0,0,0.0,0.0,0.0,0.0,0.0,0.0,0.0,0.0,0.0,0,0,0,1,0.0,False
31,5.0,0,56.35,1.0,1.0,4.0,1.0,,,,,1,0,0,0,0.0,False
0,0.0,0,0.0,0.0,0.0,0.0,0.0,0.0,0.0,0.0,0.0,0,0,0,1,0.0,False
27,13.0,4,29.56,9.0,73.0,9.0,2.0,54.0,25.0,46.0,5.0,0,1,0,0,0.14814814814814814,False
16,1.0,1,28.19,1.0,18.0,1.0,0.0,5.0,3.0,60.0,0.0,0,0,0,1,0.0625,False
0,0.0,0,0.0,0.0,0.0,0.0,0.0,0.0,0.0,0.0,0.0,0,0,0,1,0.0,False
0,0.0,0,0.0,0.0,0.0,0.0,0.0,,,,,1,0,0,0,0.0,False
36,11.0,1,32.89,7.0,39.0,25.0,5.0,87.0,42.0,48.0,11.0,0,1,0,0,0.027777777777777776,True
0,0.0,0,0.0,0.0,0.0,0.0,0.0,,,,,1,0,0,0,0.0,False
18,0.0,3,19.56,1.0,28.0,1.0,0.0,,,,,1,0,0,0,0.16666666666666666,False
0,0.0,0,0.0,0.0,0.0,0.0,0.0,,,,,1,0,0,0,0.0,False
0,0.0,0,0.0,0.0,0.0,0.0,0.0,,,,,1,0,0,0,0.0,False
35,14.0,5,21.6,8.0,152.0,6.0,0.0,43.0,9.0,21.0,2.0,0,0,0,1,0.14285714285714285,False
26,2.0,0,33.92,1.0,1.0,1.0,0.0,,,,,1,0,0,0,0.0,False
1,0.0,0,29.0,0.0,0.0,0.0,0.0,0.0,0.0,0.0,0.0,0,1,0,0,0.0,False
0,0.0,0,0.0,0.0,0.0,0.0,0.0,0.0,0.0,0.0,0.0,0,0,0,1,0.0,False
0,0.0,0,0.0,0.0,0.0,0.0,0.0,0.0,0.0,0.0,0.0,0,0,0,1,0.0,False
0,0.0,0,0.0,0.0,0.0,0.0,0.0,0.0,0.0,0.0,0.0,0,0,0,1,0.0,False
27,9.0,2,26.19,3.0,34.0,6.0,0.0,39.0,23.0,59.0,5.0,0,1,0,0,0.07407407407407407,True
0,,0,0.0,0.0,,,0.0,,,,,0,0,1,0,0.0,False
14,2.0,1,31.14,2.0,31.0,1.0,1.0,,,,,1,0,0,0,0.07142857142857142,False
0,0.0,0,0.0,0.0,0.0,0.0,0.0,,,,,1,0,0,0,0.0,False
0,0.0,0,0.0,0.0,0.0,0.0,0.0,,,,,1,0,0,0,0.0,False
0,0.0,0,0.0,0.0,0.0,0.0,0.0,0.0,0.0,0.0,0.0,0,0,0,1,0.0,False
0,0.0,0,0.0,0.0,0.0,0.0,0.0,,,,,1,0,0,0,0.0,False
23,1.0,1,38.26,0.0,37.0,0.0,0.0,,,,,1,0,0,0,0.043478260869565216,False
22,7.0,2,31.82,5.0,67.0,8.0,0.0,19.0,6.0,32.0,0.0,0,0,0,1,0.09090909090909091,False
0,0.0,0,0.0,0.0,0.0,0.0,0.0,,,,,1,0,0,0,0.0,False
28,5.0,0,65.57,0.0,9.0,1.0,0.0,12.0,3.0,25.0,1.0,0,0,0,1,0.0,False
22,0.0,0,60.95,1.0,0.0,0.0,0.0,,,,,1,0,0,0,0.0,False
0,0.0,0,0.0,0.0,0.0,0.0,0.0,0.0,0.0,0.0,0.0,0,1,0,0,0.0,False
4,0.0,0,34.25,1.0,0.0,0.0,0.0,,,,,1,0,0,0,0.0,False
15,0.0,0,31.8,0.0,3.0,0.0,0.0,,,,,1,0,0,0,0.0,False
0,0.0,0,0.0,0.0,0.0,0.0,0.0,,,,,1,0,0,0,0.0,False
22,7.0,1,10.55,2.0,34.0,5.0,0.0,16.0,5.0,31.0,0.0,0,1,0,0,0.045454545454545456,False
38,11.0,6,36.84,5.0,15.0,2.0,2.0,34.0,8.0,24.0,4.0,0,0,0,1,0.15789473684210525,False
1,0.0,0,6.0,0.0,0.0,0.0,0.0,0.0,0.0,0.0,0.0,0,0,0,1,0.0,False
15,1.0,0,38.53,0.0,1.0,0.0,0.0,4.0,0.0,0.0,0.0,0,0,0,1,0.0,False
0,0.0,0,0.0,0.0,0.0,0.0,0.0,0.0,0.0,0.0,0.0,0,0,0,1,0.0,False
0,,0,0.0,0.0,,,0.0,,,,,0,0,1,0,0.0,False
21,9.0,5,21.57,5.0,117.0,1.0,1.0,27.0,6.0,22.0,1.0,0,0,0,1,0.23809523809523808,False
0,0.0,0,0.0,0.0,0.0,0.0,0.0,0.0,0.0,0.0,0.0,1,0,0,0,0.0,False
16,4.0,0,28.06,0.0,2.0,1.0,0.0,15.0,6.0,40.0,2.0,0,0,0,1,0.0,False
0,0.0,0,0.0,0.0,0.0,0.0,0.0,,,,,1,0,0,0,0.0,False
38,1.0,2,39.53,3.0,4.0,0.0,1.0,,,,,1,0,0,0,0.05263157894736842,False
0,0.0,0,0.0,0.0,0.0,0.0,0.0,0.0,0.0,0.0,0.0,0,1,0,0,0.0,False
20,5.0,1,12.75,2.0,27.0,3.0,1.0,20.0,10.0,50.0,0.0,0,0,0,1,0.05,False
31,1.0,0,35.23,0.0,3.0,0.0,0.0,2.0,0.0,0.0,0.0,0,0,0,1,0.0,False
13,0.0,1,31.15,1.0,1.0,0.0,0.0,,,,,1,0,0,0,0.07692307692307693,False
0,0.0,0,0.0,0.0,0.0,0.0,0.0,0.0,0.0,0.0,0.0,0,0,0,1,0.0,False
0,0.0,0,0.0,0.0,0.0,0.0,0.0,,,,,1,0,0,0,0.0,False
29,12.0,2,22.86,0.0,24.0,1.0,1.0,38.0,8.0,21.0,0.0,0,0,0,1,0.06896551724137931,False
0,0.0,0,0.0,0.0,0.0,0.0,0.0,,,,,1,0,0,0,0.0,False
0,,0,0.0,0.0,,,0.0,,,,,0,0,1,0,0.0,False
38,16.0,2,52.26,4.0,185.0,0.0,4.0,57.0,25.0,44.0,2.0,0,0,0,1,0.05263157894736842,True
31,13.0,4,45.19,6.0,134.0,0.0,0.0,24.0,8.0,33.0,0.0,0,0,0,1,0.12903225806451613,False
13,1.0,0,38.77,0.0,0.0,1.0,0.0,,,,,1,0,0,0,0.0,False
5,0.0,0,17.4,0.0,1.0,0.0,0.0,,,,,1,0,0,0,0.0,False
0,0.0,0,0.0,0.0,0.0,0.0,0.0,0.0,0.0,0.0,0.0,0,0,0,1,0.0,False
0,0.0,0,0.0,0.0,0.0,0.0,0.0,,,,,1,0,0,0,0.0,False
37,26.0,3,27.73,5.0,6.0,34.0,5.0,131.0,48.0,37.0,15.0,0,1,0,0,0.08108108108108109,True
25,17.0,4,31.84,10.0,63.0,3.0,1.0,49.0,14.0,29.0,4.0,0,0,0,1,0.16,False
0,0.0,0,0.0,0.0,0.0,0.0,0.0,0.0,0.0,0.0,0.0,0,1,0,0,0.0,False
8,4.0,0,34.75,0.0,3.0,1.0,0.0,7.0,0.0,0.0,0.0,0,0,0,1,0.0,False
38,33.0,8,28.39,16.0,57.0,27.0,2.0,137.0,64.0,47.0,16.0,0,1,0,0,0.21052631578947367,True
0,0.0,0,0.0,0.0,0.0,0.0,0.0,0.0,0.0,0.0,0.0,0,0,0,1,0.0,False
25,3.0,1,34.32,1.0,36.0,0.0,1.0,,,,,1,0,0,0,0.04,False
0,0.0,0,0.0,0.0,0.0,0.0,0.0,,,,,1,0,0,0,0.0,False
29,14.0,1,44.07,4.0,137.0,1.0,1.0,43.0,14.0,33.0,0.0,0,0,0,1,0.034482758620689655,False
16,9.0,0,14.31,0.0,3.0,20.0,0.0,35.0,16.0,46.0,10.0,0,1,0,0,0.0,False
0,0.0,0,0.0,0.0,0.0,0.0,0.0,0.0,0.0,0.0,0.0,0,1,0,0,0.0,False
22,4.0,0,40.55,0.0,0.0,3.0,0.0,,,,,1,0,0,0,0.0,False
34,3.0,3,21.68,3.0,5.0,9.0,1.0,,,,,1,0,0,0,0.08823529411764706,False
2,0.0,0,6.5,0.0,0.0,0.0,0.0,0.0,0.0,0.0,0.0,0,0,0,1,0.0,False
31,11.0,3,17.97,2.0,9.0,15.0,2.0,61.0,23.0,38.0,7.0,0,1,0,0,0.0967741935483871,False
24,2.0,0,5.04,0.0,3.0,4.0,0.0,12.0,7.0,58.0,3.0,0,1,0,0,0.0,False
0,0.0,0,0.0,0.0,0.0,0.0,0.0,,,,,1,0,0,0,0.0,False
0,,0,0.0,0.0,,,0.0,,,,,0,0,1,0,0.0,False
0,,0,0.0,0.0,,,0.0,,,,,0,0,1,0,0.0,False
38,10.0,1,15.95,2.0,8.0,38.0,1.0,54.0,21.0,39.0,6.0,0,1,0,0,0.02631578947368421,True
0,0.0,0,0.0,0.0,0.0,0.0,0.0,0.0,0.0,0.0,0.0,0,1,0,0,0.0,False
0,0.0,0,0.0,0.0,0.0,0.0,0.0,0.0,0.0,0.0,0.0,0,0,0,1,0.0,False
31,1.0,0,56.94,0.0,11.0,4.0,0.0,,,,,1,0,0,0,0.0,False
0,0.0,0,0.0,0.0,0.0,0.0,0.0,0.0,0.0,0.0,0.0,0,0,0,1,0.0,False
17,1.0,0,6.65,0.0,4.0,2.0,0.0,6.0,3.0,50.0,2.0,0,1,0,0,0.0,False
0,0.0,0,0.0,0.0,0.0,0.0,0.0,0.0,0.0,0.0,0.0,0,0,0,1,0.0,False
22,1.0,3,53.09,4.0,28.0,1.0,0.0,,,,,1,0,0,0,0.13636363636363635,False
5,1.0,2,31.0,1.0,3.0,3.0,0.0,3.0,0.0,0.0,0.0,0,0,0,1,0.4,False
2,0.0,0,11.5,0.0,5.0,0.0,0.0,,,,,1,0,0,0,0.0,False
0,0.0,0,0.0,0.0,0.0,0.0,0.0,0.0,0.0,0.0,0.0,0,1,0,0,0.0,False
0,0.0,0,0.0,0.0,0.0,0.0,0.0,0.0,0.0,0.0,0.0,0,0,0,1,0.0,False
0,0.0,0,0.0,0.0,0.0,0.0,0.0,0.0,0.0,0.0,0.0,0,1,0,0,0.0,False
0,0.0,0,0.0,0.0,0.0,0.0,0.0,0.0,0.0,0.0,0.0,0,1,0,0,0.0,False
0,0.0,0,0.0,0.0,0.0,0.0,0.0,,,,,1,0,0,0,0.0,False
18,7.0,0,10.5,1.0,5.0,10.0,1.0,20.0,7.0,35.0,5.0,0,1,0,0,0.0,False
5,2.0,0,4.0,0.0,0.0,2.0,0.0,3.0,1.0,33.0,0.0,0,1,0,0,0.0,False
1,0.0,1,3.0,1.0,2.0,0.0,0.0,0.0,0.0,0.0,0.0,0,0,0,1,1.0,False
0,0.0,0,0.0,0.0,0.0,0.0,0.0,0.0,0.0,0.0,0.0,0,1,0,0,0.0,False
31,5.0,5,48.61,2.0,23.0,1.0,0.0,17.0,8.0,47.0,0.0,0,0,0,1,0.16129032258064516,False
0,0.0,0,0.0,0.0,0.0,0.0,0.0,0.0,0.0,0.0,0.0,0,1,0,0,0.0,False
5,0.0,1,45.0,0.0,0.0,0.0,0.0,,,,,1,0,0,0,0.2,False
0,,0,0.0,0.0,,,0.0,,,,,0,0,1,0,0.0,False
0,0.0,0,0.0,0.0,0.0,0.0,0.0,0.0,0.0,0.0,0.0,0,0,0,1,0.0,False
1,,0,0.0,0.0,,,0.0,,,,,0,0,1,0,0.0,False
0,0.0,0,0.0,0.0,0.0,0.0,0.0,0.0,0.0,0.0,0.0,0,0,0,1,0.0,False
0,0.0,0,0.0,0.0,0.0,0.0,0.0,0.0,0.0,0.0,0.0,0,0,0,1,0.0,False
0,,0,0.0,0.0,,,0.0,,,,,0,0,1,0,0.0,False
0,0.0,0,0.0,0.0,0.0,0.0,0.0,0.0,0.0,0.0,0.0,0,0,0,1,0.0,False
0,0.0,0,0.0,0.0,0.0,0.0,0.0,0.0,0.0,0.0,0.0,0,0,0,1,0.0,False
0,0.0,0,0.0,0.0,0.0,0.0,0.0,0.0,0.0,0.0,0.0,0,0,0,1,0.0,False
0,0.0,0,0.0,0.0,0.0,0.0,0.0,0.0,0.0,0.0,0.0,0,0,0,1,0.0,False
6,2.0,1,3.0,1.0,1.0,1.0,0.0,7.0,3.0,43.0,3.0,0,1,0,0,0.16666666666666666,False
24,6.0,1,22.33,2.0,7.0,2.0,1.0,15.0,1.0,7.0,0.0,0,0,0,1,0.041666666666666664,False
31,1.0,1,42.97,1.0,13.0,0.0,0.0,,,,,1,0,0,0,0.03225806451612903,False
0,0.0,0,0.0,0.0,0.0,0.0,0.0,0.0,0.0,0.0,0.0,0,0,0,1,0.0,False
0,0.0,0,0.0,0.0,0.0,0.0,0.0,,,,,1,0,0,0,0.0,False
0,0.0,0,0.0,0.0,0.0,0.0,0.0,,,,,1,0,0,0,0.0,False
24,2.0,1,33.13,1.0,0.0,0.0,0.0,,,,,1,0,0,0,0.041666666666666664,False
0,0.0,0,0.0,0.0,0.0,0.0,0.0,0.0,0.0,0.0,0.0,0,0,0,1,0.0,False
2,1.0,0,7.0,0.0,0.0,0.0,0.0,2.0,0.0,0.0,1.0,0,1,0,0,0.0,False
21,0.0,1,4.48,0.0,0.0,3.0,0.0,5.0,4.0,80.0,2.0,0,1,0,0,0.047619047619047616,False
0,0.0,0,0.0,0.0,0.0,0.0,0.0,,,,,1,0,0,0,0.0,False
0,0.0,0,0.0,0.0,0.0,0.0,0.0,0.0,0.0,0.0,0.0,0,0,0,1,0.0,False
0,0.0,0,0.0,0.0,0.0,0.0,0.0,0.0,0.0,0.0,0.0,0,0,0,1,0.0,False
0,0.0,0,0.0,0.0,0.0,0.0,0.0,0.0,0.0,0.0,0.0,0,1,0,0,0.0,False
12,4.0,1,9.0,0.0,5.0,3.0,1.0,13.0,6.0,46.0,1.0,0,1,0,0,0.08333333333333333,False
0,0.0,0,0.0,0.0,0.0,0.0,0.0,,,,,1,0,0,0,0.0,False
0,,0,0.0,0.0,,,0.0,,,,,0,0,1,0,0.0,False
0,0.0,0,0.0,0.0,0.0,0.0,0.0,,,,,1,0,0,0,0.0,False
18,1.0,0,69.17,0.0,1.0,0.0,0.0,,,,,1,0,0,0,0.0,False
0,0.0,0,0.0,0.0,0.0,0.0,0.0,0.0,0.0,0.0,0.0,0,1,0,0,0.0,False
0,0.0,0,0.0,0.0,0.0,0.0,0.0,0.0,0.0,0.0,0.0,0,0,0,1,0.0,False
2,0.0,0,6.5,0.0,0.0,0.0,0.0,1.0,1.0,100.0,1.0,0,0,0,1,0.0,False
24,3.0,2,46.58,3.0,42.0,10.0,1.0,11.0,6.0,55.0,1.0,0,0,0,1,0.08333333333333333,False
0,0.0,0,0.0,0.0,0.0,0.0,0.0,0.0,0.0,0.0,0.0,0,0,0,1,0.0,False
0,0.0,0,0.0,0.0,0.0,0.0,0.0,,,,,1,0,0,0,0.0,False
0,,0,0.0,0.0,,,0.0,,,,,0,0,1,0,0.0,False
0,0.0,0,0.0,0.0,0.0,0.0,0.0,0.0,0.0,0.0,0.0,0,0,0,1,0.0,False
0,0.0,0,0.0,0.0,0.0,0.0,0.0,,,,,1,0,0,0,0.0,False
27,11.0,1,20.44,4.0,23.0,10.0,1.0,41.0,8.0,20.0,3.0,0,1,0,0,0.037037037037037035,False
0,0.0,0,0.0,0.0,0.0,0.0,0.0,0.0,0.0,0.0,0.0,0,0,0,1,0.0,False
31,8.0,2,34.39,6.0,61.0,8.0,0.0,57.0,25.0,44.0,2.0,0,1,0,0,0.06451612903225806,False
20,0.0,0,17.1,0.0,6.0,0.0,0.0,,,,,1,0,0,0,0.0,False
0,0.0,0,0.0,0.0,0.0,0.0,0.0,0.0,0.0,0.0,0.0,0,1,0,0,0.0,False
0,0.0,0,0.0,0.0,0.0,0.0,0.0,,,,,1,0,0,0,0.0,False
0,0.0,0,0.0,0.0,0.0,0.0,0.0,0.0,0.0,0.0,0.0,0,0,0,1,0.0,False
33,14.0,1,33.97,7.0,40.0,3.0,4.0,57.0,21.0,37.0,6.0,0,0,0,1,0.030303030303030304,False
15,3.0,0,9.53,1.0,2.0,3.0,0.0,9.0,3.0,33.0,0.0,0,1,0,0,0.0,False
0,0.0,0,0.0,0.0,0.0,0.0,0.0,,,,,1,0,0,0,0.0,False
38,,0,29.42,0.0,,,0.0,,,,,0,0,1,0,0.0,False
0,0.0,0,0.0,0.0,0.0,0.0,0.0,,,,,1,0,0,0,0.0,False
0,0.0,0,0.0,0.0,0.0,0.0,0.0,0.0,0.0,0.0,0.0,0,0,0,1,0.0,False
0,0.0,0,0.0,0.0,0.0,0.0,0.0,,,,,1,0,0,0,0.0,False
35,29.0,9,59.09,7.0,28.0,5.0,3.0,105.0,50.0,48.0,7.0,0,0,0,1,0.2571428571428571,True
0,,0,0.0,0.0,,,0.0,,,,,0,0,1,0,0.0,False
0,0.0,0,0.0,0.0,0.0,0.0,0.0,0.0,0.0,0.0,0.0,0,0,0,1,0.0,False
0,0.0,0,0.0,0.0,0.0,0.0,0.0,0.0,0.0,0.0,0.0,0,1,0,0,0.0,False
0,0.0,0,0.0,0.0,0.0,0.0,0.0,0.0,0.0,0.0,0.0,0,0,0,1,0.0,False
1,0.0,0,3.0,0.0,0.0,0.0,0.0,,,,,1,0,0,0,0.0,False
30,2.0,1,40.43,2.0,16.0,1.0,1.0,15.0,2.0,13.0,1.0,0,0,0,1,0.03333333333333333,False
0,0.0,0,0.0,0.0,0.0,0.0,0.0,0.0,0.0,0.0,0.0,0,0,0,1,0.0,False
0,0.0,0,0.0,0.0,0.0,0.0,0.0,0.0,0.0,0.0,0.0,0,0,0,1,0.0,False
11,3.0,0,19.27,2.0,9.0,1.0,0.0,6.0,0.0,0.0,1.0,0,0,0,1,0.0,False
2,0.0,0,8.5,0.0,0.0,1.0,0.0,0.0,0.0,0.0,0.0,0,1,0,0,0.0,False
0,0.0,0,0.0,0.0,0.0,0.0,0.0,0.0,0.0,0.0,0.0,0,1,0,0,0.0,False
1,0.0,0,0.0,0.0,0.0,0.0,0.0,0.0,0.0,0.0,0.0,0,0,0,1,0.0,False
0,0.0,0,0.0,0.0,0.0,0.0,0.0,0.0,0.0,0.0,0.0,0,0,0,1,0.0,False
28,13.0,0,27.79,5.0,77.0,1.0,0.0,23.0,3.0,13.0,1.0,0,0,0,1,0.0,False
4,0.0,0,10.75,0.0,3.0,0.0,0.0,0.0,0.0,0.0,0.0,0,0,0,1,0.0,False
0,0.0,0,0.0,0.0,0.0,0.0,0.0,0.0,0.0,0.0,0.0,0,1,0,0,0.0,False
1,0.0,0,14.0,0.0,0.0,0.0,0.0,,,,,1,0,0,0,0.0,False
0,,0,0.0,0.0,,,0.0,,,,,0,0,1,0,0.0,False
28,11.0,6,27.61,2.0,15.0,4.0,0.0,33.0,13.0,39.0,2.0,0,0,0,1,0.21428571428571427,False
0,0.0,0,0.0,0.0,0.0,0.0,0.0,,,,,1,0,0,0,0.0,False
33,15.0,6,20.18,7.0,55.0,15.0,0.0,84.0,40.0,48.0,16.0,0,1,0,0,0.18181818181818182,True
26,0.0,0,40.5,0.0,1.0,0.0,0.0,,,,,1,0,0,0,0.0,False
38,27.0,4,29.61,7.0,75.0,15.0,4.0,74.0,22.0,30.0,6.0,0,0,0,1,0.10526315789473684,False
0,0.0,0,0.0,0.0,0.0,0.0,0.0,0.0,0.0,0.0,0.0,0,0,0,1,0.0,False
0,0.0,0,0.0,0.0,0.0,0.0,0.0,,,,,1,0,0,0,0.0,False
0,0.0,0,0.0,0.0,0.0,0.0,0.0,0.0,0.0,0.0,0.0,0,0,0,1,0.0,False
35,10.0,6,43.77,10.0,104.0,2.0,1.0,,,,,1,0,0,0,0.17142857142857143,False
34,4.0,0,44.65,1.0,3.0,1.0,1.0,22.0,5.0,23.0,2.0,0,0,0,1,0.0,False
0,0.0,0,0.0,0.0,0.0,0.0,0.0,0.0,0.0,0.0,0.0,0,0,0,1,0.0,False
35,26.0,1,22.66,2.0,47.0,17.0,2.0,83.0,29.0,35.0,8.0,0,1,0,0,0.02857142857142857,True
12,3.0,0,23.75,2.0,39.0,0.0,0.0,,,,,1,0,0,0,0.0,False
0,0.0,0,0.0,0.0,0.0,0.0,0.0,0.0,0.0,0.0,0.0,0,0,0,1,0.0,False
36,13.0,8,30.56,8.0,259.0,1.0,0.0,41.0,10.0,24.0,3.0,0,0,0,1,0.2222222222222222,False
34,18.0,6,37.62,8.0,9.0,7.0,1.0,75.0,34.0,45.0,9.0,0,1,0,0,0.17647058823529413,True
0,0.0,0,0.0,0.0,0.0,0.0,0.0,0.0,0.0,0.0,0.0,0,0,0,1,0.0,False
36,3.0,11,66.56,15.0,135.0,1.0,1.0,,,,,1,0,0,0,0.3055555555555556,False
0,,0,0.0,0.0,,,0.0,,,,,0,0,1,0,0.0,False
0,,0,0.0,0.0,,,0.0,,,,,0,0,1,0,0.0,False
0,0.0,0,0.0,0.0,0.0,0.0,0.0,,,,,1,0,0,0,0.0,False
5,2.0,0,24.8,0.0,3.0,0.0,0.0,,,,,1,0,0,0,0.0,False
0,,0,0.0,0.0,,,0.0,,,,,0,0,1,0,0.0,False
31,6.0,0,35.58,2.0,3.0,0.0,0.0,10.0,4.0,40.0,1.0,0,0,0,1,0.0,False
0,0.0,0,0.0,0.0,0.0,0.0,0.0,0.0,0.0,0.0,0.0,0,0,0,1,0.0,False
32,29.0,7,22.97,4.0,14.0,20.0,6.0,89.0,29.0,33.0,7.0,0,1,0,0,0.21875,True
26,6.0,3,35.73,4.0,89.0,1.0,1.0,,,,,1,0,0,0,0.11538461538461539,False
0,0.0,0,0.0,0.0,0.0,0.0,0.0,,,,,1,0,0,0,0.0,False
2,0.0,0,10.0,0.0,0.0,0.0,0.0,0.0,0.0,0.0,0.0,0,0,0,1,0.0,False
35,30.0,3,55.43,4.0,26.0,0.0,0.0,74.0,16.0,22.0,0.0,0,0,0,1,0.08571428571428572,False
17,1.0,0,16.82,1.0,52.0,1.0,0.0,,,,,1,0,0,0,0.0,False
1,,0,19.0,0.0,,,0.0,,,,,0,0,1,0,0.0,False
33,7.0,0,76.88,2.0,1.0,1.0,1.0,,,,,1,0,0,0,0.0,False
0,0.0,0,0.0,0.0,0.0,0.0,0.0,0.0,0.0,0.0,0.0,0,1,0,0,0.0,False
37,,0,20.51,0.0,,,0.0,,,,,0,0,1,0,0.0,False
34,,0,27.24,0.0,,,0.0,,,,,0,0,1,0,0.0,False
35,5.0,6,19.63,6.0,66.0,15.0,1.0,28.0,11.0,39.0,9.0,0,0,0,1,0.17142857142857143,False
2,0.0,0,4.0,0.0,0.0,0.0,0.0,0.0,0.0,0.0,0.0,0,0,0,1,0.0,False
19,1.0,0,38.79,2.0,9.0,0.0,0.0,11.0,5.0,45.0,0.0,0,0,0,1,0.0,False
0,0.0,0,0.0,0.0,0.0,0.0,0.0,0.0,0.0,0.0,0.0,0,0,0,1,0.0,False
1,0.0,0,0.0,0.0,0.0,0.0,0.0,0.0,0.0,0.0,0.0,0,0,0,1,0.0,False
27,0.0,0,48.93,0.0,0.0,0.0,0.0,,,,,1,0,0,0,0.0,False
4,0.0,0,2.5,0.0,3.0,1.0,0.0,0.0,0.0,0.0,0.0,0,0,0,1,0.0,False
0,0.0,0,0.0,0.0,0.0,0.0,0.0,0.0,0.0,0.0,0.0,0,1,0,0,0.0,False
0,0.0,0,0.0,0.0,0.0,0.0,0.0,0.0,0.0,0.0,0.0,0,0,0,1,0.0,False
0,,0,0.0,0.0,,,0.0,,,,,0,0,1,0,0.0,False
0,0.0,0,0.0,0.0,0.0,0.0,0.0,0.0,0.0,0.0,0.0,0,0,0,1,0.0,False
0,0.0,0,0.0,0.0,0.0,0.0,0.0,,,,,1,0,0,0,0.0,False
31,16.0,10,27.32,11.0,98.0,18.0,3.0,56.0,24.0,43.0,5.0,0,0,0,1,0.3225806451612903,True
0,0.0,0,0.0,0.0,0.0,0.0,0.0,0.0,0.0,0.0,0.0,0,0,0,1,0.0,False
0,0.0,0,0.0,0.0,0.0,0.0,0.0,0.0,0.0,0.0,0.0,0,0,0,1,0.0,False
24,2.0,1,41.42,1.0,17.0,1.0,0.0,,,,,1,0,0,0,0.041666666666666664,False
0,0.0,0,0.0,0.0,0.0,0.0,0.0,,,,,1,0,0,0,0.0,False
37,1.0,0,41.92,1.0,0.0,0.0,0.0,,,,,1,0,0,0,0.0,False
30,10.0,1,21.0,1.0,17.0,1.0,0.0,28.0,8.0,29.0,3.0,0,0,0,1,0.03333333333333333,False
38,,0,29.42,0.0,,,0.0,,,,,0,0,1,0,0.0,False
14,1.0,1,38.93,1.0,2.0,0.0,0.0,3.0,0.0,0.0,0.0,0,0,0,1,0.07142857142857142,False
0,,0,0.0,0.0,,,0.0,,,,,0,0,1,0,0.0,False
24,16.0,0,21.79,5.0,41.0,11.0,1.0,55.0,18.0,33.0,1.0,0,0,0,1,0.0,False
0,0.0,0,0.0,0.0,0.0,0.0,0.0,0.0,0.0,0.0,0.0,0,0,0,1,0.0,False
9,3.0,0,32.56,1.0,3.0,0.0,1.0,8.0,2.0,25.0,0.0,0,0,0,1,0.0,False
0,,0,0.0,0.0,,,0.0,,,,,0,0,1,0,0.0,False
17,3.0,2,13.88,1.0,10.0,1.0,0.0,12.0,4.0,33.0,0.0,0,0,0,1,0.11764705882352941,False
32,7.0,2,49.75,7.0,108.0,1.0,1.0,19.0,6.0,32.0,1.0,0,0,0,1,0.0625,False
24,7.0,3,26.63,3.0,47.0,2.0,1.0,26.0,10.0,38.0,3.0,0,0,0,1,0.125,False
0,0.0,0,0.0,0.0,0.0,0.0,0.0,0.0,0.0,0.0,0.0,0,0,0,1,0.0,False
29,8.0,4,57.17,7.0,52.0,1.0,0.0,,,,,1,0,0,0,0.13793103448275862,False
16,4.0,1,39.31,2.0,50.0,0.0,0.0,23.0,8.0,35.0,0.0,0,0,0,1,0.0625,False
0,0.0,0,0.0,0.0,0.0,0.0,0.0,0.0,0.0,0.0,0.0,0,0,0,1,0.0,False
38,32.0,6,26.05,11.0,196.0,3.0,3.0,86.0,34.0,40.0,10.0,0,0,0,1,0.15789473684210525,True
33,21.0,8,61.06,16.0,75.0,5.0,1.0,51.0,20.0,39.0,6.0,0,0,0,1,0.24242424242424243,False
6,0.0,0,39.33,0.0,0.0,0.0,0.0,,,,,1,0,0,0,0.0,False
7,2.0,1,6.29,1.0,1.0,1.0,0.0,5.0,1.0,20.0,1.0,0,0,0,1,0.14285714285714285,False
0,0.0,0,0.0,0.0,0.0,0.0,0.0,0.0,0.0,0.0,0.0,0,1,0,0,0.0,False
29,5.0,3,46.48,4.0,27.0,3.0,0.0,15.0,3.0,20.0,1.0,0,0,0,1,0.10344827586206896,False
0,0.0,0,0.0,0.0,0.0,0.0,0.0,0.0,0.0,0.0,0.0,0,0,0,1,0.0,False
8,1.0,0,17.88,0.0,0.0,0.0,0.0,2.0,0.0,0.0,0.0,0,0,0,1,0.0,False
3,1.0,0,10.33,0.0,1.0,0.0,0.0,1.0,0.0,0.0,0.0,0,0,0,1,0.0,False
0,0.0,0,0.0,0.0,0.0,0.0,0.0,0.0,0.0,0.0,0.0,0,1,0,0,0.0,False
24,2.0,0,39.75,0.0,0.0,2.0,0.0,,,,,1,0,0,0,0.0,False
25,2.0,1,34.88,0.0,22.0,0.0,0.0,,,,,1,0,0,0,0.04,False
0,0.0,0,0.0,0.0,0.0,0.0,0.0,0.0,0.0,0.0,0.0,0,0,0,1,0.0,False
0,,0,0.0,0.0,,,0.0,,,,,0,0,1,0,0.0,False
33,14.0,5,29.36,5.0,170.0,3.0,0.0,30.0,7.0,23.0,2.0,0,0,0,1,0.15151515151515152,False
25,2.0,2,55.48,2.0,0.0,0.0,0.0,,,,,1,0,0,0,0.08,False
10,4.0,1,9.9,0.0,1.0,1.0,0.0,11.0,3.0,27.0,1.0,0,1,0,0,0.1,False
31,23.0,6,24.26,5.0,25.0,22.0,1.0,74.0,29.0,39.0,5.0,0,1,0,0,0.1935483870967742,True
1,0.0,0,3.0,0.0,0.0,0.0,0.0,,,,,1,0,0,0,0.0,False
6,1.0,0,36.67,0.0,2.0,0.0,0.0,,,,,1,0,0,0,0.0,False
1,,0,32.0,0.0,,,0.0,,,,,0,0,1,0,0.0,False
23,11.0,3,21.57,5.0,37.0,3.0,1.0,34.0,10.0,29.0,0.0,0,0,0,1,0.13043478260869565,False
11,2.0,0,26.73,0.0,0.0,0.0,0.0,,,,,1,0,0,0,0.0,False
0,,0,0.0,0.0,,,0.0,,,,,0,0,1,0,0.0,False
0,,0,0.0,0.0,,,0.0,,,,,0,0,1,0,0.0,False
30,3.0,1,45.1,0.0,2.0,0.0,0.0,11.0,1.0,9.0,0.0,0,0,0,1,0.03333333333333333,False
0,0.0,0,0.0,0.0,0.0,0.0,0.0,,,,,1,0,0,0,0.0,False
0,0.0,0,0.0,0.0,0.0,0.0,0.0,,,,,1,0,0,0,0.0,False
31,5.0,1,48.42,2.0,11.0,1.0,0.0,,,,,1,0,0,0,0.03225806451612903,False
0,0.0,0,0.0,0.0,0.0,0.0,0.0,,,,,1,0,0,0,0.0,False
0,0.0,0,0.0,0.0,0.0,0.0,0.0,0.0,0.0,0.0,0.0,0,0,0,1,0.0,False
0,0.0,0,0.0,0.0,0.0,0.0,0.0,0.0,0.0,0.0,0.0,0,0,0,1,0.0,False
24,0.0,0,72.96,0.0,2.0,1.0,0.0,,,,,1,0,0,0,0.0,False
0,,0,0.0,0.0,,,0.0,,,,,0,0,1,0,0.0,False
18,5.0,1,10.56,1.0,3.0,4.0,0.0,18.0,6.0,33.0,0.0,0,1,0,0,0.05555555555555555,False
4,0.0,0,8.5,0.0,0.0,0.0,0.0,0.0,0.0,0.0,0.0,0,0,0,1,0.0,False
18,1.0,0,46.56,1.0,1.0,0.0,1.0,9.0,1.0,11.0,0.0,0,0,0,1,0.0,False
2,0.0,0,2.5,0.0,0.0,0.0,0.0,2.0,1.0,50.0,1.0,0,1,0,0,0.0,False
0,0.0,0,0.0,0.0,0.0,0.0,0.0,,,,,1,0,0,0,0.0,False
12,0.0,0,4.92,1.0,1.0,0.0,0.0,4.0,1.0,25.0,1.0,0,1,0,0,0.0,False
0,0.0,0,0.0,0.0,0.0,0.0,0.0,0.0,0.0,0.0,0.0,0,1,0,0,0.0,False
0,0.0,0,0.0,0.0,0.0,0.0,0.0,,,,,1,0,0,0,0.0,False
0,0.0,0,0.0,0.0,0.0,0.0,0.0,0.0,0.0,0.0,0.0,0,1,0,0,0.0,False
16,5.0,3,27.69,4.0,77.0,1.0,1.0,,,,,1,0,0,0,0.1875,False
35,2.0,1,32.43,0.0,5.0,4.0,1.0,,,,,1,0,0,0,0.02857142857142857,False
0,0.0,0,0.0,0.0,0.0,0.0,0.0,0.0,0.0,0.0,0.0,0,1,0,0,0.0,False
0,0.0,0,0.0,0.0,0.0,0.0,0.0,,,,,1,0,0,0,0.0,False
0,,0,0.0,0.0,,,0.0,,,,,0,0,1,0,0.0,False
0,0.0,0,0.0,0.0,0.0,0.0,0.0,0.0,0.0,0.0,0.0,0,0,0,1,0.0,False
0,0.0,0,0.0,0.0,0.0,0.0,0.0,0.0,0.0,0.0,0.0,0,0,0,1,0.0,False
0,,0,0.0,0.0,,,0.0,,,,,0,0,1,0,0.0,False
0,0.0,0,0.0,0.0,0.0,0.0,0.0,0.0,0.0,0.0,0.0,0,0,0,1,0.0,False
13,7.0,4,49.31,6.0,16.0,0.0,0.0,31.0,12.0,39.0,0.0,0,0,0,1,0.3076923076923077,False
0,0.0,0,0.0,0.0,0.0,0.0,0.0,0.0,0.0,0.0,0.0,0,0,0,1,0.0,False
0,0.0,0,0.0,0.0,0.0,0.0,0.0,0.0,0.0,0.0,0.0,0,0,0,1,0.0,False
29,3.0,1,38.31,2.0,1.0,1.0,0.0,,,,,1,0,0,0,0.034482758620689655,False
0,0.0,0,0.0,0.0,0.0,0.0,0.0,0.0,0.0,0.0,0.0,0,1,0,0,0.0,False
0,0.0,0,0.0,0.0,0.0,0.0,0.0,,,,,1,0,0,0,0.0,False
0,0.0,0,0.0,0.0,0.0,0.0,0.0,0.0,0.0,0.0,0.0,0,1,0,0,0.0,False
34,6.0,2,46.76,3.0,28.0,0.0,1.0,25.0,6.0,24.0,0.0,0,0,0,1,0.058823529411764705,False
0,0.0,0,0.0,0.0,0.0,0.0,0.0,,,,,1,0,0,0,0.0,False
25,6.0,3,10.32,1.0,4.0,8.0,0.0,37.0,17.0,46.0,3.0,0,1,0,0,0.12,False
0,0.0,0,0.0,0.0,0.0,0.0,0.0,0.0,0.0,0.0,0.0,0,0,0,1,0.0,False
0,0.0,0,0.0,0.0,0.0,0.0,0.0,0.0,0.0,0.0,0.0,0,0,0,1,0.0,False
38,18.0,4,27.03,3.0,161.0,9.0,3.0,63.0,19.0,30.0,6.0,0,0,0,1,0.10526315789473684,False
0,0.0,0,0.0,0.0,0.0,0.0,0.0,0.0,0.0,0.0,0.0,0,0,0,1,0.0,False
0,0.0,0,0.0,0.0,0.0,0.0,0.0,,,,,1,0,0,0,0.0,False
2,,0,21.5,0.0,,,0.0,,,,,0,0,1,0,0.0,False
27,3.0,3,57.11,8.0,185.0,6.0,1.0,,,,,1,0,0,0,0.1111111111111111,False
0,,0,0.0,0.0,,,0.0,,,,,0,0,1,0,0.0,False
0,0.0,0,0.0,0.0,0.0,0.0,0.0,,,,,1,0,0,0,0.0,False
0,,0,0.0,0.0,,,0.0,,,,,0,0,1,0,0.0,False
0,0.0,0,0.0,0.0,0.0,0.0,0.0,0.0,0.0,0.0,0.0,0,1,0,0,0.0,False
6,0.0,0,45.17,0.0,9.0,0.0,0.0,,,,,1,0,0,0,0.0,False
23,1.0,1,17.35,0.0,55.0,2.0,0.0,,,,,1,0,0,0,0.043478260869565216,False
36,10.0,2,44.72,7.0,42.0,10.0,0.0,,,,,1,0,0,0,0.05555555555555555,False
38,8.0,2,79.92,3.0,0.0,1.0,4.0,,,,,1,0,0,0,0.05263157894736842,False
0,0.0,0,0.0,0.0,0.0,0.0,0.0,0.0,0.0,0.0,0.0,0,0,0,1,0.0,False
5,1.0,0,21.0,0.0,6.0,0.0,0.0,5.0,0.0,0.0,0.0,0,1,0,0,0.0,False
34,10.0,4,12.24,8.0,28.0,37.0,3.0,79.0,40.0,51.0,17.0,0,1,0,0,0.11764705882352941,True
22,5.0,0,69.59,0.0,28.0,1.0,0.0,,,,,1,0,0,0,0.0,False
23,3.0,0,36.74,1.0,1.0,1.0,0.0,,,,,1,0,0,0,0.0,False
20,7.0,4,19.3,3.0,19.0,0.0,0.0,24.0,8.0,33.0,4.0,0,1,0,0,0.2,False
0,0.0,0,0.0,0.0,0.0,0.0,0.0,0.0,0.0,0.0,0.0,0,0,0,1,0.0,False
20,4.0,0,13.4,1.0,1.0,7.0,0.0,22.0,7.0,32.0,3.0,0,1,0,0,0.0,False
2,,0,22.0,0.0,,,0.0,,,,,0,0,1,0,0.0,False
13,0.0,1,5.62,1.0,1.0,2.0,0.0,6.0,3.0,50.0,2.0,0,1,0,0,0.07692307692307693,False
37,9.0,2,15.57,3.0,53.0,19.0,0.0,43.0,21.0,49.0,9.0,0,1,0,0,0.05405405405405406,False
33,9.0,1,72.39,1.0,59.0,4.0,1.0,,,,,1,0,0,0,0.030303030303030304,False
6,0.0,3,31.33,0.0,7.0,1.0,0.0,,,,,1,0,0,0,0.5,False
0,0.0,0,0.0,0.0,0.0,0.0,0.0,,,,,1,0,0,0,0.0,False
0,0.0,0,0.0,0.0,0.0,0.0,0.0,0.0,0.0,0.0,0.0,0,1,0,0,0.0,False
35,5.0,3,33.29,4.0,56.0,2.0,0.0,,,,,1,0,0,0,0.08571428571428572,False
13,2.0,0,25.08,0.0,3.0,0.0,0.0,7.0,2.0,29.0,0.0,0,0,0,1,0.0,False
3,0.0,0,37.67,0.0,8.0,0.0,0.0,,,,,1,0,0,0,0.0,False
26,12.0,0,27.69,4.0,145.0,3.0,1.0,31.0,16.0,52.0,1.0,0,0,0,1,0.0,False
0,0.0,0,0.0,0.0,0.0,0.0,0.0,0.0,0.0,0.0,0.0,0,0,0,1,0.0,False
0,0.0,0,0.0,0.0,0.0,0.0,0.0,,,,,1,0,0,0,0.0,False
8,1.0,1,6.75,0.0,0.0,0.0,0.0,4.0,2.0,50.0,0.0,0,1,0,0,0.125,False
0,0.0,0,0.0,0.0,0.0,0.0,0.0,0.0,0.0,0.0,0.0,0,1,0,0,0.0,False
34,10.0,7,41.74,10.0,87.0,1.0,0.0,22.0,7.0,32.0,3.0,0,0,0,1,0.20588235294117646,False
0,0.0,0,0.0,0.0,0.0,0.0,0.0,,,,,1,0,0,0,0.0,False
0,0.0,0,0.0,0.0,0.0,0.0,0.0,0.0,0.0,0.0,0.0,0,0,0,1,0.0,False
0,,0,0.0,0.0,,,0.0,,,,,0,0,1,0,0.0,False
0,0.0,0,0.0,0.0,0.0,0.0,0.0,0.0,0.0,0.0,0.0,0,0,0,1,0.0,False
6,1.0,1,1.83,0.0,1.0,0.0,0.0,5.0,1.0,20.0,0.0,0,1,0,0,0.16666666666666666,False
0,0.0,0,0.0,0.0,0.0,0.0,0.0,,,,,1,0,0,0,0.0,False
35,5.0,0,50.54,2.0,13.0,2.0,0.0,30.0,10.0,33.0,4.0,0,0,0,1,0.0,False
0,0.0,0,0.0,0.0,0.0,0.0,0.0,0.0,0.0,0.0,0.0,0,1,0,0,0.0,False
38,12.0,0,52.21,2.0,12.0,2.0,2.0,55.0,9.0,16.0,3.0,0,0,0,1,0.0,False
0,0.0,0,0.0,0.0,0.0,0.0,0.0,,,,,1,0,0,0,0.0,False
32,22.0,6,38.44,10.0,169.0,11.0,5.0,62.0,22.0,35.0,6.0,0,1,0,0,0.1875,False
2,1.0,0,7.5,0.0,0.0,0.0,0.0,2.0,0.0,0.0,0.0,0,0,0,1,0.0,False
2,0.0,0,4.5,0.0,0.0,0.0,0.0,,,,,1,0,0,0,0.0,False
8,0.0,1,27.13,1.0,2.0,0.0,0.0,2.0,1.0,50.0,0.0,0,0,0,1,0.125,False
30,11.0,9,14.67,13.0,20.0,19.0,2.0,65.0,30.0,46.0,21.0,0,1,0,0,0.3,True
26,1.0,0,53.38,0.0,8.0,2.0,1.0,9.0,2.0,22.0,1.0,0,0,0,1,0.0,False
38,9.0,2,15.76,7.0,12.0,53.0,5.0,59.0,23.0,39.0,9.0,0,1,0,0,0.05263157894736842,True
0,0.0,0,0.0,0.0,0.0,0.0,0.0,0.0,0.0,0.0,0.0,0,1,0,0,0.0,False
0,,0,0.0,0.0,,,0.0,,,,,0,0,1,0,0.0,False
0,0.0,0,0.0,0.0,0.0,0.0,0.0,0.0,0.0,0.0,0.0,0,1,0,0,0.0,False
0,0.0,0,0.0,0.0,0.0,0.0,0.0,,,,,1,0,0,0,0.0,False
1,2.0,0,4.0,0.0,0.0,0.0,0.0,2.0,0.0,0.0,0.0,0,1,0,0,0.0,False
29,9.0,2,77.41,5.0,129.0,1.0,0.0,29.0,12.0,41.0,1.0,0,0,0,1,0.06896551724137931,False
9,3.0,0,22.56,1.0,10.0,1.0,0.0,9.0,3.0,33.0,1.0,0,1,0,0,0.0,False
29,2.0,2,25.24,1.0,77.0,4.0,0.0,,,,,1,0,0,0,0.06896551724137931,False
17,4.0,1,32.71,2.0,0.0,2.0,0.0,,,,,1,0,0,0,0.058823529411764705,False
30,4.0,2,45.87,6.0,197.0,4.0,1.0,,,,,1,0,0,0,0.06666666666666667,False
26,3.0,1,33.08,1.0,48.0,1.0,0.0,,,,,1,0,0,0,0.038461538461538464,False
34,23.0,5,29.59,6.0,37.0,16.0,2.0,73.0,27.0,37.0,4.0,0,1,0,0,0.14705882352941177,True
22,9.0,0,47.41,0.0,2.0,2.0,0.0,21.0,5.0,24.0,0.0,0,0,0,1,0.0,False
24,1.0,1,48.88,1.0,4.0,0.0,0.0,,,,,1,0,0,0,0.041666666666666664,False
4,0.0,0,18.75,0.0,1.0,0.0,0.0,,,,,1,0,0,0,0.0,False
0,0.0,0,0.0,0.0,0.0,0.0,0.0,0.0,0.0,0.0,0.0,0,1,0,0,0.0,False
0,0.0,0,0.0,0.0,0.0,0.0,0.0,,,,,1,0,0,0,0.0,False
14,4.0,3,84.57,3.0,39.0,1.0,0.0,7.0,1.0,14.0,0.0,1,0,0,0,0.21428571428571427,False
19,4.0,1,7.16,1.0,7.0,4.0,0.0,17.0,8.0,47.0,2.0,0,1,0,0,0.05263157894736842,False
0,0.0,0,0.0,0.0,0.0,0.0,0.0,0.0,0.0,0.0,0.0,0,1,0,0,0.0,False
32,4.0,2,45.06,0.0,2.0,2.0,1.0,,,,,1,0,0,0,0.0625,False
0,0.0,0,0.0,0.0,0.0,0.0,0.0,0.0,0.0,0.0,0.0,0,1,0,0,0.0,False
36,6.0,1,37.19,7.0,73.0,3.0,0.0,,,,,1,0,0,0,0.027777777777777776,False
0,0.0,0,0.0,0.0,0.0,0.0,0.0,,,,,1,0,0,0,0.0,False
34,14.0,3,11.97,3.0,11.0,23.0,3.0,88.0,40.0,45.0,22.0,0,1,0,0,0.08823529411764706,True
30,14.0,2,8.27,5.0,13.0,10.0,1.0,36.0,10.0,28.0,8.0,0,1,0,0,0.06666666666666667,False
0,0.0,0,0.0,0.0,0.0,0.0,0.0,0.0,0.0,0.0,0.0,0,0,0,1,0.0,False
0,0.0,0,0.0,0.0,0.0,0.0,0.0,0.0,0.0,0.0,0.0,0,0,0,1,0.0,False
11,,0,23.64,0.0,,,0.0,,,,,0,0,1,0,0.0,False
0,0.0,0,0.0,0.0,0.0,0.0,0.0,0.0,0.0,0.0,0.0,0,0,0,1,0.0,False
0,0.0,0,0.0,0.0,0.0,0.0,0.0,0.0,0.0,0.0,0.0,0,0,0,1,0.0,False
0,0.0,0,0.0,0.0,0.0,0.0,0.0,0.0,0.0,0.0,0.0,0,1,0,0,0.0,False
24,22.0,3,14.75,4.0,9.0,6.0,5.0,76.0,28.0,37.0,12.0,0,1,0,0,0.125,True
0,0.0,0,0.0,0.0,0.0,0.0,0.0,0.0,0.0,0.0,0.0,0,1,0,0,0.0,False
0,0.0,0,0.0,0.0,0.0,0.0,0.0,0.0,0.0,0.0,0.0,0,0,0,1,0.0,False
18,1.0,1,27.67,3.0,58.0,2.0,0.0,,,,,1,0,0,0,0.05555555555555555,False
9,2.0,0,1.67,0.0,0.0,2.0,0.0,3.0,0.0,0.0,0.0,0,1,0,0,0.0,False
29,6.0,2,41.72,2.0,5.0,3.0,1.0,,,,,1,0,0,0,0.06896551724137931,False
0,0.0,0,0.0,0.0,0.0,0.0,0.0,,,,,1,0,0,0,0.0,False
20,3.0,3,20.35,5.0,69.0,1.0,1.0,10.0,2.0,20.0,0.0,0,0,0,1,0.15,False
33,3.0,2,59.94,2.0,9.0,1.0,0.0,,,,,1,0,0,0,0.06060606060606061,False
0,0.0,0,0.0,0.0,0.0,0.0,0.0,0.0,0.0,0.0,0.0,0,0,0,1,0.0,False
38,17.0,13,64.21,18.0,382.0,3.0,0.0,,,,,1,0,0,0,0.34210526315789475,False
0,0.0,0,0.0,0.0,0.0,0.0,0.0,,,,,1,0,0,0,0.0,False
29,,1,27.76,0.0,,,0.0,,,,,0,0,1,0,0.034482758620689655,False
0,0.0,0,0.0,0.0,0.0,0.0,0.0,0.0,0.0,0.0,0.0,0,0,0,1,0.0,False
25,7.0,4,32.4,6.0,7.0,6.0,0.0,42.0,19.0,45.0,7.0,0,0,0,1,0.16,False
36,19.0,2,23.03,3.0,41.0,24.0,1.0,56.0,17.0,30.0,9.0,0,0,0,1,0.05555555555555555,False
18,11.0,2,50.44,4.0,66.0,2.0,1.0,,,,,1,0,0,0,0.1111111111111111,False
19,6.0,0,31.74,0.0,8.0,3.0,0.0,13.0,3.0,23.0,1.0,0,0,0,1,0.0,False
11,0.0,0,33.55,0.0,1.0,0.0,0.0,6.0,1.0,17.0,1.0,0,0,0,1,0.0,False
0,0.0,0,0.0,0.0,0.0,0.0,0.0,,,,,1,0,0,0,0.0,False
0,0.0,0,0.0,0.0,0.0,0.0,0.0,0.0,0.0,0.0,0.0,0,0,0,1,0.0,False
0,0.0,0,0.0,0.0,0.0,0.0,0.0,,,,,1,0,0,0,0.0,False
0,,0,0.0,0.0,,,0.0,,,,,0,0,1,0,0.0,False
3,0.0,0,4.0,0.0,0.0,0.0,0.0,1.0,1.0,100.0,0.0,0,1,0,0,0.0,False
19,0.0,1,44.79,1.0,12.0,0.0,0.0,5.0,0.0,0.0,0.0,0,0,0,1,0.05263157894736842,False
25,9.0,3,28.12,6.0,65.0,3.0,0.0,37.0,14.0,38.0,1.0,0,0,0,1,0.12,False
2,0.0,0,6.5,0.0,0.0,0.0,0.0,0.0,0.0,0.0,0.0,0,0,0,1,0.0,False
6,2.0,0,56.33,3.0,43.0,0.0,1.0,,,,,1,0,0,0,0.0,False
1,0.0,0,7.0,0.0,0.0,0.0,0.0,1.0,0.0,0.0,0.0,0,0,0,1,0.0,False
24,14.0,3,18.58,7.0,48.0,11.0,2.0,68.0,31.0,46.0,14.0,0,1,0,0,0.125,True
0,0.0,0,0.0,0.0,0.0,0.0,0.0,0.0,0.0,0.0,0.0,0,1,0,0,0.0,False
30,11.0,3,19.3,2.0,23.0,4.0,0.0,46.0,20.0,43.0,1.0,0,0,0,1,0.1,False
0,0.0,0,0.0,0.0,0.0,0.0,0.0,0.0,0.0,0.0,0.0,0,1,0,0,0.0,False
33,,0,28.42,0.0,,,0.0,,,,,0,0,1,0,0.0,False
0,0.0,0,0.0,0.0,0.0,0.0,0.0,0.0,0.0,0.0,0.0,0,0,0,1,0.0,False
0,0.0,0,0.0,0.0,0.0,0.0,0.0,0.0,0.0,0.0,0.0,0,0,0,1,0.0,False
0,0.0,0,0.0,0.0,0.0,0.0,0.0,0.0,0.0,0.0,0.0,0,1,0,0,0.0,False
0,,0,0.0,0.0,,,0.0,,,,,0,0,1,0,0.0,False
19,1.0,3,10.42,2.0,17.0,4.0,0.0,5.0,1.0,20.0,0.0,0,0,0,1,0.15789473684210525,False
36,23.0,3,22.69,7.0,89.0,20.0,4.0,93.0,42.0,45.0,10.0,0,1,0,0,0.08333333333333333,True
33,6.0,5,38.82,4.0,137.0,6.0,0.0,,,,,1,0,0,0,0.15151515151515152,False
0,0.0,0,0.0,0.0,0.0,0.0,0.0,0.0,0.0,0.0,0.0,0,1,0,0,0.0,False
0,0.0,0,0.0,0.0,0.0,0.0,0.0,0.0,0.0,0.0,0.0,0,1,0,0,0.0,False
37,14.0,2,22.0,4.0,25.0,9.0,1.0,58.0,24.0,41.0,5.0,0,1,0,0,0.05405405405405406,False
36,9.0,6,67.64,8.0,121.0,3.0,0.0,,,,,1,0,0,0,0.16666666666666666,False
0,,0,0.0,0.0,,,0.0,,,,,0,0,1,0,0.0,False
0,0.0,0,0.0,0.0,0.0,0.0,0.0,0.0,0.0,0.0,0.0,0,0,0,1,0.0,False
4,0.0,0,19.5,0.0,0.0,0.0,0.0,,,,,1,0,0,0,0.0,False
8,0.0,0,19.38,1.0,27.0,0.0,0.0,,,,,1,0,0,0,0.0,False
0,0.0,0,0.0,0.0,0.0,0.0,0.0,0.0,0.0,0.0,0.0,0,0,0,1,0.0,False
0,0.0,0,0.0,0.0,0.0,0.0,0.0,0.0,0.0,0.0,0.0,0,0,0,1,0.0,False
17,2.0,0,29.59,1.0,1.0,0.0,0.0,,,,,1,0,0,0,0.0,False
38,3.0,3,29.42,2.0,128.0,11.0,0.0,,,,,1,0,0,0,0.07894736842105263,False
0,0.0,0,0.0,0.0,0.0,0.0,0.0,0.0,0.0,0.0,0.0,0,1,0,0,0.0,False
0,0.0,0,0.0,0.0,0.0,0.0,0.0,,,,,1,0,0,0,0.0,False
0,0.0,0,0.0,0.0,0.0,0.0,0.0,0.0,0.0,0.0,0.0,0,0,0,1,0.0,False
0,0.0,0,0.0,0.0,0.0,0.0,0.0,0.0,0.0,0.0,0.0,0,0,0,1,0.0,False
0,0.0,0,0.0,0.0,0.0,0.0,0.0,,,,,1,0,0,0,0.0,False
21,4.0,1,31.33,3.0,33.0,0.0,0.0,,,,,1,0,0,0,0.047619047619047616,False
21,16.0,4,29.43,2.0,12.0,0.0,1.0,40.0,12.0,30.0,3.0,0,0,0,1,0.19047619047619047,False
19,8.0,0,13.21,0.0,5.0,13.0,0.0,40.0,12.0,30.0,7.0,0,1,0,0,0.0,False
0,0.0,0,0.0,0.0,0.0,0.0,0.0,,,,,1,0,0,0,0.0,False
0,0.0,0,0.0,0.0,0.0,0.0,0.0,,,,,1,0,0,0,0.0,False
38,0.0,1,34.63,2.0,51.0,5.0,0.0,,,,,1,0,0,0,0.02631578947368421,False
0,0.0,0,0.0,0.0,0.0,0.0,0.0,,,,,1,0,0,0,0.0,False
0,0.0,0,0.0,0.0,0.0,0.0,0.0,0.0,0.0,0.0,0.0,0,0,0,1,0.0,False
16,4.0,1,4.88,0.0,0.0,7.0,0.0,15.0,2.0,13.0,4.0,0,1,0,0,0.0625,False
0,0.0,0,0.0,0.0,0.0,0.0,0.0,,,,,1,0,0,0,0.0,False
0,,0,0.0,0.0,,,0.0,,,,,0,0,1,0,0.0,False
0,,0,0.0,0.0,,,0.0,,,,,0,0,1,0,0.0,False
0,0.0,0,0.0,0.0,0.0,0.0,0.0,0.0,0.0,0.0,0.0,0,0,0,1,0.0,False
34,1.0,1,45.21,1.0,1.0,0.0,0.0,,,,,1,0,0,0,0.029411764705882353,False
0,,0,0.0,0.0,,,0.0,,,,,0,0,1,0,0.0,False
15,2.0,0,38.0,1.0,27.0,1.0,0.0,,,,,1,0,0,0,0.0,False
0,0.0,0,0.0,0.0,0.0,0.0,0.0,,,,,1,0,0,0,0.0,False
0,0.0,0,0.0,0.0,0.0,0.0,0.0,,,,,1,0,0,0,0.0,False
16,0.0,0,27.06,0.0,6.0,0.0,0.0,,,,,1,0,0,0,0.0,False
0,0.0,0,0.0,0.0,0.0,0.0,0.0,0.0,0.0,0.0,0.0,0,0,0,1,0.0,False
0,0.0,0,0.0,0.0,0.0,0.0,0.0,0.0,0.0,0.0,0.0,0,0,0,1,0.0,False
12,2.0,0,33.83,0.0,2.0,0.0,0.0,4.0,0.0,0.0,0.0,0,0,0,1,0.0,False
24,7.0,1,14.04,4.0,5.0,12.0,3.0,41.0,19.0,46.0,3.0,0,1,0,0,0.041666666666666664,False
14,1.0,1,26.29,1.0,22.0,1.0,0.0,5.0,2.0,40.0,1.0,0,0,0,1,0.07142857142857142,False
14,3.0,1,17.43,1.0,10.0,0.0,0.0,9.0,4.0,44.0,0.0,0,1,0,0,0.07142857142857142,False
0,0.0,0,0.0,0.0,0.0,0.0,0.0,0.0,0.0,0.0,0.0,0,0,0,1,0.0,False
27,5.0,2,20.0,3.0,36.0,0.0,1.0,12.0,5.0,42.0,1.0,0,1,0,0,0.07407407407407407,False
14,3.0,0,23.57,3.0,17.0,4.0,0.0,,,,,1,0,0,0,0.0,False
0,0.0,0,0.0,0.0,0.0,0.0,0.0,0.0,0.0,0.0,0.0,0,0,0,1,0.0,False
34,23.0,7,40.41,8.0,72.0,2.0,2.0,52.0,15.0,29.0,6.0,0,0,0,1,0.20588235294117646,False
32,4.0,1,38.41,4.0,122.0,1.0,0.0,,,,,1,0,0,0,0.03125,False
9,0.0,0,11.78,0.0,1.0,0.0,0.0,4.0,2.0,50.0,0.0,0,0,0,1,0.0,False
34,6.0,1,33.94,2.0,14.0,2.0,0.0,33.0,8.0,24.0,2.0,0,0,0,1,0.029411764705882353,False
0,0.0,0,0.0,0.0,0.0,0.0,0.0,0.0,0.0,0.0,0.0,0,0,0,1,0.0,False
0,,0,0.0,0.0,,,0.0,,,,,0,0,1,0,0.0,False
22,2.0,0,28.14,0.0,6.0,0.0,1.0,16.0,7.0,44.0,0.0,0,0,0,1,0.0,False
0,0.0,0,0.0,0.0,0.0,0.0,0.0,0.0,0.0,0.0,0.0,0,0,0,1,0.0,False
0,0.0,0,0.0,0.0,0.0,0.0,0.0,0.0,0.0,0.0,0.0,0,1,0,0,0.0,False
0,0.0,0,0.0,0.0,0.0,0.0,0.0,0.0,0.0,0.0,0.0,0,1,0,0,0.0,False
0,0.0,0,0.0,0.0,0.0,0.0,0.0,,,,,1,0,0,0,0.0,False
0,0.0,0,0.0,0.0,0.0,0.0,0.0,0.0,0.0,0.0,0.0,0,1,0,0,0.0,False
0,0.0,0,0.0,0.0,0.0,0.0,0.0,0.0,0.0,0.0,0.0,0,0,0,1,0.0,False
22,2.0,1,44.73,2.0,2.0,1.0,0.0,,,,,1,0,0,0,0.045454545454545456,False
4,0.0,0,6.75,0.0,6.0,0.0,0.0,,,,,1,0,0,0,0.0,False
2,0.0,0,3.0,0.0,0.0,0.0,0.0,0.0,0.0,0.0,0.0,0,1,0,0,0.0,False
0,,0,0.0,0.0,,,0.0,,,,,0,0,1,0,0.0,False
20,6.0,2,14.4,4.0,27.0,2.0,0.0,18.0,7.0,39.0,1.0,0,0,0,1,0.1,False
0,0.0,0,0.0,0.0,0.0,0.0,0.0,0.0,0.0,0.0,0.0,0,0,0,1,0.0,False
13,10.0,4,16.38,4.0,60.0,1.0,2.0,24.0,7.0,29.0,2.0,0,1,0,0,0.3076923076923077,False
0,0.0,0,0.0,0.0,0.0,0.0,0.0,,,,,1,0,0,0,0.0,False
0,0.0,0,0.0,0.0,0.0,0.0,0.0,,,,,1,0,0,0,0.0,False
17,5.0,2,8.88,1.0,14.0,1.0,1.0,12.0,1.0,8.0,0.0,0,0,0,1,0.11764705882352941,False
4,0.0,0,55.75,0.0,0.0,0.0,0.0,,,,,1,0,0,0,0.0,False
4,,0,29.75,0.0,,,0.0,,,,,0,0,1,0,0.0,False
0,0.0,0,0.0,0.0,0.0,0.0,0.0,,,,,1,0,0,0,0.0,False
0,0.0,0,0.0,0.0,0.0,0.0,0.0,0.0,0.0,0.0,0.0,0,1,0,0,0.0,False
0,0.0,0,0.0,0.0,0.0,0.0,0.0,,,,,1,0,0,0,0.0,False
1,0.0,0,1.0,0.0,0.0,0.0,0.0,0.0,0.0,0.0,0.0,0,1,0,0,0.0,False
9,3.0,0,17.0,0.0,24.0,0.0,1.0,6.0,2.0,33.0,0.0,0,0,0,1,0.0,False
0,0.0,0,0.0,0.0,0.0,0.0,0.0,0.0,0.0,0.0,0.0,0,0,0,1,0.0,False
10,2.0,0,33.1,0.0,2.0,0.0,0.0,6.0,0.0,0.0,1.0,0,0,0,1,0.0,False
0,0.0,0,0.0,0.0,0.0,0.0,0.0,,,,,1,0,0,0,0.0,False
14,7.0,7,55.5,3.0,75.0,2.0,3.0,44.0,18.0,41.0,4.0,0,0,0,1,0.5,False
1,0.0,0,6.0,0.0,0.0,0.0,0.0,0.0,0.0,0.0,0.0,0,0,0,1,0.0,False
0,0.0,0,0.0,0.0,0.0,0.0,0.0,,,,,1,0,0,0,0.0,False
36,13.0,7,39.08,9.0,164.0,2.0,0.0,40.0,11.0,28.0,1.0,0,0,0,1,0.19444444444444445,False
0,,0,0.0,0.0,,,0.0,,,,,0,0,1,0,0.0,False
0,,0,0.0,0.0,,,0.0,,,,,0,0,1,0,0.0,False
34,3.0,0,46.15,2.0,51.0,3.0,1.0,,,,,1,0,0,0,0.0,False
0,0.0,0,0.0,0.0,0.0,0.0,0.0,0.0,0.0,0.0,0.0,0,0,0,1,0.0,False
0,0.0,0,0.0,0.0,0.0,0.0,0.0,,,,,1,0,0,0,0.0,False
0,0.0,0,0.0,0.0,0.0,0.0,0.0,0.0,0.0,0.0,0.0,0,0,0,1,0.0,False
0,,0,0.0,0.0,,,0.0,,,,,0,0,1,0,0.0,False
0,0.0,0,0.0,0.0,0.0,0.0,0.0,,,,,1,0,0,0,0.0,False
0,,0,0.0,0.0,,,0.0,,,,,0,0,1,0,0.0,False
17,5.0,0,37.41,0.0,7.0,1.0,1.0,,,,,1,0,0,0,0.0,False
5,,0,29.4,0.0,,,0.0,,,,,0,0,1,0,0.0,False
25,8.0,1,40.16,1.0,0.0,0.0,0.0,,,,,1,0,0,0,0.04,False
0,0.0,0,0.0,0.0,0.0,0.0,0.0,0.0,0.0,0.0,0.0,0,0,0,1,0.0,False
36,15.0,1,15.36,1.0,19.0,13.0,2.0,85.0,38.0,45.0,17.0,0,1,0,0,0.027777777777777776,True
1,0.0,0,3.0,0.0,0.0,0.0,0.0,0.0,0.0,0.0,0.0,0,0,0,1,0.0,False
0,0.0,0,0.0,0.0,0.0,0.0,0.0,,,,,1,0,0,0,0.0,False
0,0.0,0,0.0,0.0,0.0,0.0,0.0,0.0,0.0,0.0,0.0,0,1,0,0,0.0,False
0,0.0,0,0.0,0.0,0.0,0.0,0.0,0.0,0.0,0.0,0.0,0,0,0,1,0.0,False
37,13.0,2,28.78,1.0,24.0,3.0,0.0,42.0,16.0,38.0,3.0,0,0,0,1,0.05405405405405406,False
30,6.0,3,47.8,4.0,23.0,0.0,0.0,19.0,1.0,5.0,0.0,0,0,0,1,0.1,False
0,0.0,0,0.0,0.0,0.0,0.0,0.0,0.0,0.0,0.0,0.0,0,1,0,0,0.0,False
0,0.0,0,0.0,0.0,0.0,0.0,0.0,0.0,0.0,0.0,0.0,0,0,0,1,0.0,False
0,0.0,0,0.0,0.0,0.0,0.0,0.0,0.0,0.0,0.0,0.0,0,0,0,1,0.0,False
0,,0,0.0,0.0,,,0.0,,,,,0,0,1,0,0.0,False
0,0.0,0,0.0,0.0,0.0,0.0,0.0,,,,,1,0,0,0,0.0,False
0,0.0,0,0.0,0.0,0.0,0.0,0.0,,,,,1,0,0,0,0.0,False
29,1.0,0,31.52,0.0,1.0,0.0,0.0,,,,,1,0,0,0,0.0,False
24,5.0,2,52.13,1.0,70.0,0.0,0.0,13.0,3.0,23.0,0.0,0,0,0,1,0.08333333333333333,False
0,,0,0.0,0.0,,,0.0,,,,,0,0,1,0,0.0,False
21,3.0,1,28.24,0.0,72.0,0.0,0.0,,,,,1,0,0,0,0.047619047619047616,False
0,0.0,0,0.0,0.0,0.0,0.0,0.0,0.0,0.0,0.0,0.0,1,0,0,0,0.0,False
14,4.0,1,56.86,4.0,34.0,0.0,0.0,,,,,1,0,0,0,0.07142857142857142,False
0,0.0,0,0.0,0.0,0.0,0.0,0.0,,,,,1,0,0,0,0.0,False
2,0.0,0,10.0,0.0,0.0,2.0,0.0,3.0,2.0,67.0,1.0,0,1,0,0,0.0,False
27,3.0,3,61.26,5.0,103.0,1.0,1.0,,,,,1,0,0,0,0.1111111111111111,False
0,0.0,0,0.0,0.0,0.0,0.0,0.0,0.0,0.0,0.0,0.0,0,0,0,1,0.0,False
3,0.0,0,4.67,0.0,0.0,0.0,0.0,1.0,0.0,0.0,0.0,0,0,0,1,0.0,False
20,3.0,1,24.8,0.0,4.0,0.0,0.0,7.0,2.0,29.0,0.0,0,0,0,1,0.05,False
21,1.0,0,62.24,2.0,0.0,0.0,0.0,,,,,1,0,0,0,0.0,False
0,0.0,0,0.0,0.0,0.0,0.0,0.0,0.0,0.0,0.0,0.0,0,0,0,1,0.0,False
0,0.0,0,0.0,0.0,0.0,0.0,0.0,,,,,1,0,0,0,0.0,False
0,0.0,0,0.0,0.0,0.0,0.0,0.0,,,,,1,0,0,0,0.0,False
0,0.0,0,0.0,0.0,0.0,0.0,0.0,,,,,1,0,0,0,0.0,False
0,0.0,0,0.0,0.0,0.0,0.0,0.0,,,,,1,0,0,0,0.0,False
0,0.0,0,0.0,0.0,0.0,0.0,0.0,0.0,0.0,0.0,0.0,0,0,0,1,0.0,False
0,0.0,0,0.0,0.0,0.0,0.0,0.0,0.0,0.0,0.0,0.0,0,0,0,1,0.0,False
0,0.0,0,0.0,0.0,0.0,0.0,0.0,,,,,1,0,0,0,0.0,False
18,7.0,0,23.89,0.0,29.0,0.0,0.0,17.0,5.0,29.0,2.0,0,0,0,1,0.0,False
0,0.0,0,0.0,0.0,0.0,0.0,0.0,,,,,1,0,0,0,0.0,False
38,0.0,0,48.66,1.0,0.0,0.0,0.0,,,,,1,0,0,0,0.0,False
0,0.0,0,0.0,0.0,0.0,0.0,0.0,,,,,1,0,0,0,0.0,False
0,0.0,0,0.0,0.0,0.0,0.0,0.0,0.0,0.0,0.0,0.0,0,0,0,1,0.0,False
27,2.0,1,30.52,2.0,43.0,1.0,0.0,,,,,1,0,0,0,0.037037037037037035,False
0,0.0,0,0.0,0.0,0.0,0.0,0.0,0.0,0.0,0.0,0.0,0,0,0,1,0.0,False
24,13.0,1,6.08,1.0,9.0,14.0,0.0,38.0,14.0,37.0,5.0,0,1,0,0,0.041666666666666664,False
0,0.0,0,0.0,0.0,0.0,0.0,0.0,0.0,0.0,0.0,0.0,0,1,0,0,0.0,False
30,8.0,0,30.77,2.0,6.0,1.0,0.0,18.0,6.0,33.0,1.0,0,0,0,1,0.0,False
0,0.0,0,0.0,0.0,0.0,0.0,0.0,0.0,0.0,0.0,0.0,0,0,0,1,0.0,False
0,0.0,0,0.0,0.0,0.0,0.0,0.0,0.0,0.0,0.0,0.0,0,0,0,1,0.0,False
0,0.0,0,0.0,0.0,0.0,0.0,0.0,,,,,1,0,0,0,0.0,False
31,3.0,0,40.35,4.0,127.0,2.0,0.0,,,,,1,0,0,0,0.0,False
0,0.0,0,0.0,0.0,0.0,0.0,0.0,0.0,0.0,0.0,0.0,0,0,0,1,0.0,False
0,0.0,0,0.0,0.0,0.0,0.0,0.0,0.0,0.0,0.0,0.0,0,0,0,1,0.0,False
0,0.0,0,0.0,0.0,0.0,0.0,0.0,0.0,0.0,0.0,0.0,0,1,0,0,0.0,False
0,0.0,0,0.0,0.0,0.0,0.0,0.0,,,,,1,0,0,0,0.0,False
0,0.0,0,0.0,0.0,0.0,0.0,0.0,0.0,0.0,0.0,0.0,0,0,0,1,0.0,False
0,,0,0.0,0.0,,,0.0,,,,,0,0,1,0,0.0,False
0,0.0,0,0.0,0.0,0.0,0.0,0.0,0.0,0.0,0.0,0.0,0,0,0,1,0.0,False
12,3.0,0,4.92,1.0,6.0,4.0,0.0,11.0,4.0,36.0,2.0,0,1,0,0,0.0,False
0,0.0,0,0.0,0.0,0.0,0.0,0.0,0.0,0.0,0.0,0.0,0,1,0,0,0.0,False
0,,0,0.0,0.0,,,0.0,,,,,0,0,1,0,0.0,False
0,0.0,0,0.0,0.0,0.0,0.0,0.0,0.0,0.0,0.0,0.0,0,1,0,0,0.0,False
0,0.0,0,0.0,0.0,0.0,0.0,0.0,,,,,1,0,0,0,0.0,False
0,0.0,0,0.0,0.0,0.0,0.0,0.0,0.0,0.0,0.0,0.0,0,1,0,0,0.0,False
9,4.0,0,10.56,2.0,5.0,3.0,0.0,10.0,3.0,30.0,0.0,0,0,0,1,0.0,False
2,0.0,0,18.5,0.0,5.0,0.0,0.0,,,,,1,0,0,0,0.0,False
0,0.0,0,0.0,0.0,0.0,0.0,0.0,,,,,1,0,0,0,0.0,False
14,2.0,0,15.79,0.0,9.0,6.0,1.0,13.0,4.0,31.0,2.0,0,1,0,0,0.0,False
16,2.0,1,36.38,0.0,2.0,0.0,1.0,,,,,1,0,0,0,0.0625,False
6,0.0,1,21.83,0.0,4.0,0.0,0.0,,,,,1,0,0,0,0.16666666666666666,False
0,,0,0.0,0.0,,,0.0,,,,,0,0,1,0,0.0,False
0,0.0,0,0.0,0.0,0.0,0.0,0.0,,,,,1,0,0,0,0.0,False
33,4.0,1,54.52,2.0,5.0,1.0,0.0,,,,,1,0,0,0,0.030303030303030304,False
0,0.0,0,0.0,0.0,0.0,0.0,0.0,,,,,1,0,0,0,0.0,False
18,2.0,0,7.56,0.0,2.0,3.0,0.0,17.0,5.0,29.0,3.0,0,1,0,0,0.0,False
29,8.0,0,32.31,0.0,4.0,0.0,1.0,,,,,1,0,0,0,0.0,False
0,,0,0.0,0.0,,,0.0,,,,,0,0,1,0,0.0,False
35,29.0,20,54.49,33.0,304.0,3.0,6.0,99.0,31.0,31.0,3.0,0,0,0,1,0.5714285714285714,True
38,,0,20.68,0.0,,,0.0,,,,,0,0,1,0,0.0,False
27,13.0,2,26.26,8.0,10.0,12.0,0.0,45.0,23.0,51.0,9.0,0,1,0,0,0.07407407407407407,True
0,0.0,0,0.0,0.0,0.0,0.0,0.0,0.0,0.0,0.0,0.0,0,1,0,0,0.0,False
0,0.0,0,0.0,0.0,0.0,0.0,0.0,0.0,0.0,0.0,0.0,0,0,0,1,0.0,False
16,3.0,0,48.81,0.0,8.0,0.0,0.0,3.0,0.0,0.0,0.0,0,0,0,1,0.0,False
0,0.0,0,0.0,0.0,0.0,0.0,0.0,0.0,0.0,0.0,0.0,0,0,0,1,0.0,False
0,0.0,0,0.0,0.0,0.0,0.0,0.0,,,,,1,0,0,0,0.0,False
38,5.0,0,34.82,1.0,8.0,0.0,0.0,20.0,5.0,25.0,1.0,0,0,0,1,0.0,False
0,,0,0.0,0.0,,,0.0,,,,,0,0,1,0,0.0,False
28,21.0,5,25.75,5.0,96.0,18.0,5.0,64.0,21.0,33.0,5.0,0,1,0,0,0.17857142857142858,False
0,0.0,0,0.0,0.0,0.0,0.0,0.0,0.0,0.0,0.0,0.0,0,0,0,1,0.0,False
0,0.0,0,0.0,0.0,0.0,0.0,0.0,0.0,0.0,0.0,0.0,0,1,0,0,0.0,False
0,0.0,0,0.0,0.0,0.0,0.0,0.0,0.0,0.0,0.0,0.0,0,0,0,1,0.0,False
0,0.0,0,0.0,0.0,0.0,0.0,0.0,0.0,0.0,0.0,0.0,0,0,0,1,0.0,False
0,0.0,0,0.0,0.0,0.0,0.0,0.0,0.0,0.0,0.0,0.0,0,1,0,0,0.0,False
19,0.0,2,48.11,0.0,3.0,1.0,1.0,8.0,1.0,13.0,2.0,0,0,0,1,0.10526315789473684,False
35,15.0,7,39.26,8.0,270.0,3.0,1.0,,,,,1,0,0,0,0.2,False
4,0.0,0,12.75,0.0,3.0,0.0,0.0,,,,,1,0,0,0,0.0,False
34,23.0,1,24.71,3.0,38.0,3.0,1.0,69.0,26.0,38.0,12.0,0,1,0,0,0.029411764705882353,False
0,0.0,0,0.0,0.0,0.0,0.0,0.0,,,,,1,0,0,0,0.0,False
32,1.0,1,30.44,3.0,1.0,1.0,0.0,,,,,1,0,0,0,0.03125,False
0,0.0,0,0.0,0.0,0.0,0.0,0.0,0.0,0.0,0.0,0.0,0,0,0,1,0.0,False
18,3.0,2,13.28,3.0,21.0,3.0,0.0,20.0,8.0,40.0,3.0,0,0,0,1,0.1111111111111111,False
0,0.0,0,0.0,0.0,0.0,0.0,0.0,0.0,0.0,0.0,0.0,0,0,0,1,0.0,False
36,9.0,3,41.0,2.0,45.0,3.0,1.0,,,,,1,0,0,0,0.08333333333333333,False
4,0.0,0,2.5,0.0,0.0,0.0,0.0,1.0,1.0,100.0,0.0,0,0,0,1,0.0,False
37,20.0,2,45.35,6.0,29.0,6.0,1.0,61.0,12.0,20.0,4.0,0,0,0,1,0.05405405405405406,False
36,16.0,2,33.56,3.0,24.0,0.0,0.0,38.0,12.0,32.0,2.0,0,0,0,1,0.05555555555555555,False
0,0.0,0,0.0,0.0,0.0,0.0,0.0,0.0,0.0,0.0,0.0,0,0,0,1,0.0,False
1,0.0,0,20.0,0.0,0.0,0.0,0.0,1.0,1.0,100.0,0.0,0,0,0,1,0.0,False
0,0.0,0,0.0,0.0,0.0,0.0,0.0,0.0,0.0,0.0,0.0,0,0,0,1,0.0,False
0,0.0,0,0.0,0.0,0.0,0.0,0.0,0.0,0.0,0.0,0.0,0,0,0,1,0.0,False
5,0.0,0,38.4,0.0,1.0,0.0,0.0,2.0,0.0,0.0,0.0,0,0,0,1,0.0,False
0,0.0,0,0.0,0.0,0.0,0.0,0.0,,,,,1,0,0,0,0.0,False
21,3.0,0,7.62,1.0,3.0,7.0,2.0,14.0,6.0,43.0,3.0,0,1,0,0,0.0,False
38,,0,25.5,0.0,,,0.0,,,,,0,0,1,0,0.0,False
10,5.0,0,33.8,2.0,43.0,2.0,1.0,10.0,4.0,40.0,0.0,0,0,0,1,0.0,False
19,1.0,0,33.74,0.0,1.0,0.0,0.0,,,,,1,0,0,0,0.0,False
16,0.0,0,28.06,0.0,15.0,0.0,0.0,,,,,1,0,0,0,0.0,False
36,5.0,3,62.53,1.0,1.0,1.0,1.0,,,,,1,0,0,0,0.08333333333333333,False
0,0.0,0,0.0,0.0,0.0,0.0,0.0,,,,,1,0,0,0,0.0,False
0,,0,0.0,0.0,,,0.0,,,,,0,0,1,0,0.0,False
35,,0,25.69,0.0,,,0.0,,,,,0,0,1,0,0.0,False
36,14.0,0,35.83,1.0,2.0,1.0,0.0,,,,,1,0,0,0,0.0,False
0,0.0,0,0.0,0.0,0.0,0.0,0.0,0.0,0.0,0.0,0.0,0,0,0,1,0.0,False
34,11.0,4,14.09,4.0,107.0,12.0,2.0,52.0,20.0,38.0,7.0,0,0,0,1,0.11764705882352941,False
0,0.0,0,0.0,0.0,0.0,0.0,0.0,,,,,1,0,0,0,0.0,False
0,,0,0.0,0.0,,,0.0,,,,,0,0,1,0,0.0,False
2,0.0,0,5.5,0.0,3.0,0.0,0.0,0.0,0.0,0.0,0.0,0,0,0,1,0.0,False
0,0.0,0,0.0,0.0,0.0,0.0,0.0,,,,,1,0,0,0,0.0,False
0,0.0,0,0.0,0.0,0.0,0.0,0.0,0.0,0.0,0.0,0.0,0,0,0,1,0.0,False
15,4.0,0,47.87,2.0,54.0,2.0,1.0,,,,,1,0,0,0,0.0,False
17,0.0,0,38.06,0.0,2.0,1.0,0.0,,,,,1,0,0,0,0.0,False
0,0.0,0,0.0,0.0,0.0,0.0,0.0,0.0,0.0,0.0,0.0,0,1,0,0,0.0,False
0,0.0,0,0.0,0.0,0.0,0.0,0.0,0.0,0.0,0.0,0.0,0,1,0,0,0.0,False
20,11.0,2,33.7,3.0,72.0,2.0,0.0,26.0,9.0,35.0,0.0,0,0,0,1,0.1,False
38,1.0,1,65.55,0.0,8.0,2.0,0.0,,,,,1,0,0,0,0.02631578947368421,False
0,0.0,0,0.0,0.0,0.0,0.0,0.0,,,,,1,0,0,0,0.0,False
25,,0,22.88,0.0,,,0.0,,,,,0,0,1,0,0.0,False
28,4.0,3,56.36,2.0,9.0,0.0,0.0,12.0,4.0,33.0,0.0,0,0,0,1,0.10714285714285714,False
0,0.0,0,0.0,0.0,0.0,0.0,0.0,0.0,0.0,0.0,0.0,0,0,0,1,0.0,False
0,0.0,0,0.0,0.0,0.0,0.0,0.0,,,,,1,0,0,0,0.0,False
1,,0,8.0,0.0,,,0.0,,,,,0,0,1,0,0.0,False
1,0.0,0,0.0,0.0,0.0,0.0,0.0,,,,,1,0,0,0,0.0,False
25,8.0,4,35.8,4.0,34.0,2.0,1.0,23.0,8.0,35.0,3.0,0,0,0,1,0.16,False
0,0.0,0,0.0,0.0,0.0,0.0,0.0,0.0,0.0,0.0,0.0,0,0,0,1,0.0,False
0,0.0,0,0.0,0.0,0.0,0.0,0.0,0.0,0.0,0.0,0.0,0,0,0,1,0.0,False
32,2.0,2,34.69,2.0,29.0,2.0,1.0,,,,,1,0,0,0,0.0625,False
30,4.0,1,74.07,0.0,4.0,1.0,1.0,17.0,2.0,12.0,0.0,0,0,0,1,0.03333333333333333,False
0,0.0,0,0.0,0.0,0.0,0.0,0.0,0.0,0.0,0.0,0.0,0,0,0,1,0.0,False
0,0.0,0,0.0,0.0,0.0,0.0,0.0,0.0,0.0,0.0,0.0,0,0,0,1,0.0,False
0,0.0,0,0.0,0.0,0.0,0.0,0.0,0.0,0.0,0.0,0.0,0,0,0,1,0.0,False
0,0.0,0,0.0,0.0,0.0,0.0,0.0,,,,,1,0,0,0,0.0,False
30,12.0,2,33.3,5.0,149.0,1.0,0.0,31.0,11.0,35.0,2.0,0,0,0,1,0.06666666666666667,False
23,8.0,2,21.48,0.0,29.0,1.0,0.0,34.0,15.0,44.0,1.0,0,0,0,1,0.08695652173913043,False
36,9.0,5,23.42,4.0,61.0,7.0,0.0,36.0,11.0,31.0,2.0,0,0,0,1,0.1388888888888889,False
0,,0,0.0,0.0,,,0.0,,,,,0,0,1,0,0.0,False
38,,0,28.66,0.0,,,0.0,,,,,0,0,1,0,0.0,False
3,0.0,0,21.33,0.0,2.0,1.0,0.0,,,,,1,0,0,0,0.0,False
3,0.0,0,3.33,0.0,1.0,0.0,0.0,,,,,1,0,0,0,0.0,False
4,0.0,0,14.0,0.0,0.0,0.0,0.0,,,,,1,0,0,0,0.0,False
15,3.0,0,34.67,1.0,16.0,0.0,0.0,,,,,1,0,0,0,0.0,False
0,0.0,0,0.0,0.0,0.0,0.0,0.0,,,,,1,0,0,0,0.0,False
28,10.0,4,27.5,5.0,174.0,1.0,0.0,27.0,12.0,44.0,5.0,0,0,0,1,0.14285714285714285,False
29,10.0,0,57.52,3.0,63.0,1.0,1.0,40.0,10.0,25.0,0.0,0,0,0,1,0.0,False
27,2.0,3,31.7,3.0,59.0,0.0,0.0,,,,,1,0,0,0,0.1111111111111111,False
2,0.0,0,0.5,0.0,0.0,0.0,0.0,,,,,1,0,0,0,0.0,False
11,1.0,0,51.18,0.0,16.0,1.0,0.0,,,,,1,0,0,0,0.0,False
0,0.0,0,0.0,0.0,0.0,0.0,0.0,0.0,0.0,0.0,0.0,0,1,0,0,0.0,False
34,20.0,7,17.91,4.0,6.0,19.0,3.0,101.0,48.0,48.0,24.0,0,1,0,0,0.20588235294117646,True
14,2.0,0,8.29,0.0,22.0,2.0,0.0,12.0,5.0,42.0,1.0,0,1,0,0,0.0,False
0,0.0,0,0.0,0.0,0.0,0.0,0.0,0.0,0.0,0.0,0.0,0,0,0,1,0.0,False
0,0.0,0,0.0,0.0,0.0,0.0,0.0,,,,,1,0,0,0,0.0,False
0,0.0,0,0.0,0.0,0.0,0.0,0.0,0.0,0.0,0.0,0.0,0,0,0,1,0.0,False
0,0.0,0,0.0,0.0,0.0,0.0,0.0,,,,,1,0,0,0,0.0,False
13,0.0,0,56.0,0.0,1.0,0.0,0.0,,,,,1,0,0,0,0.0,False
1,0.0,0,14.0,0.0,0.0,0.0,0.0,0.0,0.0,0.0,0.0,0,0,0,1,0.0,False
20,5.0,2,7.25,2.0,3.0,2.0,1.0,23.0,10.0,43.0,5.0,0,1,0,0,0.1,False
18,,0,25.33,0.0,,,0.0,,,,,0,0,1,0,0.0,False
2,0.0,0,35.0,0.0,0.0,0.0,0.0,0.0,0.0,0.0,0.0,0,0,0,1,0.0,False
7,1.0,0,5.57,0.0,7.0,0.0,0.0,1.0,0.0,0.0,0.0,0,0,0,1,0.0,False
0,0.0,0,0.0,0.0,0.0,0.0,0.0,,,,,1,0,0,0,0.0,False
0,0.0,0,0.0,0.0,0.0,0.0,0.0,0.0,0.0,0.0,0.0,0,0,0,1,0.0,False
0,0.0,0,0.0,0.0,0.0,0.0,0.0,0.0,0.0,0.0,0.0,0,0,0,1,0.0,False
7,0.0,0,11.29,0.0,2.0,0.0,0.0,2.0,0.0,0.0,0.0,0,0,0,1,0.0,False
0,0.0,0,0.0,0.0,0.0,0.0,0.0,,,,,1,0,0,0,0.0,False
0,0.0,0,0.0,0.0,0.0,0.0,0.0,0.0,0.0,0.0,0.0,0,0,0,1,0.0,False
0,0.0,0,0.0,0.0,0.0,0.0,0.0,0.0,0.0,0.0,0.0,0,0,0,1,0.0,False
18,4.0,0,16.61,1.0,2.0,9.0,1.0,39.0,19.0,49.0,6.0,0,1,0,0,0.0,False
0,0.0,0,0.0,0.0,0.0,0.0,0.0,0.0,0.0,0.0,0.0,0,1,0,0,0.0,False
0,0.0,0,0.0,0.0,0.0,0.0,0.0,0.0,0.0,0.0,0.0,0,0,0,1,0.0,False
30,0.0,0,55.33,0.0,3.0,0.0,2.0,15.0,6.0,40.0,1.0,1,0,0,0,0.0,False
0,0.0,0,0.0,0.0,0.0,0.0,0.0,0.0,0.0,0.0,0.0,0,0,0,1,0.0,False
28,1.0,0,71.0,0.0,9.0,0.0,0.0,,,,,1,0,0,0,0.0,False
0,0.0,0,0.0,0.0,0.0,0.0,0.0,,,,,1,0,0,0,0.0,False
0,0.0,0,0.0,0.0,0.0,0.0,0.0,0.0,0.0,0.0,0.0,0,0,0,1,0.0,False
0,0.0,0,0.0,0.0,0.0,0.0,0.0,0.0,0.0,0.0,0.0,0,1,0,0,0.0,False
24,4.0,1,21.67,2.0,3.0,2.0,0.0,13.0,6.0,46.0,2.0,0,0,0,1,0.041666666666666664,False
0,,0,0.0,0.0,,,0.0,,,,,0,0,1,0,0.0,False
0,,0,0.0,0.0,,,0.0,,,,,0,0,1,0,0.0,False
21,7.0,3,13.86,4.0,31.0,3.0,0.0,23.0,8.0,35.0,1.0,0,0,0,1,0.14285714285714285,False
36,18.0,6,38.08,8.0,141.0,4.0,2.0,73.0,23.0,32.0,5.0,0,0,0,1,0.16666666666666666,False
0,0.0,0,0.0,0.0,0.0,0.0,0.0,0.0,0.0,0.0,0.0,0,0,0,1,0.0,False
31,7.0,1,15.97,1.0,10.0,3.0,1.0,39.0,20.0,51.0,2.0,0,1,0,0,0.03225806451612903,True
0,,0,0.0,0.0,,,0.0,,,,,0,0,1,0,0.0,False
29,9.0,4,31.0,10.0,146.0,8.0,1.0,29.0,9.0,31.0,0.0,0,0,0,1,0.13793103448275862,False
0,0.0,0,0.0,0.0,0.0,0.0,0.0,0.0,0.0,0.0,0.0,0,0,0,1,0.0,False
35,,0,25.26,0.0,,,0.0,,,,,0,0,1,0,0.0,False
12,2.0,1,13.33,1.0,35.0,1.0,1.0,10.0,2.0,20.0,1.0,0,0,0,1,0.08333333333333333,False
24,5.0,1,48.0,1.0,6.0,0.0,1.0,11.0,5.0,45.0,1.0,0,0,0,1,0.041666666666666664,False
0,0.0,0,0.0,0.0,0.0,0.0,0.0,0.0,0.0,0.0,0.0,0,0,0,1,0.0,False
25,2.0,2,29.96,1.0,91.0,2.0,0.0,,,,,1,0,0,0,0.08,False
31,14.0,1,63.0,3.0,30.0,2.0,1.0,33.0,8.0,24.0,5.0,0,0,0,1,0.03225806451612903,False
10,,0,23.1,0.0,,,0.0,,,,,0,0,1,0,0.0,False
0,0.0,0,0.0,0.0,0.0,0.0,0.0,0.0,0.0,0.0,0.0,0,0,0,1,0.0,False
0,0.0,0,0.0,0.0,0.0,0.0,0.0,0.0,0.0,0.0,0.0,0,1,0,0,0.0,False
0,0.0,0,0.0,0.0,0.0,0.0,0.0,0.0,0.0,0.0,0.0,0,0,0,1,0.0,False
32,10.0,1,23.97,2.0,8.0,18.0,0.0,56.0,27.0,48.0,6.0,0,1,0,0,0.03125,False
0,0.0,0,0.0,0.0,0.0,0.0,0.0,0.0,0.0,0.0,0.0,0,0,0,1,0.0,False
15,1.0,0,43.87,0.0,0.0,0.0,0.0,,,,,1,0,0,0,0.0,False
0,0.0,0,0.0,0.0,0.0,0.0,0.0,0.0,0.0,0.0,0.0,0,1,0,0,0.0,False
0,,0,0.0,0.0,,,0.0,,,,,0,0,1,0,0.0,False
0,,0,0.0,0.0,,,0.0,,,,,0,0,1,0,0.0,False
0,0.0,0,0.0,0.0,0.0,0.0,0.0,,,,,1,0,0,0,0.0,False
18,2.0,0,44.39,1.0,0.0,1.0,0.0,20.0,3.0,15.0,3.0,1,0,0,0,0.0,False
0,0.0,0,0.0,0.0,0.0,0.0,0.0,0.0,0.0,0.0,0.0,0,0,0,1,0.0,False
20,,0,26.35,0.0,,,0.0,,,,,0,0,1,0,0.0,False
0,0.0,0,0.0,0.0,0.0,0.0,0.0,,,,,1,0,0,0,0.0,False
0,0.0,0,0.0,0.0,0.0,0.0,0.0,,,,,1,0,0,0,0.0,False
0,0.0,0,0.0,0.0,0.0,0.0,0.0,0.0,0.0,0.0,0.0,0,1,0,0,0.0,False
0,0.0,0,0.0,0.0,0.0,0.0,0.0,0.0,0.0,0.0,0.0,0,1,0,0,0.0,False
0,,0,0.0,0.0,,,0.0,,,,,0,0,1,0,0.0,False
24,8.0,2,22.71,2.0,30.0,4.0,0.0,22.0,6.0,27.0,2.0,0,0,0,1,0.08333333333333333,False
0,0.0,0,0.0,0.0,0.0,0.0,0.0,,,,,1,0,0,0,0.0,False
3,,0,32.33,0.0,,,0.0,,,,,0,0,1,0,0.0,False
0,,0,0.0,0.0,,,0.0,,,,,0,0,1,0,0.0,False
0,0.0,0,0.0,0.0,0.0,0.0,0.0,0.0,0.0,0.0,0.0,0,1,0,0,0.0,False
26,12.0,2,11.96,0.0,26.0,8.0,1.0,29.0,8.0,28.0,2.0,0,0,0,1,0.07692307692307693,False
0,0.0,0,0.0,0.0,0.0,0.0,0.0,0.0,0.0,0.0,0.0,0,0,0,1,0.0,False
0,0.0,0,0.0,0.0,0.0,0.0,0.0,0.0,0.0,0.0,0.0,0,0,0,1,0.0,False
0,,0,0.0,0.0,,,0.0,,,,,0,0,1,0,0.0,False
0,,0,0.0,0.0,,,0.0,,,,,0,0,1,0,0.0,False
0,0.0,0,0.0,0.0,0.0,0.0,0.0,0.0,0.0,0.0,0.0,0,1,0,0,0.0,False
0,0.0,0,0.0,0.0,0.0,0.0,0.0,0.0,0.0,0.0,0.0,0,1,0,0,0.0,False
0,0.0,0,0.0,0.0,0.0,0.0,0.0,0.0,0.0,0.0,0.0,0,1,0,0,0.0,False
2,0.0,0,2.5,0.0,0.0,0.0,0.0,3.0,1.0,33.0,0.0,0,1,0,0,0.0,False
0,0.0,0,0.0,0.0,0.0,0.0,0.0,,,,,1,0,0,0,0.0,False
0,0.0,0,0.0,0.0,0.0,0.0,0.0,,,,,1,0,0,0,0.0,False
0,0.0,0,0.0,0.0,0.0,0.0,0.0,0.0,0.0,0.0,0.0,0,1,0,0,0.0,False
8,0.0,0,43.88,0.0,0.0,0.0,0.0,,,,,1,0,0,0,0.0,False
14,1.0,0,29.57,0.0,71.0,0.0,0.0,,,,,1,0,0,0,0.0,False
27,1.0,3,39.19,3.0,2.0,1.0,0.0,,,,,1,0,0,0,0.1111111111111111,False
2,0.0,0,5.5,0.0,2.0,0.0,0.0,1.0,1.0,100.0,0.0,0,0,0,1,0.0,False
0,0.0,0,0.0,0.0,0.0,0.0,0.0,0.0,0.0,0.0,0.0,0,0,0,1,0.0,False
0,0.0,0,0.0,0.0,0.0,0.0,0.0,0.0,0.0,0.0,0.0,0,0,0,1,0.0,False
27,13.0,5,22.67,8.0,112.0,4.0,1.0,29.0,10.0,34.0,1.0,0,0,0,1,0.18518518518518517,False
22,11.0,5,18.73,6.0,63.0,3.0,1.0,21.0,4.0,19.0,1.0,0,1,0,0,0.22727272727272727,False
30,10.0,1,28.0,2.0,69.0,1.0,0.0,27.0,3.0,11.0,1.0,0,0,0,1,0.03333333333333333,False
0,0.0,0,0.0,0.0,0.0,0.0,0.0,0.0,0.0,0.0,0.0,0,1,0,0,0.0,False
0,0.0,0,0.0,0.0,0.0,0.0,0.0,,,,,1,0,0,0,0.0,False
0,0.0,0,0.0,0.0,0.0,0.0,0.0,0.0,0.0,0.0,0.0,0,0,0,1,0.0,False
0,0.0,0,0.0,0.0,0.0,0.0,0.0,,,,,1,0,0,0,0.0,False
0,0.0,0,0.0,0.0,0.0,0.0,0.0,,,,,1,0,0,0,0.0,False
0,0.0,0,0.0,0.0,0.0,0.0,0.0,0.0,0.0,0.0,0.0,0,0,0,1,0.0,False
33,10.0,1,55.24,0.0,27.0,1.0,0.0,46.0,11.0,24.0,5.0,0,0,0,1,0.030303030303030304,False
2,0.0,0,8.5,0.0,3.0,0.0,0.0,0.0,0.0,0.0,0.0,0,0,0,1,0.0,False
0,0.0,0,0.0,0.0,0.0,0.0,0.0,0.0,0.0,0.0,0.0,0,0,0,1,0.0,False
12,1.0,0,4.0,0.0,0.0,1.0,1.0,6.0,2.0,33.0,1.0,0,1,0,0,0.0,False
11,1.0,0,2.27,0.0,0.0,1.0,1.0,7.0,4.0,57.0,4.0,0,1,0,0,0.0,False
20,7.0,3,13.35,3.0,2.0,9.0,0.0,36.0,20.0,56.0,5.0,0,1,0,0,0.15,False
0,0.0,0,0.0,0.0,0.0,0.0,0.0,0.0,0.0,0.0,0.0,0,0,0,1,0.0,False
0,,0,0.0,0.0,,,0.0,,,,,0,0,1,0,0.0,False
38,27.0,2,16.92,2.0,29.0,12.0,6.0,93.0,38.0,41.0,8.0,0,1,0,0,0.05263157894736842,True
0,0.0,0,0.0,0.0,0.0,0.0,0.0,,,,,1,0,0,0,0.0,False
5,0.0,0,3.4,0.0,2.0,0.0,0.0,1.0,1.0,100.0,0.0,0,1,0,0,0.0,False
0,0.0,0,0.0,0.0,0.0,0.0,0.0,0.0,0.0,0.0,0.0,0,1,0,0,0.0,False
0,,0,0.0,0.0,,,0.0,,,,,0,0,1,0,0.0,False
0,0.0,0,0.0,0.0,0.0,0.0,0.0,,,,,1,0,0,0,0.0,False
25,5.0,0,22.28,2.0,48.0,0.0,2.0,23.0,10.0,43.0,3.0,0,1,0,0,0.0,False
0,0.0,0,0.0,0.0,0.0,0.0,0.0,0.0,0.0,0.0,0.0,0,1,0,0,0.0,False
6,0.0,0,12.5,0.0,1.0,0.0,0.0,,,,,1,0,0,0,0.0,False
10,4.0,0,11.2,2.0,24.0,1.0,0.0,12.0,2.0,17.0,0.0,0,1,0,0,0.0,False
0,,0,0.0,0.0,,,0.0,,,,,0,0,1,0,0.0,False
24,6.0,2,42.33,6.0,109.0,1.0,1.0,,,,,1,0,0,0,0.08333333333333333,False
0,0.0,0,0.0,0.0,0.0,0.0,0.0,,,,,1,0,0,0,0.0,False
0,0.0,0,0.0,0.0,0.0,0.0,0.0,0.0,0.0,0.0,0.0,0,0,0,1,0.0,False
8,2.0,1,33.38,1.0,24.0,0.0,0.0,,,,,1,0,0,0,0.125,False
0,0.0,0,0.0,0.0,0.0,0.0,0.0,0.0,0.0,0.0,0.0,0,1,0,0,0.0,False
0,,0,0.0,0.0,,,0.0,,,,,0,0,1,0,0.0,False
0,0.0,0,0.0,0.0,0.0,0.0,0.0,0.0,0.0,0.0,0.0,0,0,0,1,0.0,False
0,0.0,0,0.0,0.0,0.0,0.0,0.0,,,,,1,0,0,0,0.0,False
0,0.0,0,0.0,0.0,0.0,0.0,0.0,0.0,0.0,0.0,0.0,0,0,0,1,0.0,False
0,,0,0.0,0.0,,,0.0,,,,,0,0,1,0,0.0,False
0,0.0,0,0.0,0.0,0.0,0.0,0.0,,,,,1,0,0,0,0.0,False
8,,0,25.38,0.0,,,0.0,,,,,0,0,1,0,0.0,False
17,3.0,0,59.41,6.0,47.0,0.0,0.0,,,,,1,0,0,0,0.0,False
38,5.0,6,48.39,9.0,221.0,3.0,0.0,22.0,6.0,27.0,0.0,0,0,0,1,0.15789473684210525,False
3,0.0,0,3.0,0.0,3.0,0.0,0.0,1.0,0.0,0.0,0.0,0,1,0,0,0.0,False
0,,0,0.0,0.0,,,0.0,,,,,0,0,1,0,0.0,False
0,,0,0.0,0.0,,,0.0,,,,,0,0,1,0,0.0,False
38,12.0,2,21.58,3.0,6.0,20.0,1.0,50.0,15.0,30.0,8.0,0,1,0,0,0.05263157894736842,False
0,,0,0.0,0.0,,,0.0,,,,,0,0,1,0,0.0,False
0,0.0,0,0.0,0.0,0.0,0.0,0.0,,,,,1,0,0,0,0.0,False
0,0.0,0,0.0,0.0,0.0,0.0,0.0,0.0,0.0,0.0,0.0,0,1,0,0,0.0,False
0,0.0,0,0.0,0.0,0.0,0.0,0.0,,,,,1,0,0,0,0.0,False
0,0.0,0,0.0,0.0,0.0,0.0,0.0,,,,,1,0,0,0,0.0,False
0,0.0,0,0.0,0.0,0.0,0.0,0.0,0.0,0.0,0.0,0.0,0,0,0,1,0.0,False
6,1.0,0,20.5,0.0,0.0,0.0,0.0,6.0,2.0,33.0,0.0,0,0,0,1,0.0,False
35,7.0,2,31.06,1.0,54.0,2.0,0.0,,,,,1,0,0,0,0.05714285714285714,False
0,0.0,0,0.0,0.0,0.0,0.0,0.0,,,,,1,0,0,0,0.0,False
31,4.0,2,72.81,6.0,10.0,0.0,0.0,12.0,4.0,33.0,0.0,0,0,0,1,0.06451612903225806,False
0,0.0,0,0.0,0.0,0.0,0.0,0.0,0.0,0.0,0.0,0.0,0,1,0,0,0.0,False
10,4.0,1,9.3,1.0,2.0,0.0,0.0,6.0,1.0,17.0,0.0,0,0,0,1,0.1,False
13,1.0,1,52.46,1.0,37.0,1.0,1.0,,,,,1,0,0,0,0.07692307692307693,False
27,5.0,2,24.81,1.0,0.0,0.0,0.0,,,,,1,0,0,0,0.07407407407407407,False
0,0.0,0,0.0,0.0,0.0,0.0,0.0,,,,,1,0,0,0,0.0,False
0,0.0,0,0.0,0.0,0.0,0.0,0.0,0.0,0.0,0.0,0.0,0,0,0,1,0.0,False
0,0.0,0,0.0,0.0,0.0,0.0,0.0,,,,,1,0,0,0,0.0,False
0,,0,0.0,0.0,,,0.0,,,,,0,0,1,0,0.0,False
0,0.0,0,0.0,0.0,0.0,0.0,0.0,0.0,0.0,0.0,0.0,0,0,0,1,0.0,False
22,6.0,0,51.55,1.0,26.0,0.0,0.0,18.0,6.0,33.0,1.0,0,0,0,1,0.0,False
0,0.0,0,0.0,0.0,0.0,0.0,0.0,0.0,0.0,0.0,0.0,0,0,0,1,0.0,False
0,,0,0.0,0.0,,,0.0,,,,,0,0,1,0,0.0,False
0,0.0,0,0.0,0.0,0.0,0.0,0.0,0.0,0.0,0.0,0.0,0,0,0,1,0.0,False
29,5.0,2,4.31,5.0,12.0,4.0,0.0,30.0,13.0,43.0,4.0,0,1,0,0,0.06896551724137931,False
31,1.0,0,46.68,1.0,0.0,0.0,1.0,,,,,1,0,0,0,0.0,False
0,,0,0.0,0.0,,,0.0,,,,,0,0,1,0,0.0,False
18,2.0,3,37.67,5.0,7.0,1.0,0.0,12.0,7.0,58.0,1.0,0,0,0,1,0.16666666666666666,False
0,,0,0.0,0.0,,,0.0,,,,,0,0,1,0,0.0,False
8,1.0,0,25.13,0.0,6.0,0.0,0.0,,,,,1,0,0,0,0.0,False
0,0.0,0,0.0,0.0,0.0,0.0,0.0,0.0,0.0,0.0,0.0,0,0,0,1,0.0,False
0,0.0,0,0.0,0.0,0.0,0.0,0.0,0.0,0.0,0.0,0.0,0,1,0,0,0.0,False
0,0.0,0,0.0,0.0,0.0,0.0,0.0,,,,,1,0,0,0,0.0,False
0,0.0,0,0.0,0.0,0.0,0.0,0.0,0.0,0.0,0.0,0.0,0,1,0,0,0.0,False
3,0.0,0,22.0,0.0,5.0,0.0,0.0,0.0,0.0,0.0,0.0,0,0,0,1,0.0,False
28,1.0,0,34.04,1.0,69.0,1.0,0.0,,,,,1,0,0,0,0.0,False
0,0.0,0,0.0,0.0,0.0,0.0,0.0,0.0,0.0,0.0,0.0,0,0,0,1,0.0,False
3,0.0,0,33.67,0.0,0.0,0.0,0.0,,,,,1,0,0,0,0.0,False
26,4.0,4,19.19,8.0,22.0,7.0,0.0,26.0,13.0,50.0,3.0,0,1,0,0,0.15384615384615385,False
0,0.0,0,0.0,0.0,0.0,0.0,0.0,0.0,0.0,0.0,0.0,0,0,0,1,0.0,False
0,0.0,0,0.0,0.0,0.0,0.0,0.0,0.0,0.0,0.0,0.0,0,0,0,1,0.0,False
0,0.0,0,0.0,0.0,0.0,0.0,0.0,,,,,1,0,0,0,0.0,False
7,2.0,0,56.14,0.0,0.0,0.0,0.0,,,,,1,0,0,0,0.0,False
0,0.0,0,0.0,0.0,0.0,0.0,0.0,,,,,1,0,0,0,0.0,False
0,0.0,0,0.0,0.0,0.0,0.0,0.0,0.0,0.0,0.0,0.0,0,0,0,1,0.0,False
6,1.0,0,4.5,0.0,0.0,0.0,0.0,2.0,0.0,0.0,0.0,0,1,0,0,0.0,False
26,1.0,2,34.62,2.0,29.0,5.0,0.0,,,,,1,0,0,0,0.07692307692307693,False
0,0.0,0,0.0,0.0,0.0,0.0,0.0,,,,,1,0,0,0,0.0,False
25,3.0,2,30.92,2.0,13.0,1.0,0.0,,,,,1,0,0,0,0.08,False
0,0.0,0,0.0,0.0,0.0,0.0,0.0,,,,,1,0,0,0,0.0,False
0,0.0,0,0.0,0.0,0.0,0.0,0.0,,,,,1,0,0,0,0.0,False
35,4.0,1,24.31,1.0,17.0,2.0,0.0,24.0,4.0,17.0,1.0,0,0,0,1,0.02857142857142857,False
31,9.0,3,60.26,3.0,8.0,0.0,0.0,21.0,5.0,24.0,0.0,0,0,0,1,0.0967741935483871,False
0,,0,0.0,0.0,,,0.0,,,,,0,0,1,0,0.0,False
17,1.0,1,19.35,1.0,20.0,0.0,0.0,,,,,1,0,0,0,0.058823529411764705,False
36,,0,38.39,0.0,,,0.0,,,,,0,0,1,0,0.0,False
30,8.0,4,16.83,4.0,15.0,13.0,1.0,52.0,26.0,50.0,5.0,0,1,0,0,0.13333333333333333,True
0,0.0,0,0.0,0.0,0.0,0.0,0.0,,,,,1,0,0,0,0.0,False
0,0.0,0,0.0,0.0,0.0,0.0,0.0,,,,,1,0,0,0,0.0,False
15,2.0,1,17.73,1.0,3.0,1.0,1.0,5.0,1.0,20.0,0.0,0,0,0,1,0.06666666666666667,False
25,10.0,1,21.64,0.0,49.0,1.0,0.0,29.0,10.0,34.0,1.0,0,0,0,1,0.04,False
9,1.0,1,19.78,3.0,23.0,0.0,0.0,,,,,1,0,0,0,0.1111111111111111,False
10,0.0,0,8.2,0.0,1.0,0.0,0.0,2.0,0.0,0.0,0.0,0,0,0,1,0.0,False
24,8.0,2,31.5,2.0,43.0,4.0,0.0,23.0,7.0,30.0,3.0,0,0,0,1,0.08333333333333333,False
15,1.0,0,76.53,0.0,0.0,0.0,0.0,,,,,1,0,0,0,0.0,False
0,0.0,0,0.0,0.0,0.0,0.0,0.0,,,,,1,0,0,0,0.0,False
24,2.0,0,35.29,0.0,0.0,2.0,0.0,,,,,1,0,0,0,0.0,False
0,0.0,0,0.0,0.0,0.0,0.0,0.0,0.0,0.0,0.0,0.0,0,1,0,0,0.0,False
0,0.0,0,0.0,0.0,0.0,0.0,0.0,0.0,0.0,0.0,0.0,0,0,0,1,0.0,False
13,1.0,0,13.08,0.0,13.0,0.0,1.0,4.0,1.0,25.0,0.0,0,0,0,1,0.0,False
0,0.0,0,0.0,0.0,0.0,0.0,0.0,0.0,0.0,0.0,0.0,0,0,0,1,0.0,False
0,,0,0.0,0.0,,,0.0,,,,,0,0,1,0,0.0,False
9,2.0,0,62.56,0.0,5.0,0.0,2.0,8.0,0.0,0.0,0.0,0,0,0,1,0.0,False
6,0.0,0,32.83,0.0,3.0,0.0,0.0,,,,,1,0,0,0,0.0,False
0,0.0,0,0.0,0.0,0.0,0.0,0.0,0.0,0.0,0.0,0.0,0,0,0,1,0.0,False
16,0.0,0,7.38,0.0,8.0,0.0,0.0,1.0,0.0,0.0,0.0,0,0,0,1,0.0,False
30,,0,26.67,0.0,,,0.0,,,,,0,0,1,0,0.0,False
0,0.0,0,0.0,0.0,0.0,0.0,0.0,0.0,0.0,0.0,0.0,0,1,0,0,0.0,False
33,9.0,2,42.36,2.0,6.0,1.0,1.0,30.0,2.0,7.0,0.0,0,0,0,1,0.06060606060606061,False
0,0.0,0,0.0,0.0,0.0,0.0,0.0,0.0,0.0,0.0,0.0,0,0,0,1,0.0,False
0,0.0,0,0.0,0.0,0.0,0.0,0.0,0.0,0.0,0.0,0.0,0,0,0,1,0.0,False
0,0.0,0,0.0,0.0,0.0,0.0,0.0,0.0,0.0,0.0,0.0,0,0,0,1,0.0,False
27,4.0,0,26.67,0.0,8.0,0.0,0.0,9.0,2.0,22.0,0.0,0,0,0,1,0.0,False
0,0.0,0,0.0,0.0,0.0,0.0,0.0,,,,,1,0,0,0,0.0,False
0,,0,0.0,0.0,,,0.0,,,,,0,0,1,0,0.0,False
35,1.0,0,59.83,0.0,2.0,0.0,0.0,,,,,1,0,0,0,0.0,False
22,10.0,0,17.77,1.0,7.0,0.0,0.0,22.0,6.0,27.0,2.0,0,0,0,1,0.0,False
0,0.0,0,0.0,0.0,0.0,0.0,0.0,0.0,0.0,0.0,0.0,0,1,0,0,0.0,False
21,,0,22.57,0.0,,,0.0,,,,,0,0,1,0,0.0,False
28,6.0,2,34.46,1.0,57.0,0.0,0.0,18.0,3.0,17.0,1.0,0,0,0,1,0.07142857142857142,False
2,0.0,0,9.5,0.0,1.0,0.0,1.0,2.0,1.0,50.0,1.0,0,1,0,0,0.0,False
7,0.0,1,18.86,1.0,1.0,0.0,0.0,4.0,0.0,0.0,1.0,0,0,0,1,0.14285714285714285,False
0,,0,0.0,0.0,,,0.0,,,,,0,0,1,0,0.0,False
8,1.0,0,25.0,0.0,0.0,0.0,0.0,,,,,1,0,0,0,0.0,False
0,0.0,0,0.0,0.0,0.0,0.0,0.0,0.0,0.0,0.0,0.0,0,1,0,0,0.0,False
0,0.0,0,0.0,0.0,0.0,0.0,0.0,0.0,0.0,0.0,0.0,0,0,0,1,0.0,False
0,0.0,0,0.0,0.0,0.0,0.0,0.0,0.0,0.0,0.0,0.0,0,1,0,0,0.0,False
0,,0,0.0,0.0,,,0.0,,,,,0,0,1,0,0.0,False
10,1.0,1,68.0,1.0,0.0,0.0,0.0,,,,,1,0,0,0,0.1,False
17,0.0,1,32.41,2.0,45.0,0.0,0.0,,,,,1,0,0,0,0.058823529411764705,False
35,21.0,4,22.09,6.0,21.0,5.0,0.0,56.0,14.0,25.0,6.0,0,1,0,0,0.11428571428571428,False
0,,0,0.0,0.0,,,0.0,,,,,0,0,1,0,0.0,False
0,0.0,0,0.0,0.0,0.0,0.0,0.0,0.0,0.0,0.0,0.0,0,0,0,1,0.0,False
0,0.0,0,0.0,0.0,0.0,0.0,0.0,0.0,0.0,0.0,0.0,0,1,0,0,0.0,False
0,0.0,0,0.0,0.0,0.0,0.0,0.0,0.0,0.0,0.0,0.0,0,1,0,0,0.0,False
34,10.0,3,34.59,8.0,55.0,7.0,1.0,43.0,10.0,23.0,4.0,0,0,0,1,0.08823529411764706,False
0,0.0,0,0.0,0.0,0.0,0.0,0.0,,,,,1,0,0,0,0.0,False
0,0.0,0,0.0,0.0,0.0,0.0,0.0,,,,,1,0,0,0,0.0,False
9,3.0,0,10.89,0.0,23.0,1.0,0.0,7.0,1.0,14.0,1.0,0,0,0,1,0.0,False
0,,0,0.0,0.0,,,0.0,,,,,0,0,1,0,0.0,False
31,30.0,3,47.52,8.0,221.0,4.0,1.0,74.0,18.0,24.0,6.0,0,0,0,1,0.0967741935483871,False
0,0.0,0,0.0,0.0,0.0,0.0,0.0,0.0,0.0,0.0,0.0,0,0,0,1,0.0,False
0,0.0,0,0.0,0.0,0.0,0.0,0.0,0.0,0.0,0.0,0.0,0,1,0,0,0.0,False
38,6.0,1,66.29,2.0,2.0,6.0,0.0,,,,,1,0,0,0,0.02631578947368421,False
0,0.0,0,0.0,0.0,0.0,0.0,0.0,0.0,0.0,0.0,0.0,0,0,0,1,0.0,False
33,23.0,9,33.24,18.0,88.0,13.0,1.0,74.0,32.0,43.0,5.0,0,1,0,0,0.2727272727272727,True
0,,0,0.0,0.0,,,0.0,,,,,0,0,1,0,0.0,False
20,1.0,2,42.0,2.0,18.0,0.0,0.0,4.0,1.0,25.0,1.0,0,0,0,1,0.1,False
35,11.0,7,31.54,10.0,49.0,14.0,2.0,77.0,36.0,47.0,18.0,0,1,0,0,0.2,True
0,0.0,0,0.0,0.0,0.0,0.0,0.0,,,,,1,0,0,0,0.0,False
21,1.0,1,22.62,0.0,45.0,1.0,0.0,,,,,1,0,0,0,0.047619047619047616,False
0,0.0,0,0.0,0.0,0.0,0.0,0.0,,,,,1,0,0,0,0.0,False
19,6.0,1,25.89,1.0,67.0,2.0,0.0,21.0,8.0,38.0,1.0,0,0,0,1,0.05263157894736842,False
2,0.0,0,50.0,0.0,0.0,0.0,0.0,,,,,1,0,0,0,0.0,False
20,1.0,0,23.1,0.0,22.0,2.0,0.0,,,,,1,0,0,0,0.0,False
0,0.0,0,0.0,0.0,0.0,0.0,0.0,0.0,0.0,0.0,0.0,0,1,0,0,0.0,False
0,0.0,0,0.0,0.0,0.0,0.0,0.0,,,,,1,0,0,0,0.0,False
0,0.0,0,0.0,0.0,0.0,0.0,0.0,0.0,0.0,0.0,0.0,0,0,0,1,0.0,False
0,0.0,0,0.0,0.0,0.0,0.0,0.0,0.0,0.0,0.0,0.0,0,0,0,1,0.0,False
32,21.0,6,22.25,8.0,11.0,12.0,2.0,80.0,40.0,50.0,10.0,0,1,0,0,0.1875,True
5,0.0,0,3.0,0.0,0.0,0.0,0.0,1.0,1.0,100.0,0.0,0,0,0,1,0.0,False
9,,0,27.22,0.0,,,0.0,,,,,0,0,1,0,0.0,False
26,2.0,0,26.81,0.0,69.0,2.0,0.0,,,,,1,0,0,0,0.0,False
0,0.0,0,0.0,0.0,0.0,0.0,0.0,0.0,0.0,0.0,0.0,0,1,0,0,0.0,False
0,0.0,0,0.0,0.0,0.0,0.0,0.0,0.0,0.0,0.0,0.0,0,1,0,0,0.0,False
0,0.0,0,0.0,0.0,0.0,0.0,0.0,0.0,0.0,0.0,0.0,0,0,0,1,0.0,False
17,0.0,1,29.59,2.0,25.0,0.0,0.0,,,,,1,0,0,0,0.058823529411764705,False
19,2.0,2,26.89,3.0,23.0,4.0,0.0,10.0,2.0,20.0,1.0,0,0,0,1,0.10526315789473684,False
0,0.0,0,0.0,0.0,0.0,0.0,0.0,,,,,1,0,0,0,0.0,False
21,2.0,2,60.24,0.0,3.0,0.0,1.0,7.0,2.0,29.0,0.0,0,0,0,1,0.09523809523809523,False
9,0.0,0,61.44,0.0,1.0,0.0,0.0,,,,,1,0,0,0,0.0,False
9,1.0,0,28.33,1.0,2.0,0.0,1.0,4.0,2.0,50.0,0.0,0,0,0,1,0.0,False
0,0.0,0,0.0,0.0,0.0,0.0,0.0,0.0,0.0,0.0,0.0,0,0,0,1,0.0,False
37,31.0,3,18.05,3.0,12.0,15.0,1.0,96.0,38.0,40.0,10.0,0,1,0,0,0.08108108108108109,True
0,0.0,0,0.0,0.0,0.0,0.0,0.0,,,,,1,0,0,0,0.0,False
37,8.0,3,38.59,3.0,44.0,4.0,0.0,28.0,6.0,21.0,2.0,0,0,0,1,0.08108108108108109,False
36,7.0,0,17.14,2.0,9.0,5.0,0.0,50.0,25.0,50.0,10.0,0,1,0,0,0.0,False
0,0.0,0,0.0,0.0,0.0,0.0,0.0,,,,,1,0,0,0,0.0,False
33,3.0,0,23.73,1.0,35.0,0.0,0.0,12.0,3.0,25.0,0.0,0,0,0,1,0.0,False
0,0.0,0,0.0,0.0,0.0,0.0,0.0,0.0,0.0,0.0,0.0,0,1,0,0,0.0,False
0,0.0,0,0.0,0.0,0.0,0.0,0.0,0.0,0.0,0.0,0.0,0,0,0,1,0.0,False
28,12.0,3,25.54,3.0,66.0,0.0,2.0,55.0,20.0,36.0,4.0,0,0,0,1,0.10714285714285714,False
28,8.0,2,21.79,4.0,8.0,12.0,0.0,46.0,20.0,43.0,15.0,0,1,0,0,0.07142857142857142,False
2,,0,20.0,0.0,,,0.0,,,,,0,0,1,0,0.0,False
0,0.0,0,0.0,0.0,0.0,0.0,0.0,0.0,0.0,0.0,0.0,0,0,0,1,0.0,False
0,0.0,0,0.0,0.0,0.0,0.0,0.0,0.0,0.0,0.0,0.0,0,1,0,0,0.0,False
37,7.0,1,45.41,5.0,53.0,1.0,2.0,30.0,10.0,33.0,0.0,0,0,0,1,0.02702702702702703,False
38,16.0,6,27.08,12.0,257.0,0.0,2.0,48.0,14.0,29.0,1.0,0,0,0,1,0.15789473684210525,False
0,0.0,0,0.0,0.0,0.0,0.0,0.0,0.0,0.0,0.0,0.0,1,0,0,0,0.0,False
27,12.0,1,37.44,2.0,14.0,0.0,0.0,29.0,10.0,34.0,1.0,0,0,0,1,0.037037037037037035,False
0,0.0,0,0.0,0.0,0.0,0.0,0.0,,,,,1,0,0,0,0.0,False
32,4.0,1,39.28,3.0,3.0,3.0,1.0,,,,,1,0,0,0,0.03125,False
0,0.0,0,0.0,0.0,0.0,0.0,0.0,0.0,0.0,0.0,0.0,0,1,0,0,0.0,False
7,0.0,0,29.86,0.0,2.0,0.0,0.0,1.0,1.0,100.0,0.0,0,0,0,1,0.0,False
0,0.0,0,0.0,0.0,0.0,0.0,0.0,,,,,1,0,0,0,0.0,False
12,1.0,0,41.67,0.0,3.0,1.0,0.0,,,,,1,0,0,0,0.0,False
17,2.0,0,11.82,0.0,9.0,2.0,0.0,9.0,2.0,22.0,0.0,0,0,0,1,0.0,False
0,0.0,0,0.0,0.0,0.0,0.0,0.0,,,,,1,0,0,0,0.0,False
0,,0,0.0,0.0,,,0.0,,,,,0,0,1,0,0.0,False
31,10.0,1,46.23,1.0,144.0,1.0,0.0,31.0,9.0,29.0,0.0,0,0,0,1,0.03225806451612903,False
0,0.0,0,0.0,0.0,0.0,0.0,0.0,0.0,0.0,0.0,0.0,0,1,0,0,0.0,False
22,2.0,2,33.95,1.0,20.0,1.0,0.0,12.0,4.0,33.0,1.0,0,0,0,1,0.09090909090909091,False
29,6.0,1,46.93,2.0,4.0,2.0,0.0,,,,,1,0,0,0,0.034482758620689655,False
10,3.0,0,10.6,0.0,2.0,0.0,0.0,8.0,2.0,25.0,1.0,0,1,0,0,0.0,False
33,0.0,2,41.94,1.0,7.0,2.0,0.0,,,,,1,0,0,0,0.06060606060606061,False
0,0.0,0,0.0,0.0,0.0,0.0,0.0,0.0,0.0,0.0,0.0,0,0,0,1,0.0,False
4,0.0,0,23.5,0.0,4.0,0.0,0.0,,,,,1,0,0,0,0.0,False
0,0.0,0,0.0,0.0,0.0,0.0,0.0,0.0,0.0,0.0,0.0,0,0,0,1,0.0,False
3,1.0,0,23.0,0.0,4.0,1.0,0.0,2.0,0.0,0.0,1.0,0,0,0,1,0.0,False
0,0.0,0,0.0,0.0,0.0,0.0,0.0,0.0,0.0,0.0,0.0,0,1,0,0,0.0,False
0,0.0,0,0.0,0.0,0.0,0.0,0.0,0.0,0.0,0.0,0.0,0,0,0,1,0.0,False
34,37.0,10,28.79,13.0,45.0,20.0,5.0,132.0,59.0,45.0,15.0,0,1,0,0,0.29411764705882354,True
0,0.0,0,0.0,0.0,0.0,0.0,0.0,0.0,0.0,0.0,0.0,0,0,0,1,0.0,False
27,2.0,1,37.19,3.0,44.0,4.0,0.0,,,,,1,0,0,0,0.037037037037037035,False
0,0.0,0,0.0,0.0,0.0,0.0,0.0,,,,,1,0,0,0,0.0,False
31,8.0,2,31.29,4.0,109.0,0.0,0.0,33.0,8.0,24.0,3.0,0,0,0,1,0.06451612903225806,False
0,0.0,0,0.0,0.0,0.0,0.0,0.0,0.0,0.0,0.0,0.0,0,1,0,0,0.0,False
0,0.0,0,0.0,0.0,0.0,0.0,0.0,0.0,0.0,0.0,0.0,0,1,0,0,0.0,False
11,1.0,0,22.27,0.0,0.0,0.0,0.0,,,,,1,0,0,0,0.0,False
0,0.0,0,0.0,0.0,0.0,0.0,0.0,0.0,0.0,0.0,0.0,0,1,0,0,0.0,False
1,0.0,0,6.0,0.0,0.0,0.0,0.0,1.0,0.0,0.0,0.0,0,0,0,1,0.0,False
0,0.0,0,0.0,0.0,0.0,0.0,0.0,0.0,0.0,0.0,0.0,0,0,0,1,0.0,False
37,28.0,5,33.54,8.0,136.0,4.0,3.0,78.0,29.0,37.0,9.0,0,0,0,1,0.13513513513513514,False
30,14.0,4,8.0,7.0,4.0,16.0,1.0,37.0,9.0,24.0,6.0,0,1,0,0,0.13333333333333333,False
0,0.0,0,0.0,0.0,0.0,0.0,0.0,0.0,0.0,0.0,0.0,0,1,0,0,0.0,False
0,,0,0.0,0.0,,,0.0,,,,,0,0,1,0,0.0,False
0,0.0,0,0.0,0.0,0.0,0.0,0.0,0.0,0.0,0.0,0.0,0,0,0,1,0.0,False
23,3.0,1,7.26,2.0,4.0,10.0,0.0,18.0,5.0,28.0,4.0,0,1,0,0,0.043478260869565216,False
0,0.0,0,0.0,0.0,0.0,0.0,0.0,0.0,0.0,0.0,0.0,0,1,0,0,0.0,False
15,2.0,1,56.27,1.0,2.0,0.0,0.0,,,,,1,0,0,0,0.06666666666666667,False
0,0.0,0,0.0,0.0,0.0,0.0,0.0,0.0,0.0,0.0,0.0,0,0,0,1,0.0,False
8,0.0,0,4.0,0.0,1.0,3.0,0.0,1.0,0.0,0.0,0.0,0,1,0,0,0.0,False
0,0.0,0,0.0,0.0,0.0,0.0,0.0,0.0,0.0,0.0,0.0,0,1,0,0,0.0,False
3,0.0,0,59.0,1.0,4.0,2.0,0.0,,,,,1,0,0,0,0.0,False
29,0.0,0,26.97,0.0,4.0,0.0,0.0,7.0,1.0,14.0,0.0,0,0,0,1,0.0,False
0,0.0,0,0.0,0.0,0.0,0.0,0.0,0.0,0.0,0.0,0.0,0,0,0,1,0.0,False
0,0.0,0,0.0,0.0,0.0,0.0,0.0,,,,,1,0,0,0,0.0,False
21,3.0,2,30.1,1.0,12.0,0.0,0.0,9.0,4.0,44.0,0.0,0,0,0,1,0.09523809523809523,False
0,0.0,0,0.0,0.0,0.0,0.0,0.0,0.0,0.0,0.0,0.0,0,1,0,0,0.0,False
17,5.0,0,12.18,0.0,24.0,4.0,0.0,11.0,4.0,36.0,0.0,0,1,0,0,0.0,False
0,0.0,0,0.0,0.0,0.0,0.0,0.0,0.0,0.0,0.0,0.0,0,1,0,0,0.0,False
5,0.0,0,21.2,0.0,12.0,1.0,0.0,,,,,1,0,0,0,0.0,False
3,0.0,0,1.0,0.0,1.0,0.0,0.0,0.0,0.0,0.0,0.0,0,1,0,0,0.0,False
13,2.0,0,10.77,1.0,1.0,3.0,4.0,15.0,5.0,33.0,3.0,0,1,0,0,0.0,False
1,1.0,0,0.0,0.0,0.0,0.0,0.0,1.0,0.0,0.0,0.0,0,0,0,1,0.0,False
0,0.0,0,0.0,0.0,0.0,0.0,0.0,0.0,0.0,0.0,0.0,0,0,0,1,0.0,False
33,3.0,3,45.58,5.0,41.0,1.0,0.0,17.0,6.0,35.0,0.0,0,0,0,1,0.09090909090909091,False
0,0.0,0,0.0,0.0,0.0,0.0,0.0,0.0,0.0,0.0,0.0,0,0,0,1,0.0,False
0,0.0,0,0.0,0.0,0.0,0.0,0.0,,,,,1,0,0,0,0.0,False
0,0.0,0,0.0,0.0,0.0,0.0,0.0,,,,,1,0,0,0,0.0,False
38,5.0,1,52.82,6.0,198.0,1.0,0.0,17.0,6.0,35.0,0.0,0,0,0,1,0.02631578947368421,False
7,,0,21.71,0.0,,,0.0,,,,,0,0,1,0,0.0,False
33,3.0,1,47.18,6.0,51.0,2.0,0.0,,,,,1,0,0,0,0.030303030303030304,False
0,0.0,0,0.0,0.0,0.0,0.0,0.0,,,,,1,0,0,0,0.0,False
0,0.0,0,0.0,0.0,0.0,0.0,0.0,,,,,1,0,0,0,0.0,False
0,,0,0.0,0.0,,,0.0,,,,,0,0,1,0,0.0,False
0,0.0,0,0.0,0.0,0.0,0.0,0.0,0.0,0.0,0.0,0.0,0,0,0,1,0.0,False
0,0.0,0,0.0,0.0,0.0,0.0,0.0,,,,,1,0,0,0,0.0,False
0,0.0,0,0.0,0.0,0.0,0.0,0.0,0.0,0.0,0.0,0.0,0,0,0,1,0.0,False
21,5.0,2,6.52,2.0,2.0,3.0,0.0,12.0,5.0,42.0,0.0,0,1,0,0,0.09523809523809523,False
0,0.0,0,0.0,0.0,0.0,0.0,0.0,0.0,0.0,0.0,0.0,0,0,0,1,0.0,False
0,0.0,0,0.0,0.0,0.0,0.0,0.0,0.0,0.0,0.0,0.0,0,0,0,1,0.0,False
31,1.0,0,31.52,0.0,2.0,0.0,0.0,,,,,1,0,0,0,0.0,False
0,0.0,0,0.0,0.0,0.0,0.0,0.0,0.0,0.0,0.0,0.0,0,0,0,1,0.0,False
0,0.0,0,0.0,0.0,0.0,0.0,0.0,0.0,0.0,0.0,0.0,0,1,0,0,0.0,False
0,0.0,0,0.0,0.0,0.0,0.0,0.0,0.0,0.0,0.0,0.0,0,1,0,0,0.0,False
0,0.0,0,0.0,0.0,0.0,0.0,0.0,,,,,1,0,0,0,0.0,False
0,0.0,0,0.0,0.0,0.0,0.0,0.0,0.0,0.0,0.0,0.0,0,0,0,1,0.0,False
0,0.0,0,0.0,0.0,0.0,0.0,0.0,,,,,1,0,0,0,0.0,False
0,0.0,0,0.0,0.0,0.0,0.0,0.0,0.0,0.0,0.0,0.0,0,0,0,1,0.0,False
0,0.0,0,0.0,0.0,0.0,0.0,0.0,0.0,0.0,0.0,0.0,0,1,0,0,0.0,False
28,4.0,1,7.0,1.0,18.0,0.0,0.0,14.0,6.0,43.0,0.0,0,1,0,0,0.03571428571428571,False
13,1.0,0,17.77,1.0,16.0,1.0,0.0,3.0,1.0,33.0,0.0,0,0,0,1,0.0,False
0,0.0,0,0.0,0.0,0.0,0.0,0.0,,,,,1,0,0,0,0.0,False
0,,0,0.0,0.0,,,0.0,,,,,0,0,1,0,0.0,False
0,0.0,0,0.0,0.0,0.0,0.0,0.0,,,,,1,0,0,0,0.0,False
24,2.0,0,63.88,0.0,0.0,0.0,0.0,,,,,1,0,0,0,0.0,False
0,0.0,0,0.0,0.0,0.0,0.0,0.0,0.0,0.0,0.0,0.0,0,0,0,1,0.0,False
0,,0,0.0,0.0,,,0.0,,,,,0,0,1,0,0.0,False
0,0.0,0,0.0,0.0,0.0,0.0,0.0,0.0,0.0,0.0,0.0,0,0,0,1,0.0,False
30,18.0,1,23.37,0.0,46.0,2.0,1.0,40.0,10.0,25.0,0.0,0,0,0,1,0.03333333333333333,False
18,4.0,2,46.44,1.0,72.0,6.0,0.0,9.0,3.0,33.0,1.0,0,0,0,1,0.1111111111111111,False
0,0.0,0,0.0,0.0,0.0,0.0,0.0,0.0,0.0,0.0,0.0,0,0,0,1,0.0,False
0,0.0,0,0.0,0.0,0.0,0.0,0.0,,,,,1,0,0,0,0.0,False
0,,0,0.0,0.0,,,0.0,,,,,0,0,1,0,0.0,False
0,0.0,0,0.0,0.0,0.0,0.0,0.0,0.0,0.0,0.0,0.0,0,1,0,0,0.0,False
2,0.0,0,2.0,0.0,0.0,0.0,0.0,0.0,0.0,0.0,0.0,0,1,0,0,0.0,False
0,0.0,0,0.0,0.0,0.0,0.0,0.0,0.0,0.0,0.0,0.0,0,0,0,1,0.0,False
0,0.0,0,0.0,0.0,0.0,0.0,0.0,,,,,0,0,0,1,0.0,False
0,0.0,0,0.0,0.0,0.0,0.0,0.0,0.0,0.0,0.0,0.0,0,0,0,1,0.0,False
0,,0,0.0,0.0,,,0.0,,,,,0,0,1,0,0.0,False
11,8.0,1,28.64,1.0,20.0,0.0,0.0,22.0,10.0,45.0,1.0,0,1,0,0,0.09090909090909091,False
29,5.0,3,12.03,5.0,48.0,4.0,0.0,17.0,6.0,35.0,3.0,0,1,0,0,0.10344827586206896,False
0,0.0,0,0.0,0.0,0.0,0.0,0.0,0.0,0.0,0.0,0.0,0,1,0,0,0.0,False
0,0.0,0,0.0,0.0,0.0,0.0,0.0,0.0,0.0,0.0,0.0,0,0,0,1,0.0,False
0,0.0,0,0.0,0.0,0.0,0.0,0.0,,,,,1,0,0,0,0.0,False
31,13.0,6,22.77,8.0,109.0,4.0,3.0,50.0,18.0,36.0,2.0,0,1,0,0,0.1935483870967742,False
12,,0,28.75,0.0,,,0.0,,,,,0,0,1,0,0.0,False
28,8.0,0,21.89,1.0,32.0,5.0,0.0,21.0,9.0,43.0,2.0,0,0,0,1,0.0,False
33,11.0,4,22.24,6.0,27.0,6.0,1.0,47.0,22.0,47.0,3.0,0,1,0,0,0.12121212121212122,False
0,0.0,0,0.0,0.0,0.0,0.0,0.0,0.0,0.0,0.0,0.0,0,0,0,1,0.0,False
0,0.0,0,0.0,0.0,0.0,0.0,0.0,,,,,1,0,0,0,0.0,False
38,,0,31.16,0.0,,,0.0,,,,,0,0,1,0,0.0,False
2,0.0,0,3.5,0.0,2.0,0.0,0.0,0.0,0.0,0.0,0.0,0,1,0,0,0.0,False
24,1.0,4,31.04,5.0,41.0,0.0,0.0,,,,,1,0,0,0,0.16666666666666666,False
0,0.0,0,0.0,0.0,0.0,0.0,0.0,,,,,1,0,0,0,0.0,False
16,5.0,3,64.63,3.0,6.0,2.0,0.0,22.0,8.0,36.0,3.0,0,0,0,1,0.1875,False
38,,0,26.5,0.0,,,0.0,,,,,0,0,1,0,0.0,False
0,0.0,0,0.0,0.0,0.0,0.0,0.0,,,,,1,0,0,0,0.0,False
0,0.0,0,0.0,0.0,0.0,0.0,0.0,0.0,0.0,0.0,0.0,0,0,0,1,0.0,False
0,0.0,0,0.0,0.0,0.0,0.0,0.0,0.0,0.0,0.0,0.0,0,1,0,0,0.0,False
0,0.0,0,0.0,0.0,0.0,0.0,0.0,0.0,0.0,0.0,0.0,0,0,0,1,0.0,False
27,8.0,2,19.3,3.0,21.0,1.0,1.0,16.0,3.0,19.0,0.0,0,0,0,1,0.07407407407407407,False
1,0.0,0,11.0,0.0,0.0,0.0,0.0,,,,,1,0,0,0,0.0,False
35,10.0,2,50.97,4.0,39.0,0.0,0.0,29.0,8.0,28.0,2.0,0,0,0,1,0.05714285714285714,False
0,0.0,0,0.0,0.0,0.0,0.0,0.0,0.0,0.0,0.0,0.0,0,0,0,1,0.0,False
0,0.0,0,0.0,0.0,0.0,0.0,0.0,0.0,0.0,0.0,0.0,0,0,0,1,0.0,False
36,24.0,3,14.69,4.0,8.0,17.0,1.0,80.0,35.0,44.0,11.0,0,1,0,0,0.08333333333333333,True
25,15.0,4,26.72,6.0,35.0,3.0,1.0,63.0,26.0,41.0,8.0,0,0,0,1,0.16,False
0,0.0,0,0.0,0.0,0.0,0.0,0.0,0.0,0.0,0.0,0.0,0,0,0,1,0.0,False
7,0.0,0,4.14,0.0,4.0,0.0,0.0,0.0,0.0,0.0,0.0,0,0,0,1,0.0,False
0,0.0,0,0.0,0.0,0.0,0.0,0.0,0.0,0.0,0.0,0.0,0,1,0,0,0.0,False
0,0.0,0,0.0,0.0,0.0,0.0,0.0,0.0,0.0,0.0,0.0,0,1,0,0,0.0,False
0,0.0,0,0.0,0.0,0.0,0.0,0.0,0.0,0.0,0.0,0.0,0,0,0,1,0.0,False
0,0.0,0,0.0,0.0,0.0,0.0,0.0,,,,,1,0,0,0,0.0,False
0,0.0,0,0.0,0.0,0.0,0.0,0.0,0.0,0.0,0.0,0.0,0,1,0,0,0.0,False
0,0.0,0,0.0,0.0,0.0,0.0,0.0,0.0,0.0,0.0,0.0,0,1,0,0,0.0,False
0,0.0,0,0.0,0.0,0.0,0.0,0.0,,,,,1,0,0,0,0.0,False
37,,1,25.54,0.0,,,0.0,,,,,0,0,1,0,0.02702702702702703,False
0,0.0,0,0.0,0.0,0.0,0.0,0.0,0.0,0.0,0.0,0.0,0,0,0,1,0.0,False
2,,0,18.0,0.0,,,0.0,,,,,0,0,1,0,0.0,False
31,18.0,7,30.35,9.0,33.0,13.0,6.0,95.0,44.0,46.0,13.0,0,1,0,0,0.22580645161290322,True
32,14.0,4,31.91,6.0,41.0,5.0,2.0,59.0,21.0,36.0,3.0,0,0,0,1,0.125,False
0,0.0,0,0.0,0.0,0.0,0.0,0.0,0.0,0.0,0.0,0.0,0,0,0,1,0.0,False
0,0.0,0,0.0,0.0,0.0,0.0,0.0,,,,,1,0,0,0,0.0,False
0,0.0,0,0.0,0.0,0.0,0.0,0.0,,,,,1,0,0,0,0.0,False
0,0.0,0,0.0,0.0,0.0,0.0,0.0,,,,,1,0,0,0,0.0,False
0,0.0,0,0.0,0.0,0.0,0.0,0.0,0.0,0.0,0.0,0.0,0,1,0,0,0.0,False
28,3.0,2,56.14,5.0,60.0,0.0,0.0,,,,,1,0,0,0,0.07142857142857142,False
38,8.0,3,45.61,1.0,28.0,2.0,2.0,31.0,9.0,29.0,1.0,0,0,0,1,0.07894736842105263,False
0,0.0,0,0.0,0.0,0.0,0.0,0.0,0.0,0.0,0.0,0.0,0,0,0,1,0.0,False
0,0.0,0,0.0,0.0,0.0,0.0,0.0,0.0,0.0,0.0,0.0,0,1,0,0,0.0,False
36,24.0,3,21.89,13.0,56.0,17.0,3.0,90.0,32.0,36.0,5.0,0,1,0,0,0.08333333333333333,True
27,4.0,4,40.19,5.0,173.0,2.0,1.0,,,,,1,0,0,0,0.14814814814814814,False
17,2.0,0,19.35,0.0,6.0,0.0,0.0,3.0,0.0,0.0,0.0,0,0,0,1,0.0,False
18,9.0,1,29.22,4.0,99.0,0.0,1.0,26.0,8.0,31.0,1.0,0,0,0,1,0.05555555555555555,False
38,29.0,8,30.55,10.0,9.0,6.0,4.0,99.0,39.0,39.0,20.0,0,1,0,0,0.21052631578947367,False
0,0.0,0,0.0,0.0,0.0,0.0,0.0,,,,,1,0,0,0,0.0,False
36,7.0,12,69.22,14.0,210.0,2.0,0.0,,,,,1,0,0,0,0.3333333333333333,False
16,3.0,1,8.63,1.0,15.0,1.0,0.0,12.0,4.0,33.0,1.0,0,1,0,0,0.0625,False
0,0.0,0,0.0,0.0,0.0,0.0,0.0,,,,,1,0,0,0,0.0,False
35,4.0,2,73.69,3.0,8.0,0.0,0.0,24.0,9.0,38.0,0.0,0,0,0,1,0.05714285714285714,False
36,12.0,1,12.89,1.0,15.0,22.0,2.0,67.0,30.0,45.0,11.0,0,1,0,0,0.027777777777777776,False
1,0.0,0,2.0,0.0,0.0,0.0,0.0,0.0,0.0,0.0,0.0,0,0,0,1,0.0,False
3,0.0,0,15.33,0.0,3.0,0.0,0.0,,,,,1,0,0,0,0.0,False
0,0.0,0,0.0,0.0,0.0,0.0,0.0,0.0,0.0,0.0,0.0,0,0,0,1,0.0,False
0,,0,0.0,0.0,,,0.0,,,,,0,0,1,0,0.0,False
30,5.0,0,35.87,4.0,6.0,1.0,0.0,8.0,0.0,0.0,0.0,0,0,0,1,0.0,False
0,0.0,0,0.0,0.0,0.0,0.0,0.0,0.0,0.0,0.0,0.0,0,1,0,0,0.0,False
23,1.0,0,36.39,1.0,45.0,0.0,0.0,,,,,1,0,0,0,0.0,False
38,23.0,2,53.24,3.0,34.0,0.0,2.0,61.0,10.0,16.0,0.0,0,0,0,1,0.05263157894736842,False
16,1.0,0,15.13,2.0,30.0,0.0,0.0,,,,,1,0,0,0,0.0,False
0,,0,0.0,0.0,,,0.0,,,,,0,0,1,0,0.0,False
20,3.0,0,74.6,2.0,7.0,0.0,0.0,,,,,1,0,0,0,0.0,False
38,,0,19.32,0.0,,,0.0,,,,,0,0,1,0,0.0,False
12,1.0,0,22.08,1.0,3.0,0.0,0.0,4.0,2.0,50.0,1.0,0,0,0,1,0.0,False
0,0.0,0,0.0,0.0,0.0,0.0,0.0,0.0,0.0,0.0,0.0,0,0,0,1,0.0,False
38,,0,32.11,0.0,,,0.0,,,,,0,0,1,0,0.0,False
6,1.0,0,26.5,0.0,13.0,2.0,0.0,1.0,0.0,0.0,0.0,0,0,0,1,0.0,False
26,14.0,4,16.58,8.0,45.0,3.0,2.0,46.0,21.0,46.0,4.0,0,1,0,0,0.15384615384615385,False
33,5.0,1,49.33,2.0,9.0,2.0,0.0,24.0,8.0,33.0,5.0,0,0,0,1,0.030303030303030304,False
0,0.0,0,0.0,0.0,0.0,0.0,0.0,0.0,0.0,0.0,0.0,0,0,0,1,0.0,False
26,4.0,5,25.96,6.0,67.0,10.0,1.0,13.0,4.0,31.0,1.0,0,0,0,1,0.19230769230769232,False
14,0.0,0,38.43,0.0,0.0,0.0,0.0,,,,,1,0,0,0,0.0,False
0,0.0,0,0.0,0.0,0.0,0.0,0.0,0.0,0.0,0.0,0.0,0,0,0,1,0.0,False
0,0.0,0,0.0,0.0,0.0,0.0,0.0,,,,,1,0,0,0,0.0,False
14,5.0,0,12.29,1.0,3.0,8.0,0.0,17.0,3.0,18.0,3.0,0,1,0,0,0.0,False
0,0.0,0,0.0,0.0,0.0,0.0,0.0,0.0,0.0,0.0,0.0,0,1,0,0,0.0,False
0,,0,0.0,0.0,,,0.0,,,,,0,0,1,0,0.0,False
0,0.0,0,0.0,0.0,0.0,0.0,0.0,0.0,0.0,0.0,0.0,0,0,0,1,0.0,False
0,0.0,0,0.0,0.0,0.0,0.0,0.0,,,,,1,0,0,0,0.0,False
0,0.0,0,0.0,0.0,0.0,0.0,0.0,,,,,1,0,0,0,0.0,False
1,1.0,0,7.0,0.0,0.0,0.0,0.0,2.0,0.0,0.0,0.0,0,0,0,1,0.0,False
0,,0,0.0,0.0,,,0.0,,,,,0,0,1,0,0.0,False
28,14.0,4,17.57,9.0,99.0,13.0,0.0,44.0,13.0,30.0,6.0,0,1,0,0,0.14285714285714285,False
0,0.0,0,0.0,0.0,0.0,0.0,0.0,0.0,0.0,0.0,0.0,0,0,0,1,0.0,False
22,5.0,0,34.59,0.0,12.0,2.0,0.0,,,,,1,0,0,0,0.0,False
8,2.0,0,15.13,0.0,15.0,1.0,0.0,,,,,1,0,0,0,0.0,False
17,6.0,1,18.47,2.0,9.0,1.0,0.0,18.0,10.0,56.0,2.0,0,0,0,1,0.058823529411764705,False
38,,0,27.18,0.0,,,0.0,,,,,0,0,1,0,0.0,False
15,1.0,0,37.4,0.0,8.0,0.0,0.0,6.0,0.0,0.0,0.0,0,0,0,1,0.0,False
23,7.0,1,27.43,2.0,33.0,0.0,0.0,25.0,7.0,28.0,0.0,0,0,0,1,0.043478260869565216,False
0,0.0,0,0.0,0.0,0.0,0.0,0.0,0.0,0.0,0.0,0.0,0,0,0,1,0.0,False
0,0.0,0,0.0,0.0,0.0,0.0,0.0,,,,,1,0,0,0,0.0,False
0,0.0,0,0.0,0.0,0.0,0.0,0.0,0.0,0.0,0.0,0.0,0,0,0,1,0.0,False
7,2.0,0,13.86,0.0,6.0,1.0,0.0,4.0,1.0,25.0,0.0,0,0,0,1,0.0,False
25,3.0,2,8.48,5.0,11.0,11.0,1.0,16.0,7.0,44.0,5.0,0,1,0,0,0.08,False
24,4.0,0,47.63,1.0,38.0,4.0,0.0,,,,,1,0,0,0,0.0,False
26,15.0,2,40.15,7.0,89.0,1.0,2.0,45.0,14.0,31.0,1.0,0,0,0,1,0.07692307692307693,False
0,0.0,0,0.0,0.0,0.0,0.0,0.0,,,,,1,0,0,0,0.0,False
25,5.0,4,37.92,4.0,68.0,2.0,0.0,,,,,1,0,0,0,0.16,False
35,20.0,3,29.11,5.0,131.0,2.0,1.0,46.0,14.0,30.0,3.0,0,0,0,1,0.08571428571428572,False
27,15.0,10,54.93,11.0,33.0,3.0,1.0,47.0,18.0,38.0,4.0,0,0,0,1,0.37037037037037035,False
0,0.0,0,0.0,0.0,0.0,0.0,0.0,0.0,0.0,0.0,0.0,0,1,0,0,0.0,False
4,1.0,0,23.25,0.0,0.0,0.0,0.0,,,,,1,0,0,0,0.0,False
0,0.0,0,0.0,0.0,0.0,0.0,0.0,0.0,0.0,0.0,0.0,0,0,0,1,0.0,False
0,0.0,0,0.0,0.0,0.0,0.0,0.0,0.0,0.0,0.0,0.0,0,1,0,0,0.0,False
29,3.0,1,42.97,1.0,23.0,2.0,1.0,15.0,4.0,27.0,3.0,0,0,0,1,0.034482758620689655,False
0,0.0,0,0.0,0.0,0.0,0.0,0.0,0.0,0.0,0.0,0.0,0,0,0,1,0.0,False
7,0.0,0,5.43,0.0,0.0,0.0,0.0,0.0,0.0,0.0,0.0,0,0,0,1,0.0,False
0,0.0,0,0.0,0.0,0.0,0.0,0.0,0.0,0.0,0.0,0.0,0,0,0,1,0.0,False
0,0.0,0,0.0,0.0,0.0,0.0,0.0,0.0,0.0,0.0,0.0,0,0,0,1,0.0,False
0,0.0,0,0.0,0.0,0.0,0.0,0.0,0.0,0.0,0.0,0.0,0,1,0,0,0.0,False
9,2.0,2,22.89,0.0,5.0,0.0,1.0,6.0,0.0,0.0,0.0,0,0,0,1,0.2222222222222222,False
0,0.0,0,0.0,0.0,0.0,0.0,0.0,,,,,1,0,0,0,0.0,False
24,1.0,1,35.04,2.0,28.0,2.0,0.0,,,,,1,0,0,0,0.041666666666666664,False
2,0.0,0,17.5,0.0,1.0,0.0,0.0,0.0,0.0,0.0,0.0,0,0,0,1,0.0,False
24,5.0,5,21.04,5.0,136.0,4.0,1.0,21.0,10.0,48.0,2.0,0,0,0,1,0.20833333333333334,False
19,2.0,0,54.16,2.0,1.0,1.0,1.0,,,,,1,0,0,0,0.0,False
32,14.0,1,13.47,1.0,6.0,4.0,2.0,32.0,8.0,25.0,6.0,0,1,0,0,0.03125,False
30,19.0,10,26.57,12.0,77.0,17.0,3.0,81.0,38.0,47.0,6.0,0,1,0,0,0.3333333333333333,True
0,,0,0.0,0.0,,,0.0,,,,,0,0,1,0,0.0,False
0,0.0,0,0.0,0.0,0.0,0.0,0.0,0.0,0.0,0.0,0.0,0,1,0,0,0.0,False
0,0.0,0,0.0,0.0,0.0,0.0,0.0,,,,,1,0,0,0,0.0,False
13,4.0,0,30.31,0.0,2.0,0.0,0.0,20.0,8.0,40.0,3.0,0,0,0,1,0.0,False
34,0.0,1,68.21,1.0,4.0,1.0,0.0,,,,,1,0,0,0,0.029411764705882353,False
0,0.0,0,0.0,0.0,0.0,0.0,0.0,,,,,1,0,0,0,0.0,False
0,,0,0.0,0.0,,,0.0,,,,,0,0,1,0,0.0,False
0,0.0,0,0.0,0.0,0.0,0.0,0.0,0.0,0.0,0.0,0.0,0,0,0,1,0.0,False
8,0.0,0,2.25,0.0,0.0,0.0,0.0,2.0,1.0,50.0,0.0,0,1,0,0,0.0,False
19,0.0,2,31.63,4.0,36.0,1.0,0.0,,,,,1,0,0,0,0.10526315789473684,False
15,7.0,0,17.4,0.0,37.0,1.0,1.0,18.0,7.0,39.0,0.0,0,0,0,1,0.0,False
0,0.0,0,0.0,0.0,0.0,0.0,0.0,,,,,1,0,0,0,0.0,False
0,,0,0.0,0.0,,,0.0,,,,,0,0,1,0,0.0,False
1,,0,2.0,0.0,,,0.0,,,,,0,0,1,0,0.0,False
0,,0,0.0,0.0,,,0.0,,,,,0,0,1,0,0.0,False
0,,0,0.0,0.0,,,0.0,,,,,0,0,1,0,0.0,False
0,,0,0.0,0.0,,,0.0,,,,,0,0,1,0,0.0,False
33,6.0,1,50.76,2.0,4.0,0.0,0.0,19.0,2.0,11.0,0.0,0,0,0,1,0.030303030303030304,False
0,0.0,0,0.0,0.0,0.0,0.0,0.0,,,,,1,0,0,0,0.0,False
0,0.0,0,0.0,0.0,0.0,0.0,0.0,,,,,1,0,0,0,0.0,False
29,4.0,0,43.83,1.0,1.0,1.0,1.0,,,,,1,0,0,0,0.0,False
38,7.0,4,38.66,9.0,123.0,2.0,0.0,,,,,1,0,0,0,0.10526315789473684,False
0,0.0,0,0.0,0.0,0.0,0.0,0.0,0.0,0.0,0.0,0.0,0,1,0,0,0.0,False
24,7.0,0,16.83,1.0,6.0,0.0,1.0,19.0,6.0,32.0,0.0,0,0,0,1,0.0,False
16,1.0,0,64.69,0.0,0.0,1.0,0.0,,,,,1,0,0,0,0.0,False
0,0.0,0,0.0,0.0,0.0,0.0,0.0,0.0,0.0,0.0,0.0,0,1,0,0,0.0,False
0,0.0,0,0.0,0.0,0.0,0.0,0.0,0.0,0.0,0.0,0.0,0,0,0,1,0.0,False
5,1.0,0,25.4,0.0,3.0,0.0,0.0,1.0,0.0,0.0,0.0,0,0,0,1,0.0,False
4,0.0,0,2.25,0.0,1.0,0.0,0.0,2.0,0.0,0.0,1.0,0,1,0,0,0.0,False
0,0.0,0,0.0,0.0,0.0,0.0,0.0,,,,,1,0,0,0,0.0,False
0,0.0,0,0.0,0.0,0.0,0.0,0.0,0.0,0.0,0.0,0.0,0,1,0,0,0.0,False
6,1.0,0,33.5,0.0,2.0,0.0,0.0,,,,,1,0,0,0,0.0,False
0,0.0,0,0.0,0.0,0.0,0.0,0.0,0.0,0.0,0.0,0.0,0,1,0,0,0.0,False
28,1.0,2,33.82,8.0,81.0,0.0,0.0,,,,,1,0,0,0,0.07142857142857142,False
38,6.0,2,35.53,6.0,4.0,3.0,0.0,,,,,1,0,0,0,0.05263157894736842,False
0,0.0,0,0.0,0.0,0.0,0.0,0.0,0.0,0.0,0.0,0.0,0,1,0,0,0.0,False
0,0.0,0,0.0,0.0,0.0,0.0,0.0,,,,,1,0,0,0,0.0,False
14,1.0,0,29.93,1.0,9.0,0.0,0.0,,,,,1,0,0,0,0.0,False
0,0.0,0,0.0,0.0,0.0,0.0,0.0,0.0,0.0,0.0,0.0,0,1,0,0,0.0,False
1,0.0,0,1.0,0.0,0.0,0.0,0.0,1.0,1.0,100.0,0.0,0,0,0,1,0.0,False
30,10.0,1,43.1,1.0,4.0,0.0,2.0,23.0,4.0,17.0,0.0,0,0,0,1,0.03333333333333333,False
0,0.0,0,0.0,0.0,0.0,0.0,0.0,,,,,1,0,0,0,0.0,False
0,0.0,0,0.0,0.0,0.0,0.0,0.0,,,,,1,0,0,0,0.0,False
37,21.0,6,48.11,8.0,81.0,1.0,1.0,56.0,13.0,23.0,1.0,0,0,0,1,0.16216216216216217,False
15,1.0,1,29.4,1.0,44.0,0.0,0.0,,,,,1,0,0,0,0.06666666666666667,False
0,0.0,0,0.0,0.0,0.0,0.0,0.0,,,,,1,0,0,0,0.0,False
0,0.0,0,0.0,0.0,0.0,0.0,0.0,0.0,0.0,0.0,0.0,0,0,0,1,0.0,False
18,0.0,1,37.28,0.0,1.0,1.0,0.0,,,,,1,0,0,0,0.05555555555555555,False
15,1.0,0,76.73,0.0,4.0,1.0,0.0,,,,,1,0,0,0,0.0,False
0,0.0,0,0.0,0.0,0.0,0.0,0.0,0.0,0.0,0.0,0.0,0,1,0,0,0.0,False
29,4.0,1,31.14,0.0,12.0,0.0,0.0,21.0,6.0,29.0,1.0,0,0,0,1,0.034482758620689655,False
0,0.0,0,0.0,0.0,0.0,0.0,0.0,,,,,1,0,0,0,0.0,False
10,3.0,0,9.8,1.0,4.0,2.0,0.0,15.0,5.0,33.0,1.0,0,1,0,0,0.0,False
24,4.0,1,16.38,3.0,67.0,1.0,0.0,12.0,5.0,42.0,0.0,0,0,0,1,0.041666666666666664,False
37,15.0,9,19.27,10.0,183.0,6.0,2.0,43.0,12.0,28.0,4.0,0,1,0,0,0.24324324324324326,False
1,,0,25.0,0.0,,,0.0,,,,,0,0,1,0,0.0,False
34,22.0,1,10.71,0.0,67.0,6.0,2.0,50.0,17.0,34.0,3.0,0,0,0,1,0.029411764705882353,False
0,0.0,0,0.0,0.0,0.0,0.0,0.0,,,,,1,0,0,0,0.0,False
31,8.0,3,22.9,5.0,75.0,4.0,2.0,41.0,12.0,29.0,8.0,0,1,0,0,0.0967741935483871,False
16,3.0,0,38.44,0.0,0.0,2.0,0.0,11.0,2.0,18.0,0.0,0,0,0,1,0.0,False
0,0.0,0,0.0,0.0,0.0,0.0,0.0,0.0,0.0,0.0,0.0,0,0,0,1,0.0,False
5,0.0,0,27.2,0.0,1.0,0.0,0.0,,,,,1,0,0,0,0.0,False
0,,0,0.0,0.0,,,0.0,,,,,0,0,1,0,0.0,False
0,0.0,0,0.0,0.0,0.0,0.0,0.0,0.0,0.0,0.0,0.0,0,1,0,0,0.0,False
0,0.0,0,0.0,0.0,0.0,0.0,0.0,0.0,0.0,0.0,0.0,0,1,0,0,0.0,False
0,0.0,0,0.0,0.0,0.0,0.0,0.0,0.0,0.0,0.0,0.0,0,1,0,0,0.0,False
0,0.0,0,0.0,0.0,0.0,0.0,0.0,,,,,1,0,0,0,0.0,False
11,1.0,0,20.18,2.0,11.0,3.0,0.0,,,,,1,0,0,0,0.0,False
2,0.0,0,59.0,0.0,1.0,0.0,0.0,,,,,1,0,0,0,0.0,False
29,9.0,2,41.93,5.0,92.0,2.0,1.0,,,,,1,0,0,0,0.06896551724137931,False
0,0.0,0,0.0,0.0,0.0,0.0,0.0,,,,,1,0,0,0,0.0,False
38,5.0,1,85.76,2.0,0.0,1.0,1.0,,,,,1,0,0,0,0.02631578947368421,False
0,0.0,0,0.0,0.0,0.0,0.0,0.0,0.0,0.0,0.0,0.0,0,0,0,1,0.0,False
35,18.0,5,12.63,12.0,31.0,28.0,4.0,89.0,43.0,48.0,18.0,0,1,0,0,0.14285714285714285,True
4,0.0,0,2.75,0.0,0.0,2.0,0.0,1.0,0.0,0.0,0.0,0,1,0,0,0.0,False
0,,0,0.0,0.0,,,0.0,,,,,0,0,1,0,0.0,False
23,1.0,1,47.87,2.0,19.0,0.0,0.0,,,,,1,0,0,0,0.043478260869565216,False
19,2.0,0,43.26,1.0,1.0,0.0,1.0,,,,,1,0,0,0,0.0,False
0,0.0,0,0.0,0.0,0.0,0.0,0.0,0.0,0.0,0.0,0.0,0,0,0,1,0.0,False
0,0.0,0,0.0,0.0,0.0,0.0,0.0,0.0,0.0,0.0,0.0,0,1,0,0,0.0,False
1,0.0,0,58.0,0.0,1.0,0.0,0.0,,,,,1,0,0,0,0.0,False
0,,0,0.0,0.0,,,0.0,,,,,0,0,1,0,0.0,False
20,5.0,0,22.6,1.0,6.0,1.0,0.0,14.0,3.0,21.0,2.0,0,0,0,1,0.0,False
19,1.0,1,7.16,1.0,3.0,3.0,1.0,18.0,10.0,56.0,7.0,0,1,0,0,0.05263157894736842,False
25,12.0,3,14.16,7.0,42.0,10.0,1.0,31.0,10.0,32.0,5.0,0,1,0,0,0.12,False
29,5.0,4,66.86,1.0,54.0,3.0,0.0,,,,,1,0,0,0,0.13793103448275862,False
13,2.0,0,40.92,2.0,19.0,2.0,0.0,,,,,1,0,0,0,0.0,False
0,0.0,0,0.0,0.0,0.0,0.0,0.0,0.0,0.0,0.0,0.0,0,1,0,0,0.0,False
0,,0,0.0,0.0,,,0.0,,,,,0,0,1,0,0.0,False
35,2.0,4,47.17,4.0,103.0,1.0,0.0,,,,,1,0,0,0,0.11428571428571428,False
2,0.0,0,9.5,0.0,0.0,0.0,0.0,0.0,0.0,0.0,0.0,0,0,0,1,0.0,False
0,0.0,0,0.0,0.0,0.0,0.0,0.0,,,,,1,0,0,0,0.0,False
38,14.0,3,43.84,7.0,267.0,0.0,1.0,57.0,26.0,46.0,5.0,0,0,0,1,0.07894736842105263,False
0,0.0,0,0.0,0.0,0.0,0.0,0.0,0.0,0.0,0.0,0.0,0,1,0,0,0.0,False
0,0.0,0,0.0,0.0,0.0,0.0,0.0,0.0,0.0,0.0,0.0,0,0,0,1,0.0,False
1,0.0,0,3.0,0.0,0.0,0.0,0.0,,,,,1,0,0,0,0.0,False
31,3.0,1,60.65,2.0,6.0,0.0,0.0,,,,,1,0,0,0,0.03225806451612903,False
18,4.0,0,9.17,0.0,1.0,2.0,0.0,22.0,9.0,41.0,5.0,0,1,0,0,0.0,False
0,0.0,0,0.0,0.0,0.0,0.0,0.0,0.0,0.0,0.0,0.0,0,1,0,0,0.0,False
21,8.0,1,17.48,1.0,7.0,14.0,1.0,35.0,18.0,51.0,5.0,0,1,0,0,0.047619047619047616,False
35,5.0,6,49.74,11.0,146.0,1.0,0.0,13.0,3.0,23.0,0.0,0,0,0,1,0.17142857142857143,False
0,0.0,0,0.0,0.0,0.0,0.0,0.0,0.0,0.0,0.0,0.0,0,0,0,1,0.0,False
0,0.0,0,0.0,0.0,0.0,0.0,0.0,,,,,1,0,0,0,0.0,False
0,,0,0.0,0.0,,,0.0,,,,,0,0,1,0,0.0,False
6,0.0,1,7.67,1.0,0.0,1.0,0.0,3.0,2.0,67.0,1.0,0,1,0,0,0.16666666666666666,False
37,5.0,0,43.92,0.0,5.0,1.0,0.0,36.0,15.0,42.0,2.0,0,0,0,1,0.0,False
0,0.0,0,0.0,0.0,0.0,0.0,0.0,0.0,0.0,0.0,0.0,0,1,0,0,0.0,False
32,7.0,1,52.16,0.0,3.0,1.0,1.0,26.0,3.0,12.0,0.0,0,0,0,1,0.03125,False
19,5.0,2,22.58,2.0,32.0,1.0,0.0,,,,,1,0,0,0,0.10526315789473684,False
0,0.0,0,0.0,0.0,0.0,0.0,0.0,0.0,0.0,0.0,0.0,0,0,0,1,0.0,False
36,23.0,7,39.89,12.0,174.0,4.0,1.0,71.0,29.0,41.0,4.0,0,1,0,0,0.19444444444444445,False
29,3.0,1,11.83,1.0,9.0,0.0,0.0,15.0,5.0,33.0,2.0,0,0,0,1,0.034482758620689655,False
0,0.0,0,0.0,0.0,0.0,0.0,0.0,,,,,1,0,0,0,0.0,False
8,0.0,0,9.38,0.0,0.0,0.0,0.0,0.0,0.0,0.0,0.0,0,0,0,1,0.0,False
35,10.0,1,14.57,4.0,27.0,32.0,0.0,55.0,21.0,38.0,10.0,0,1,0,0,0.02857142857142857,False
31,4.0,0,54.65,1.0,28.0,0.0,0.0,14.0,2.0,14.0,0.0,0,0,0,1,0.0,False
0,,0,0.0,0.0,,,0.0,,,,,0,0,1,0,0.0,False
0,0.0,0,0.0,0.0,0.0,0.0,0.0,0.0,0.0,0.0,0.0,0,0,0,1,0.0,False
32,8.0,1,14.38,1.0,8.0,35.0,0.0,65.0,31.0,48.0,20.0,0,1,0,0,0.03125,True
0,0.0,0,0.0,0.0,0.0,0.0,0.0,0.0,0.0,0.0,0.0,0,1,0,0,0.0,False
0,,0,0.0,0.0,,,0.0,,,,,0,0,1,0,0.0,False
0,0.0,0,0.0,0.0,0.0,0.0,0.0,,,,,1,0,0,0,0.0,False
0,0.0,0,0.0,0.0,0.0,0.0,0.0,0.0,0.0,0.0,0.0,0,0,0,1,0.0,False
0,0.0,0,0.0,0.0,0.0,0.0,0.0,0.0,0.0,0.0,0.0,0,1,0,0,0.0,False
31,3.0,2,61.39,1.0,16.0,0.0,0.0,11.0,3.0,27.0,0.0,0,0,0,1,0.06451612903225806,False
0,0.0,0,0.0,0.0,0.0,0.0,0.0,,,,,1,0,0,0,0.0,False
23,4.0,1,17.52,6.0,20.0,8.0,1.0,26.0,13.0,50.0,2.0,0,1,0,0,0.043478260869565216,False
16,0.0,0,15.38,0.0,28.0,2.0,0.0,,,,,1,0,0,0,0.0,False
8,0.0,0,33.38,0.0,0.0,0.0,0.0,,,,,1,0,0,0,0.0,False
12,0.0,0,47.58,2.0,62.0,0.0,0.0,,,,,1,0,0,0,0.0,False
10,0.0,0,24.9,1.0,16.0,0.0,0.0,,,,,1,0,0,0,0.0,False
38,22.0,3,28.79,4.0,68.0,16.0,1.0,61.0,17.0,28.0,5.0,0,1,0,0,0.07894736842105263,False
0,0.0,0,0.0,0.0,0.0,0.0,0.0,,,,,1,0,0,0,0.0,False
0,0.0,0,0.0,0.0,0.0,0.0,0.0,,,,,1,0,0,0,0.0,False
0,0.0,0,0.0,0.0,0.0,0.0,0.0,,,,,1,0,0,0,0.0,False
0,,0,0.0,0.0,,,0.0,,,,,0,0,1,0,0.0,False
17,1.0,1,38.88,0.0,0.0,0.0,0.0,,,,,1,0,0,0,0.058823529411764705,False
19,7.0,0,63.68,2.0,52.0,1.0,0.0,16.0,3.0,19.0,0.0,1,0,0,0,0.0,False
5,1.0,0,3.6,0.0,1.0,0.0,0.0,1.0,0.0,0.0,0.0,0,1,0,0,0.0,False
0,0.0,0,0.0,0.0,0.0,0.0,0.0,0.0,0.0,0.0,0.0,0,1,0,0,0.0,False
28,1.0,0,74.29,0.0,0.0,1.0,0.0,,,,,1,0,0,0,0.0,False
22,5.0,1,9.32,1.0,6.0,4.0,0.0,32.0,13.0,41.0,4.0,0,1,0,0,0.045454545454545456,False
36,10.0,5,16.94,9.0,6.0,19.0,1.0,55.0,31.0,56.0,17.0,0,1,0,0,0.1388888888888889,False
33,2.0,0,57.73,0.0,2.0,2.0,0.0,,,,,1,0,0,0,0.0,False
0,0.0,0,0.0,0.0,0.0,0.0,0.0,0.0,0.0,0.0,0.0,0,0,0,1,0.0,False
3,,0,26.67,0.0,,,0.0,,,,,0,0,1,0,0.0,False
0,0.0,0,0.0,0.0,0.0,0.0,0.0,0.0,0.0,0.0,0.0,0,0,0,1,0.0,False
0,0.0,0,0.0,0.0,0.0,0.0,0.0,0.0,0.0,0.0,0.0,0,1,0,0,0.0,False
12,2.0,1,14.25,3.0,1.0,1.0,0.0,19.0,12.0,63.0,2.0,0,1,0,0,0.08333333333333333,False
14,1.0,0,33.57,1.0,39.0,0.0,0.0,,,,,1,0,0,0,0.0,False
1,0.0,0,56.0,0.0,0.0,0.0,0.0,,,,,1,0,0,0,0.0,False
31,3.0,1,47.16,1.0,52.0,2.0,0.0,,,,,1,0,0,0,0.03225806451612903,False
21,5.0,1,29.86,1.0,61.0,1.0,0.0,,,,,1,0,0,0,0.047619047619047616,False
33,1.0,0,28.39,1.0,7.0,1.0,0.0,,,,,1,0,0,0,0.0,False
0,0.0,0,0.0,0.0,0.0,0.0,0.0,0.0,0.0,0.0,0.0,0,1,0,0,0.0,False
10,1.0,0,75.1,0.0,1.0,0.0,0.0,,,,,1,0,0,0,0.0,False
31,7.0,5,24.16,8.0,118.0,4.0,1.0,21.0,10.0,48.0,1.0,0,0,0,1,0.16129032258064516,False
25,4.0,0,57.48,1.0,1.0,0.0,1.0,,,,,1,0,0,0,0.0,False
0,0.0,0,0.0,0.0,0.0,0.0,0.0,,,,,1,0,0,0,0.0,False
9,1.0,2,50.89,1.0,55.0,1.0,1.0,,,,,1,0,0,0,0.2222222222222222,False
36,21.0,7,66.14,14.0,297.0,5.0,2.0,,,,,1,0,0,0,0.19444444444444445,False
0,0.0,0,0.0,0.0,0.0,0.0,0.0,,,,,1,0,0,0,0.0,False
36,7.0,3,38.25,4.0,62.0,6.0,1.0,25.0,8.0,32.0,1.0,0,0,0,1,0.08333333333333333,False
33,,0,29.94,0.0,,,0.0,,,,,0,0,1,0,0.0,False
24,1.0,0,43.96,0.0,4.0,0.0,0.0,7.0,2.0,29.0,0.0,0,0,0,1,0.0,False
15,3.0,1,22.0,2.0,10.0,1.0,1.0,12.0,4.0,33.0,3.0,0,0,0,1,0.06666666666666667,False
34,11.0,1,25.0,4.0,39.0,6.0,2.0,33.0,15.0,45.0,3.0,0,0,0,1,0.029411764705882353,False
13,8.0,0,39.08,3.0,24.0,2.0,2.0,,,,,1,0,0,0,0.0,False
0,0.0,0,0.0,0.0,0.0,0.0,0.0,,,,,1,0,0,0,0.0,False
15,4.0,0,29.13,1.0,3.0,1.0,0.0,7.0,2.0,29.0,0.0,0,0,0,1,0.0,False
3,0.0,1,21.0,1.0,0.0,0.0,0.0,1.0,1.0,100.0,0.0,0,1,0,0,0.3333333333333333,False
12,1.0,0,37.83,0.0,1.0,0.0,0.0,,,,,1,0,0,0,0.0,False
25,1.0,0,40.24,2.0,19.0,1.0,0.0,,,,,1,0,0,0,0.0,False
0,,0,0.0,0.0,,,0.0,,,,,0,0,1,0,0.0,False
31,2.0,1,63.16,0.0,12.0,1.0,1.0,,,,,1,0,0,0,0.03225806451612903,False
1,0.0,0,1.0,0.0,0.0,0.0,0.0,0.0,0.0,0.0,0.0,0,0,0,1,0.0,False
0,0.0,0,0.0,0.0,0.0,0.0,0.0,0.0,0.0,0.0,0.0,0,1,0,0,0.0,False
28,5.0,1,31.29,2.0,23.0,2.0,0.0,14.0,3.0,21.0,0.0,0,0,0,1,0.03571428571428571,False
0,0.0,0,0.0,0.0,0.0,0.0,0.0,0.0,0.0,0.0,0.0,0,0,0,1,0.0,False
0,0.0,0,0.0,0.0,0.0,0.0,0.0,0.0,0.0,0.0,0.0,0,0,0,1,0.0,False
26,14.0,5,17.42,3.0,31.0,15.0,6.0,63.0,25.0,40.0,9.0,0,1,0,0,0.19230769230769232,True
0,0.0,0,0.0,0.0,0.0,0.0,0.0,0.0,0.0,0.0,0.0,0,1,0,0,0.0,False
36,,0,23.28,0.0,,,0.0,,,,,0,0,1,0,0.0,False
33,20.0,5,37.45,4.0,40.0,4.0,1.0,55.0,11.0,20.0,1.0,0,0,0,1,0.15151515151515152,False
7,,0,29.29,0.0,,,0.0,,,,,0,0,1,0,0.0,False
0,0.0,0,0.0,0.0,0.0,0.0,0.0,0.0,0.0,0.0,0.0,0,0,0,1,0.0,False
0,0.0,0,0.0,0.0,0.0,0.0,0.0,,,,,1,0,0,0,0.0,False
0,,0,0.0,0.0,,,0.0,,,,,0,0,1,0,0.0,False
0,0.0,0,0.0,0.0,0.0,0.0,0.0,,,,,1,0,0,0,0.0,False
0,0.0,0,0.0,0.0,0.0,0.0,0.0,0.0,0.0,0.0,0.0,0,0,0,1,0.0,False
29,13.0,3,21.52,3.0,38.0,17.0,2.0,57.0,22.0,39.0,7.0,0,1,0,0,0.10344827586206896,True
19,1.0,3,41.68,6.0,35.0,1.0,0.0,,,,,1,0,0,0,0.15789473684210525,False
0,,0,0.0,0.0,,,0.0,,,,,0,0,1,0,0.0,False
0,0.0,0,0.0,0.0,0.0,0.0,0.0,0.0,0.0,0.0,0.0,0,1,0,0,0.0,False
33,12.0,3,19.18,0.0,31.0,5.0,0.0,26.0,11.0,42.0,2.0,0,1,0,0,0.09090909090909091,False
38,10.0,0,62.66,5.0,82.0,2.0,0.0,,,,,1,0,0,0,0.0,False
0,0.0,0,0.0,0.0,0.0,0.0,0.0,0.0,0.0,0.0,0.0,0,0,0,1,0.0,False
0,0.0,0,0.0,0.0,0.0,0.0,0.0,0.0,0.0,0.0,0.0,0,0,0,1,0.0,False
26,1.0,2,72.58,3.0,37.0,5.0,0.0,,,,,1,0,0,0,0.07692307692307693,False
12,1.0,0,46.83,0.0,0.0,0.0,0.0,,,,,1,0,0,0,0.0,False
0,0.0,0,0.0,0.0,0.0,0.0,0.0,,,,,1,0,0,0,0.0,False
0,0.0,0,0.0,0.0,0.0,0.0,0.0,0.0,0.0,0.0,0.0,0,0,0,1,0.0,False
0,0.0,0,0.0,0.0,0.0,0.0,0.0,0.0,0.0,0.0,0.0,0,0,0,1,0.0,False
14,1.0,0,34.43,0.0,3.0,0.0,1.0,,,,,1,0,0,0,0.0,False
32,8.0,2,28.03,5.0,62.0,10.0,0.0,,,,,1,0,0,0,0.0625,False
20,6.0,2,18.3,2.0,40.0,5.0,2.0,38.0,19.0,50.0,2.0,0,1,0,0,0.1,True
0,0.0,0,0.0,0.0,0.0,0.0,0.0,,,,,1,0,0,0,0.0,False
0,0.0,0,0.0,0.0,0.0,0.0,0.0,0.0,0.0,0.0,0.0,0,1,0,0,0.0,False
38,17.0,7,13.39,5.0,3.0,18.0,4.0,107.0,48.0,45.0,21.0,0,1,0,0,0.18421052631578946,True
0,0.0,0,0.0,0.0,0.0,0.0,0.0,0.0,0.0,0.0,0.0,0,0,0,1,0.0,False
0,0.0,0,0.0,0.0,0.0,0.0,0.0,,,,,1,0,0,0,0.0,False
4,0.0,0,27.25,0.0,10.0,0.0,0.0,,,,,1,0,0,0,0.0,False
26,13.0,1,28.96,6.0,61.0,6.0,2.0,39.0,12.0,31.0,3.0,0,0,0,1,0.038461538461538464,False
0,0.0,0,0.0,0.0,0.0,0.0,0.0,0.0,0.0,0.0,0.0,0,0,0,1,0.0,False
22,12.0,0,13.82,0.0,8.0,17.0,0.0,38.0,13.0,34.0,3.0,0,1,0,0,0.0,False
0,0.0,0,0.0,0.0,0.0,0.0,0.0,0.0,0.0,0.0,0.0,0,1,0,0,0.0,False
30,2.0,1,27.57,2.0,1.0,5.0,0.0,,,,,1,0,0,0,0.03333333333333333,False
31,2.0,1,34.1,1.0,25.0,6.0,1.0,,,,,1,0,0,0,0.03225806451612903,False
0,0.0,0,0.0,0.0,0.0,0.0,0.0,0.0,0.0,0.0,0.0,0,0,0,1,0.0,False
18,2.0,1,9.28,2.0,5.0,11.0,0.0,12.0,6.0,50.0,3.0,0,1,0,0,0.05555555555555555,False
0,,0,0.0,0.0,,,0.0,,,,,0,0,1,0,0.0,False
0,0.0,0,0.0,0.0,0.0,0.0,0.0,0.0,0.0,0.0,0.0,0,0,0,1,0.0,False
36,0.0,1,57.44,1.0,0.0,0.0,0.0,,,,,1,0,0,0,0.027777777777777776,False
25,6.0,2,44.56,4.0,54.0,1.0,0.0,,,,,1,0,0,0,0.08,False
0,0.0,0,0.0,0.0,0.0,0.0,0.0,,,,,1,0,0,0,0.0,False
0,0.0,0,0.0,0.0,0.0,0.0,0.0,,,,,1,0,0,0,0.0,False
30,7.0,6,16.13,5.0,44.0,2.0,0.0,35.0,12.0,34.0,3.0,0,1,0,0,0.2,False
6,1.0,0,13.17,0.0,5.0,0.0,0.0,2.0,0.0,0.0,0.0,0,0,0,1,0.0,False
0,0.0,0,0.0,0.0,0.0,0.0,0.0,0.0,0.0,0.0,0.0,0,0,0,1,0.0,False
30,10.0,1,19.17,0.0,3.0,14.0,3.0,71.0,34.0,48.0,5.0,0,1,0,0,0.03333333333333333,True
2,1.0,0,27.5,0.0,1.0,0.0,0.0,,,,,1,0,0,0,0.0,False
15,3.0,1,29.07,2.0,23.0,2.0,0.0,10.0,2.0,20.0,0.0,0,0,0,1,0.06666666666666667,False
21,1.0,3,19.81,0.0,13.0,1.0,1.0,15.0,6.0,40.0,5.0,0,1,0,0,0.14285714285714285,False
0,0.0,0,0.0,0.0,0.0,0.0,0.0,0.0,0.0,0.0,0.0,0,0,0,1,0.0,False
12,2.0,0,21.0,0.0,14.0,0.0,0.0,6.0,2.0,33.0,0.0,0,1,0,0,0.0,False
3,2.0,0,24.67,0.0,5.0,0.0,0.0,,,,,1,0,0,0,0.0,False
0,0.0,0,0.0,0.0,0.0,0.0,0.0,0.0,0.0,0.0,0.0,0,0,0,1,0.0,False
26,6.0,6,52.77,8.0,32.0,2.0,2.0,28.0,13.0,46.0,3.0,0,0,0,1,0.23076923076923078,False
29,0.0,1,41.28,1.0,82.0,3.0,0.0,,,,,1,0,0,0,0.034482758620689655,False
0,0.0,0,0.0,0.0,0.0,0.0,0.0,0.0,0.0,0.0,0.0,0,0,0,1,0.0,False
0,,0,0.0,0.0,,,0.0,,,,,0,0,1,0,0.0,False
0,,0,0.0,0.0,,,0.0,,,,,0,0,1,0,0.0,False
36,12.0,0,46.81,1.0,7.0,0.0,0.0,42.0,3.0,7.0,0.0,0,0,0,1,0.0,False
0,0.0,0,0.0,0.0,0.0,0.0,0.0,0.0,0.0,0.0,0.0,0,0,0,1,0.0,False
16,4.0,0,19.5,0.0,12.0,1.0,0.0,,,,,1,0,0,0,0.0,False
0,0.0,0,0.0,0.0,0.0,0.0,0.0,0.0,0.0,0.0,0.0,0,0,0,1,0.0,False
0,0.0,0,0.0,0.0,0.0,0.0,0.0,,,,,1,0,0,0,0.0,False
0,0.0,0,0.0,0.0,0.0,0.0,0.0,0.0,0.0,0.0,0.0,0,1,0,0,0.0,False
21,4.0,1,49.33,1.0,0.0,0.0,1.0,,,,,1,0,0,0,0.047619047619047616,False
0,,0,0.0,0.0,,,0.0,,,,,0,0,1,0,0.0,False
0,0.0,0,0.0,0.0,0.0,0.0,0.0,0.0,0.0,0.0,0.0,0,0,0,1,0.0,False
0,0.0,0,0.0,0.0,0.0,0.0,0.0,0.0,0.0,0.0,0.0,0,0,0,1,0.0,False
38,23.0,5,16.32,11.0,122.0,15.0,0.0,55.0,16.0,29.0,7.0,0,1,0,0,0.13157894736842105,False
0,0.0,0,0.0,0.0,0.0,0.0,0.0,,,,,1,0,0,0,0.0,False
19,5.0,1,18.47,2.0,43.0,1.0,0.0,16.0,5.0,31.0,0.0,0,0,0,1,0.05263157894736842,False
0,0.0,0,0.0,0.0,0.0,0.0,0.0,,,,,1,0,0,0,0.0,False
0,,0,0.0,0.0,,,0.0,,,,,0,0,1,0,0.0,False
27,9.0,0,7.67,4.0,16.0,4.0,1.0,24.0,8.0,33.0,2.0,0,1,0,0,0.0,False
0,0.0,0,0.0,0.0,0.0,0.0,0.0,0.0,0.0,0.0,0.0,0,1,0,0,0.0,False
0,0.0,0,0.0,0.0,0.0,0.0,0.0,0.0,0.0,0.0,0.0,0,0,0,1,0.0,False
1,0.0,0,2.0,0.0,0.0,0.0,0.0,0.0,0.0,0.0,0.0,0,0,0,1,0.0,False
0,0.0,0,0.0,0.0,0.0,0.0,0.0,0.0,0.0,0.0,0.0,0,1,0,0,0.0,False
33,10.0,1,35.52,0.0,17.0,2.0,1.0,34.0,7.0,21.0,0.0,0,0,0,1,0.030303030303030304,False
37,37.0,12,57.08,20.0,166.0,3.0,3.0,121.0,51.0,42.0,8.0,0,0,0,1,0.32432432432432434,True
0,0.0,0,0.0,0.0,0.0,0.0,0.0,0.0,0.0,0.0,0.0,0,0,0,1,0.0,False
0,0.0,0,0.0,0.0,0.0,0.0,0.0,0.0,0.0,0.0,0.0,0,0,0,1,0.0,False
16,3.0,0,19.63,0.0,48.0,0.0,1.0,,,,,1,0,0,0,0.0,False
0,0.0,0,0.0,0.0,0.0,0.0,0.0,,,,,1,0,0,0,0.0,False
25,9.0,1,10.08,4.0,10.0,3.0,0.0,25.0,6.0,24.0,3.0,0,0,0,1,0.04,False
27,3.0,0,40.74,1.0,37.0,4.0,0.0,,,,,1,0,0,0,0.0,False
0,0.0,0,0.0,0.0,0.0,0.0,0.0,0.0,0.0,0.0,0.0,0,0,0,1,0.0,False
1,,0,19.0,0.0,,,0.0,,,,,0,0,1,0,0.0,False
1,,0,36.0,0.0,,,0.0,,,,,0,0,1,0,0.0,False
1,0.0,0,14.0,0.0,0.0,0.0,0.0,,,,,1,0,0,0,0.0,False
1,,0,24.0,0.0,,,0.0,,,,,0,0,1,0,0.0,False
20,3.0,1,37.3,0.0,0.0,3.0,0.0,,,,,1,0,0,0,0.05,False
0,0.0,0,0.0,0.0,0.0,0.0,0.0,0.0,0.0,0.0,0.0,0,0,0,1,0.0,False
10,3.0,1,59.4,1.0,37.0,1.0,0.0,12.0,5.0,42.0,0.0,0,0,0,1,0.1,False
0,0.0,0,0.0,0.0,0.0,0.0,0.0,,,,,1,0,0,0,0.0,False
33,11.0,0,20.45,1.0,9.0,18.0,1.0,83.0,46.0,55.0,17.0,0,1,0,0,0.0,True
0,0.0,0,0.0,0.0,0.0,0.0,0.0,0.0,0.0,0.0,0.0,0,1,0,0,0.0,False
0,0.0,0,0.0,0.0,0.0,0.0,0.0,0.0,0.0,0.0,0.0,0,0,0,1,0.0,False
0,,0,0.0,0.0,,,0.0,,,,,0,0,1,0,0.0,False
9,1.0,0,5.11,0.0,2.0,2.0,0.0,7.0,4.0,57.0,1.0,0,1,0,0,0.0,False
0,0.0,0,0.0,0.0,0.0,0.0,0.0,0.0,0.0,0.0,0.0,0,1,0,0,0.0,False
18,6.0,0,7.56,0.0,0.0,4.0,0.0,14.0,2.0,14.0,0.0,0,1,0,0,0.0,False
1,,0,10.0,0.0,,,0.0,,,,,0,0,1,0,0.0,False
0,0.0,0,0.0,0.0,0.0,0.0,0.0,,,,,1,0,0,0,0.0,False
4,3.0,0,21.25,1.0,4.0,0.0,0.0,9.0,5.0,56.0,1.0,0,0,0,1,0.0,False
0,0.0,0,0.0,0.0,0.0,0.0,0.0,,,,,1,0,0,0,0.0,False
28,4.0,2,36.0,2.0,81.0,2.0,0.0,,,,,1,0,0,0,0.07142857142857142,False
0,0.0,0,0.0,0.0,0.0,0.0,0.0,,,,,1,0,0,0,0.0,False
27,2.0,3,49.07,4.0,46.0,1.0,1.0,,,,,1,0,0,0,0.1111111111111111,False
26,7.0,3,12.92,5.0,4.0,6.0,0.0,34.0,15.0,44.0,7.0,0,1,0,0,0.11538461538461539,True
25,4.0,3,50.88,4.0,29.0,0.0,1.0,13.0,2.0,15.0,0.0,0,0,0,1,0.12,False
10,2.0,1,36.5,1.0,34.0,0.0,1.0,,,,,1,0,0,0,0.1,False
10,2.0,2,47.9,1.0,33.0,0.0,0.0,,,,,1,0,0,0,0.2,False
0,0.0,0,0.0,0.0,0.0,0.0,0.0,0.0,0.0,0.0,0.0,0,0,0,1,0.0,False
27,7.0,5,54.41,2.0,136.0,8.0,0.0,,,,,1,0,0,0,0.18518518518518517,False
0,0.0,0,0.0,0.0,0.0,0.0,0.0,0.0,0.0,0.0,0.0,0,0,0,1,0.0,False
10,1.0,0,23.5,0.0,1.0,0.0,0.0,4.0,1.0,25.0,1.0,0,0,0,1,0.0,False
0,0.0,0,0.0,0.0,0.0,0.0,0.0,0.0,0.0,0.0,0.0,0,0,0,1,0.0,False
17,1.0,0,67.12,0.0,0.0,0.0,0.0,,,,,1,0,0,0,0.0,False
0,0.0,0,0.0,0.0,0.0,0.0,0.0,,,,,1,0,0,0,0.0,False
2,0.0,0,4.5,0.0,0.0,0.0,1.0,1.0,0.0,0.0,0.0,0,0,0,1,0.0,False
0,0.0,0,0.0,0.0,0.0,0.0,0.0,,,,,1,0,0,0,0.0,False
22,2.0,0,35.91,0.0,0.0,1.0,0.0,,,,,1,0,0,0,0.0,False
0,0.0,0,0.0,0.0,0.0,0.0,0.0,0.0,0.0,0.0,0.0,0,1,0,0,0.0,False
0,0.0,0,0.0,0.0,0.0,0.0,0.0,0.0,0.0,0.0,0.0,0,0,0,1,0.0,False
0,0.0,0,0.0,0.0,0.0,0.0,0.0,,,,,1,0,0,0,0.0,False
13,1.0,1,34.08,0.0,23.0,0.0,0.0,,,,,1,0,0,0,0.07692307692307693,False
37,0.0,0,50.19,0.0,0.0,0.0,1.0,,,,,1,0,0,0,0.0,False
0,0.0,0,0.0,0.0,0.0,0.0,0.0,,,,,1,0,0,0,0.0,False
25,5.0,3,25.8,2.0,35.0,0.0,1.0,,,,,1,0,0,0,0.12,False
17,4.0,1,5.41,0.0,2.0,8.0,0.0,23.0,9.0,39.0,5.0,0,1,0,0,0.058823529411764705,False
25,0.0,0,66.0,0.0,0.0,1.0,0.0,,,,,1,0,0,0,0.0,False
1,0.0,0,2.0,0.0,1.0,0.0,0.0,0.0,0.0,0.0,0.0,0,1,0,0,0.0,False
16,4.0,0,31.25,0.0,5.0,0.0,0.0,5.0,0.0,0.0,0.0,0,0,0,1,0.0,False
0,0.0,0,0.0,0.0,0.0,0.0,0.0,0.0,0.0,0.0,0.0,0,0,0,1,0.0,False
34,3.0,7,37.62,9.0,132.0,0.0,2.0,,,,,1,0,0,0,0.20588235294117646,False
0,0.0,0,0.0,0.0,0.0,0.0,0.0,0.0,0.0,0.0,0.0,0,0,0,1,0.0,False
0,0.0,0,0.0,0.0,0.0,0.0,0.0,0.0,0.0,0.0,0.0,0,0,0,1,0.0,False
0,0.0,0,0.0,0.0,0.0,0.0,0.0,,,,,1,0,0,0,0.0,False
0,0.0,0,0.0,0.0,0.0,0.0,0.0,0.0,0.0,0.0,0.0,0,0,0,1,0.0,False
0,,0,0.0,0.0,,,0.0,,,,,0,0,1,0,0.0,False
0,0.0,0,0.0,0.0,0.0,0.0,0.0,0.0,0.0,0.0,0.0,0,0,0,1,0.0,False
2,0.0,0,1.0,0.0,0.0,0.0,0.0,1.0,0.0,0.0,0.0,0,1,0,0,0.0,False
0,0.0,0,0.0,0.0,0.0,0.0,0.0,,,,,1,0,0,0,0.0,False
38,13.0,2,51.61,3.0,82.0,0.0,1.0,48.0,19.0,40.0,2.0,0,0,0,1,0.05263157894736842,False
24,10.0,2,25.04,3.0,32.0,4.0,1.0,32.0,14.0,44.0,0.0,0,0,0,1,0.08333333333333333,False
15,2.0,0,42.67,0.0,0.0,0.0,0.0,,,,,1,0,0,0,0.0,False
0,0.0,0,0.0,0.0,0.0,0.0,0.0,,,,,1,0,0,0,0.0,False
25,,0,25.12,0.0,,,0.0,,,,,0,0,1,0,0.0,False
20,5.0,0,49.9,1.0,9.0,1.0,1.0,,,,,1,0,0,0,0.0,False
25,2.0,1,27.88,2.0,5.0,0.0,0.0,7.0,0.0,0.0,0.0,0,0,0,1,0.04,False
15,3.0,1,4.87,1.0,4.0,0.0,1.0,9.0,2.0,22.0,0.0,0,1,0,0,0.06666666666666667,False
22,1.0,0,34.73,0.0,0.0,2.0,1.0,,,,,1,0,0,0,0.0,False
0,0.0,0,0.0,0.0,0.0,0.0,0.0,,,,,1,0,0,0,0.0,False
25,28.0,12,50.6,19.0,146.0,1.0,4.0,80.0,26.0,33.0,8.0,0,0,0,1,0.48,False
33,12.0,2,23.03,2.0,41.0,3.0,2.0,34.0,9.0,26.0,3.0,0,1,0,0,0.06060606060606061,False
26,,0,19.27,0.0,,,0.0,,,,,0,0,1,0,0.0,False
0,0.0,0,0.0,0.0,0.0,0.0,0.0,0.0,0.0,0.0,0.0,0,0,0,1,0.0,False
1,0.0,0,6.0,0.0,0.0,0.0,1.0,1.0,0.0,0.0,0.0,0,1,0,0,0.0,False
8,0.0,0,27.13,0.0,7.0,0.0,0.0,1.0,0.0,0.0,0.0,0,0,0,1,0.0,False
0,0.0,0,0.0,0.0,0.0,0.0,0.0,,,,,1,0,0,0,0.0,False
0,0.0,0,0.0,0.0,0.0,0.0,0.0,0.0,0.0,0.0,0.0,0,0,0,1,0.0,False
0,0.0,0,0.0,0.0,0.0,0.0,0.0,0.0,0.0,0.0,0.0,0,0,0,1,0.0,False
0,0.0,0,0.0,0.0,0.0,0.0,0.0,0.0,0.0,0.0,0.0,0,1,0,0,0.0,False
0,0.0,0,0.0,0.0,0.0,0.0,0.0,0.0,0.0,0.0,0.0,0,1,0,0,0.0,False
16,1.0,2,14.69,2.0,4.0,17.0,1.0,25.0,10.0,40.0,11.0,0,1,0,0,0.125,False
0,0.0,0,0.0,0.0,0.0,0.0,0.0,0.0,0.0,0.0,0.0,0,0,0,1,0.0,False
22,3.0,0,26.73,1.0,7.0,0.0,0.0,7.0,1.0,14.0,1.0,0,0,0,1,0.0,False
20,3.0,0,16.8,0.0,20.0,4.0,0.0,14.0,4.0,29.0,1.0,0,0,0,1,0.0,False
28,4.0,0,63.89,0.0,5.0,0.0,1.0,14.0,2.0,14.0,2.0,0,0,0,1,0.0,False
30,6.0,7,42.2,11.0,215.0,4.0,4.0,,,,,1,0,0,0,0.23333333333333334,False
0,0.0,0,0.0,0.0,0.0,0.0,0.0,,,,,1,0,0,0,0.0,False
19,5.0,0,22.42,2.0,18.0,1.0,1.0,46.0,26.0,57.0,7.0,0,1,0,0,0.0,False
0,0.0,0,0.0,0.0,0.0,0.0,0.0,,,,,1,0,0,0,0.0,False
18,0.0,0,32.39,0.0,0.0,1.0,0.0,,,,,1,0,0,0,0.0,False
0,0.0,0,0.0,0.0,0.0,0.0,0.0,0.0,0.0,0.0,0.0,0,0,0,1,0.0,False
27,4.0,0,14.15,0.0,9.0,3.0,1.0,14.0,2.0,14.0,1.0,0,0,0,1,0.0,False
17,2.0,2,39.76,1.0,31.0,0.0,0.0,,,,,1,0,0,0,0.11764705882352941,False
29,6.0,3,46.24,2.0,9.0,0.0,0.0,18.0,5.0,28.0,1.0,0,0,0,1,0.10344827586206896,False
0,0.0,0,0.0,0.0,0.0,0.0,0.0,,,,,1,0,0,0,0.0,False
33,6.0,2,42.88,4.0,23.0,0.0,0.0,26.0,8.0,31.0,1.0,0,0,0,1,0.06060606060606061,False
0,0.0,0,0.0,0.0,0.0,0.0,0.0,0.0,0.0,0.0,0.0,0,0,0,1,0.0,False
0,0.0,0,0.0,0.0,0.0,0.0,0.0,,,,,1,0,0,0,0.0,False
0,0.0,0,0.0,0.0,0.0,0.0,0.0,0.0,0.0,0.0,0.0,0,0,0,1,0.0,False
0,0.0,0,0.0,0.0,0.0,0.0,0.0,,,,,1,0,0,0,0.0,False
13,,0,28.54,0.0,,,0.0,,,,,0,0,1,0,0.0,False
0,0.0,0,0.0,0.0,0.0,0.0,0.0,,,,,1,0,0,0,0.0,False
15,0.0,0,34.53,0.0,10.0,0.0,0.0,,,,,1,0,0,0,0.0,False
33,5.0,0,67.36,1.0,1.0,2.0,1.0,,,,,1,0,0,0,0.0,False
3,2.0,0,51.0,0.0,0.0,0.0,0.0,,,,,1,0,0,0,0.0,False
0,0.0,0,0.0,0.0,0.0,0.0,0.0,,,,,1,0,0,0,0.0,False
0,,0,0.0,0.0,,,0.0,,,,,0,0,1,0,0.0,False
36,,1,26.64,0.0,,,0.0,,,,,0,0,1,0,0.027777777777777776,False
0,0.0,0,0.0,0.0,0.0,0.0,0.0,0.0,0.0,0.0,0.0,0,1,0,0,0.0,False
0,0.0,0,0.0,0.0,0.0,0.0,0.0,0.0,0.0,0.0,0.0,0,0,0,1,0.0,False
5,1.0,0,6.8,0.0,1.0,0.0,0.0,2.0,1.0,50.0,0.0,0,0,0,1,0.0,False
31,2.0,1,36.23,1.0,4.0,0.0,0.0,,,,,1,0,0,0,0.03225806451612903,False
28,15.0,0,18.68,1.0,87.0,5.0,3.0,64.0,30.0,47.0,4.0,0,0,0,1,0.0,True
2,0.0,0,26.5,0.0,2.0,1.0,0.0,2.0,1.0,50.0,0.0,0,1,0,0,0.0,False
0,0.0,0,0.0,0.0,0.0,0.0,0.0,0.0,0.0,0.0,0.0,0,0,0,1,0.0,False
2,0.0,0,28.0,0.0,2.0,0.0,0.0,,,,,1,0,0,0,0.0,False
38,,0,29.84,0.0,,,0.0,,,,,0,0,1,0,0.0,False
0,0.0,0,0.0,0.0,0.0,0.0,0.0,0.0,0.0,0.0,0.0,0,1,0,0,0.0,False
0,0.0,0,0.0,0.0,0.0,0.0,0.0,,,,,1,0,0,0,0.0,False
28,0.0,2,66.07,1.0,0.0,1.0,0.0,,,,,1,0,0,0,0.07142857142857142,False
34,11.0,6,32.0,5.0,86.0,1.0,2.0,37.0,13.0,35.0,1.0,0,0,0,1,0.17647058823529413,False
35,,0,24.46,0.0,,,0.0,,,,,0,0,1,0,0.0,False
30,2.0,0,70.27,0.0,1.0,0.0,0.0,10.0,1.0,10.0,0.0,0,0,0,1,0.0,False
32,16.0,3,10.09,1.0,5.0,5.0,2.0,48.0,17.0,35.0,4.0,0,1,0,0,0.09375,False
0,,0,0.0,0.0,,,0.0,,,,,0,0,1,0,0.0,False
0,0.0,0,0.0,0.0,0.0,0.0,0.0,,,,,1,0,0,0,0.0,False
0,0.0,0,0.0,0.0,0.0,0.0,0.0,,,,,1,0,0,0,0.0,False
2,0.0,0,2.5,0.0,0.0,0.0,0.0,0.0,0.0,0.0,0.0,0,0,0,1,0.0,False
0,0.0,0,0.0,0.0,0.0,0.0,0.0,0.0,0.0,0.0,0.0,0,1,0,0,0.0,False
0,0.0,0,0.0,0.0,0.0,0.0,0.0,,,,,1,0,0,0,0.0,False
24,0.0,0,34.75,1.0,13.0,0.0,0.0,,,,,1,0,0,0,0.0,False
21,4.0,2,48.29,3.0,6.0,0.0,0.0,14.0,3.0,21.0,1.0,0,0,0,1,0.09523809523809523,False
0,0.0,0,0.0,0.0,0.0,0.0,0.0,0.0,0.0,0.0,0.0,0,0,0,1,0.0,False
3,0.0,0,8.0,0.0,0.0,0.0,0.0,0.0,0.0,0.0,0.0,0,0,0,1,0.0,False
0,0.0,0,0.0,0.0,0.0,0.0,0.0,0.0,0.0,0.0,0.0,0,0,0,1,0.0,False
1,0.0,0,0.0,0.0,0.0,0.0,0.0,,,,,1,0,0,0,0.0,False
0,0.0,0,0.0,0.0,0.0,0.0,0.0,0.0,0.0,0.0,0.0,0,0,0,1,0.0,False
31,6.0,2,36.74,2.0,96.0,0.0,1.0,17.0,5.0,29.0,0.0,0,0,0,1,0.06451612903225806,False
0,0.0,0,0.0,0.0,0.0,0.0,0.0,0.0,0.0,0.0,0.0,0,0,0,1,0.0,False
28,12.0,5,27.21,5.0,74.0,3.0,2.0,45.0,20.0,44.0,4.0,0,0,0,1,0.17857142857142858,False
0,,0,0.0,0.0,,,0.0,,,,,0,0,1,0,0.0,False
28,2.0,0,60.29,0.0,2.0,2.0,1.0,,,,,1,0,0,0,0.0,False
33,18.0,4,32.09,3.0,45.0,7.0,4.0,50.0,16.0,32.0,7.0,0,0,0,1,0.12121212121212122,False
0,0.0,0,0.0,0.0,0.0,0.0,0.0,0.0,0.0,0.0,0.0,0,0,0,1,0.0,False
8,,0,30.38,0.0,,,0.0,,,,,0,0,1,0,0.0,False
1,1.0,0,66.0,1.0,4.0,1.0,0.0,,,,,1,0,0,0,0.0,False
0,0.0,0,0.0,0.0,0.0,0.0,0.0,,,,,1,0,0,0,0.0,False
1,0.0,0,13.0,0.0,0.0,0.0,0.0,0.0,0.0,0.0,0.0,0,0,0,1,0.0,False
18,4.0,2,14.56,3.0,103.0,0.0,1.0,13.0,6.0,46.0,1.0,0,0,0,1,0.1111111111111111,False
30,9.0,0,60.2,4.0,9.0,1.0,0.0,25.0,7.0,28.0,1.0,0,0,0,1,0.0,False
14,2.0,1,16.14,1.0,23.0,1.0,0.0,,,,,1,0,0,0,0.07142857142857142,False
0,0.0,0,0.0,0.0,0.0,0.0,0.0,0.0,0.0,0.0,0.0,0,0,0,1,0.0,False
9,2.0,0,58.22,0.0,11.0,0.0,0.0,,,,,1,0,0,0,0.0,False
35,3.0,3,23.31,4.0,99.0,3.0,1.0,,,,,1,0,0,0,0.08571428571428572,False
29,22.0,4,25.24,5.0,11.0,17.0,1.0,55.0,16.0,29.0,5.0,0,1,0,0,0.13793103448275862,False
23,5.0,0,67.39,0.0,2.0,0.0,1.0,,,,,1,0,0,0,0.0,False
14,3.0,1,10.29,3.0,12.0,1.0,0.0,20.0,8.0,40.0,2.0,0,1,0,0,0.07142857142857142,False
0,0.0,0,0.0,0.0,0.0,0.0,0.0,0.0,0.0,0.0,0.0,0,0,0,1,0.0,False
0,0.0,0,0.0,0.0,0.0,0.0,0.0,,,,,1,0,0,0,0.0,False
30,9.0,2,29.67,1.0,66.0,0.0,2.0,29.0,7.0,24.0,1.0,0,0,0,1,0.06666666666666667,False
6,0.0,0,56.5,0.0,0.0,0.0,0.0,,,,,1,0,0,0,0.0,False
0,0.0,0,0.0,0.0,0.0,0.0,0.0,0.0,0.0,0.0,0.0,0,1,0,0,0.0,False
0,0.0,0,0.0,0.0,0.0,0.0,0.0,0.0,0.0,0.0,0.0,0,0,0,1,0.0,False
18,3.0,1,6.0,0.0,5.0,3.0,1.0,16.0,7.0,44.0,5.0,0,1,0,0,0.05555555555555555,False
0,,0,0.0,0.0,,,0.0,,,,,0,0,1,0,0.0,False
1,0.0,0,9.0,0.0,0.0,0.0,0.0,0.0,0.0,0.0,0.0,0,0,0,1,0.0,False
0,0.0,0,0.0,0.0,0.0,0.0,0.0,0.0,0.0,0.0,0.0,0,0,0,1,0.0,False
0,0.0,0,0.0,0.0,0.0,0.0,0.0,0.0,0.0,0.0,0.0,0,1,0,0,0.0,False
0,0.0,0,0.0,0.0,0.0,0.0,0.0,0.0,0.0,0.0,0.0,0,0,0,1,0.0,False
10,0.0,0,26.4,1.0,11.0,0.0,0.0,,,,,1,0,0,0,0.0,False
11,3.0,0,20.18,0.0,11.0,1.0,0.0,10.0,4.0,40.0,1.0,0,0,0,1,0.0,False
0,0.0,0,0.0,0.0,0.0,0.0,0.0,,,,,1,0,0,0,0.0,False
0,0.0,0,0.0,0.0,0.0,0.0,0.0,0.0,0.0,0.0,0.0,0,0,0,1,0.0,False
0,,0,0.0,0.0,,,0.0,,,,,0,0,1,0,0.0,False
5,1.0,0,45.0,0.0,2.0,0.0,0.0,1.0,0.0,0.0,0.0,0,0,0,1,0.0,False
17,4.0,0,12.88,1.0,2.0,6.0,1.0,29.0,11.0,38.0,6.0,0,1,0,0,0.0,False
31,5.0,2,39.32,2.0,6.0,4.0,0.0,,,,,1,0,0,0,0.06451612903225806,False
0,0.0,0,0.0,0.0,0.0,0.0,0.0,0.0,0.0,0.0,0.0,0,0,0,1,0.0,False
7,0.0,0,79.43,0.0,0.0,0.0,0.0,,,,,1,0,0,0,0.0,False
0,0.0,0,0.0,0.0,0.0,0.0,0.0,,,,,1,0,0,0,0.0,False
0,0.0,0,0.0,0.0,0.0,0.0,0.0,0.0,0.0,0.0,0.0,0,0,0,1,0.0,False
0,0.0,0,0.0,0.0,0.0,0.0,0.0,0.0,0.0,0.0,0.0,0,1,0,0,0.0,False
0,0.0,0,0.0,0.0,0.0,0.0,0.0,,,,,1,0,0,0,0.0,False
0,,0,0.0,0.0,,,0.0,,,,,0,0,1,0,0.0,False
0,0.0,0,0.0,0.0,0.0,0.0,0.0,,,,,1,0,0,0,0.0,False
0,,0,0.0,0.0,,,0.0,,,,,0,0,1,0,0.0,False
1,0.0,0,9.0,0.0,2.0,0.0,0.0,1.0,0.0,0.0,0.0,0,1,0,0,0.0,False
26,21.0,10,38.31,14.0,76.0,7.0,1.0,50.0,19.0,38.0,4.0,0,0,0,1,0.38461538461538464,False
0,0.0,0,0.0,0.0,0.0,0.0,0.0,0.0,0.0,0.0,0.0,0,1,0,0,0.0,False
34,15.0,8,41.88,5.0,219.0,5.0,2.0,32.0,7.0,22.0,2.0,0,0,0,1,0.23529411764705882,False
3,1.0,1,13.33,1.0,5.0,0.0,0.0,3.0,0.0,0.0,0.0,0,0,0,1,0.3333333333333333,False
0,0.0,0,0.0,0.0,0.0,0.0,0.0,0.0,0.0,0.0,0.0,0,1,0,0,0.0,False
0,0.0,0,0.0,0.0,0.0,0.0,0.0,0.0,0.0,0.0,0.0,0,0,0,1,0.0,False
37,,0,24.89,0.0,,,0.0,,,,,0,0,1,0,0.0,False
22,2.0,0,19.86,0.0,31.0,1.0,2.0,19.0,8.0,42.0,2.0,0,0,0,1,0.0,False
0,0.0,0,0.0,0.0,0.0,0.0,0.0,0.0,0.0,0.0,0.0,0,0,0,1,0.0,False
0,0.0,0,0.0,0.0,0.0,0.0,0.0,,,,,1,0,0,0,0.0,False
28,11.0,2,61.21,3.0,30.0,1.0,0.0,54.0,22.0,41.0,5.0,0,0,0,1,0.07142857142857142,True
0,,0,0.0,0.0,,,0.0,,,,,0,0,1,0,0.0,False
0,0.0,0,0.0,0.0,0.0,0.0,0.0,0.0,0.0,0.0,0.0,0,0,0,1,0.0,False
0,0.0,0,0.0,0.0,0.0,0.0,0.0,0.0,0.0,0.0,0.0,0,1,0,0,0.0,False
1,1.0,0,1.0,0.0,0.0,0.0,0.0,1.0,0.0,0.0,0.0,0,1,0,0,0.0,False
16,3.0,0,15.31,1.0,2.0,10.0,1.0,25.0,11.0,44.0,3.0,0,1,0,0,0.0,False
0,0.0,0,0.0,0.0,0.0,0.0,0.0,,,,,1,0,0,0,0.0,False
0,0.0,0,0.0,0.0,0.0,0.0,0.0,0.0,0.0,0.0,0.0,0,1,0,0,0.0,False
0,0.0,0,0.0,0.0,0.0,0.0,0.0,,,,,1,0,0,0,0.0,False
2,0.0,0,8.5,0.0,0.0,0.0,0.0,1.0,1.0,100.0,0.0,0,0,0,1,0.0,False
0,0.0,0,0.0,0.0,0.0,0.0,0.0,0.0,0.0,0.0,0.0,0,0,0,1,0.0,False
36,7.0,8,27.47,10.0,167.0,12.0,2.0,45.0,19.0,42.0,6.0,0,0,0,1,0.2222222222222222,False
0,0.0,0,0.0,0.0,0.0,0.0,0.0,0.0,0.0,0.0,0.0,0,0,0,1,0.0,False
0,,0,0.0,0.0,,,0.0,,,,,0,0,1,0,0.0,False
0,,0,0.0,0.0,,,0.0,,,,,0,0,1,0,0.0,False
0,0.0,0,0.0,0.0,0.0,0.0,0.0,,,,,1,0,0,0,0.0,False
7,0.0,0,33.14,0.0,0.0,0.0,1.0,5.0,1.0,20.0,1.0,1,0,0,0,0.0,False
27,6.0,3,28.37,1.0,11.0,7.0,0.0,33.0,16.0,48.0,9.0,0,0,0,1,0.1111111111111111,False
0,0.0,0,0.0,0.0,0.0,0.0,0.0,0.0,0.0,0.0,0.0,0,0,0,1,0.0,False
0,,0,0.0,0.0,,,0.0,,,,,0,0,1,0,0.0,False
4,1.0,0,46.5,0.0,0.0,0.0,0.0,,,,,1,0,0,0,0.0,False
0,,0,0.0,0.0,,,0.0,,,,,0,0,1,0,0.0,False
22,5.0,3,13.77,0.0,21.0,3.0,0.0,16.0,6.0,38.0,3.0,0,1,0,0,0.13636363636363635,False
0,,0,0.0,0.0,,,0.0,,,,,0,0,1,0,0.0,False
22,2.0,1,24.45,1.0,6.0,3.0,0.0,10.0,2.0,20.0,0.0,0,0,0,1,0.045454545454545456,False
0,,0,0.0,0.0,,,0.0,,,,,0,0,1,0,0.0,False
0,0.0,0,0.0,0.0,0.0,0.0,0.0,0.0,0.0,0.0,0.0,0,1,0,0,0.0,False
0,,0,0.0,0.0,,,0.0,,,,,0,0,1,0,0.0,False
0,0.0,0,0.0,0.0,0.0,0.0,0.0,0.0,0.0,0.0,0.0,0,1,0,0,0.0,False
0,0.0,0,0.0,0.0,0.0,0.0,0.0,,,,,1,0,0,0,0.0,False
12,0.0,0,24.25,0.0,21.0,1.0,0.0,,,,,1,0,0,0,0.0,False
30,0.0,1,60.07,0.0,2.0,2.0,1.0,,,,,1,0,0,0,0.03333333333333333,False
28,0.0,0,39.39,1.0,26.0,1.0,0.0,,,,,1,0,0,0,0.0,False
0,0.0,0,0.0,0.0,0.0,0.0,0.0,0.0,0.0,0.0,0.0,0,0,0,1,0.0,False
0,0.0,0,0.0,0.0,0.0,0.0,0.0,,,,,1,0,0,0,0.0,False
4,0.0,1,33.25,2.0,27.0,0.0,0.0,5.0,2.0,40.0,0.0,0,0,0,1,0.25,False
23,12.0,3,25.04,4.0,58.0,5.0,1.0,23.0,6.0,26.0,0.0,0,1,0,0,0.13043478260869565,False
1,0.0,0,17.0,0.0,1.0,0.0,0.0,0.0,0.0,0.0,0.0,0,1,0,0,0.0,False
0,,0,0.0,0.0,,,0.0,,,,,0,0,1,0,0.0,False
38,2.0,4,72.76,4.0,6.0,0.0,0.0,14.0,7.0,50.0,1.0,0,0,0,1,0.10526315789473684,False
1,0.0,0,2.0,0.0,0.0,0.0,0.0,0.0,0.0,0.0,0.0,0,1,0,0,0.0,False
25,20.0,2,20.16,6.0,13.0,9.0,0.0,59.0,25.0,42.0,9.0,0,1,0,0,0.08,True
29,12.0,4,17.28,3.0,19.0,18.0,1.0,57.0,27.0,47.0,6.0,0,1,0,0,0.13793103448275862,True
0,0.0,0,0.0,0.0,0.0,0.0,0.0,,,,,1,0,0,0,0.0,False
0,0.0,0,0.0,0.0,0.0,0.0,0.0,0.0,0.0,0.0,0.0,0,0,0,1,0.0,False
36,10.0,0,20.11,2.0,122.0,9.0,0.0,47.0,17.0,36.0,7.0,0,1,0,0,0.0,False
13,1.0,0,24.38,0.0,1.0,1.0,0.0,,,,,1,0,0,0,0.0,False
30,8.0,2,19.83,3.0,69.0,0.0,0.0,15.0,3.0,20.0,1.0,0,1,0,0,0.06666666666666667,False
1,0.0,0,7.0,0.0,0.0,0.0,0.0,1.0,1.0,100.0,0.0,0,1,0,0,0.0,False
0,0.0,0,0.0,0.0,0.0,0.0,0.0,,,,,1,0,0,0,0.0,False
10,0.0,0,20.4,0.0,1.0,0.0,0.0,,,,,1,0,0,0,0.0,False
21,8.0,1,11.05,6.0,30.0,0.0,1.0,18.0,3.0,17.0,2.0,0,1,0,0,0.047619047619047616,False
0,,0,0.0,0.0,,,0.0,,,,,0,0,1,0,0.0,False
32,12.0,2,53.0,4.0,144.0,1.0,1.0,,,,,1,0,0,0,0.0625,False
2,0.0,0,1.5,0.0,0.0,0.0,0.0,0.0,0.0,0.0,0.0,0,0,0,1,0.0,False
0,,0,0.0,0.0,,,0.0,,,,,0,0,1,0,0.0,False
0,0.0,0,0.0,0.0,0.0,0.0,0.0,0.0,0.0,0.0,0.0,0,1,0,0,0.0,False
0,0.0,0,0.0,0.0,0.0,0.0,0.0,0.0,0.0,0.0,0.0,0,0,0,1,0.0,False
4,1.0,0,8.75,0.0,1.0,1.0,0.0,4.0,2.0,50.0,2.0,0,1,0,0,0.0,False
0,0.0,0,0.0,0.0,0.0,0.0,0.0,0.0,0.0,0.0,0.0,0,0,0,1,0.0,False
0,0.0,0,0.0,0.0,0.0,0.0,0.0,0.0,0.0,0.0,0.0,0,0,0,1,0.0,False
0,,0,0.0,0.0,,,0.0,,,,,0,0,1,0,0.0,False
0,,0,0.0,0.0,,,0.0,,,,,0,0,1,0,0.0,False
28,10.0,3,66.21,8.0,72.0,2.0,2.0,,,,,1,0,0,0,0.10714285714285714,False
33,5.0,1,52.15,0.0,116.0,0.0,0.0,14.0,4.0,29.0,0.0,0,0,0,1,0.030303030303030304,False
1,,0,12.0,0.0,,,0.0,,,,,0,0,1,0,0.0,False
31,8.0,2,18.77,4.0,12.0,6.0,0.0,44.0,21.0,48.0,4.0,0,1,0,0,0.06451612903225806,False
0,0.0,0,0.0,0.0,0.0,0.0,0.0,0.0,0.0,0.0,0.0,0,0,0,1,0.0,False
0,0.0,0,0.0,0.0,0.0,0.0,0.0,,,,,1,0,0,0,0.0,False
0,0.0,0,0.0,0.0,0.0,0.0,0.0,0.0,0.0,0.0,0.0,0,1,0,0,0.0,False
0,0.0,0,0.0,0.0,0.0,0.0,0.0,,,,,1,0,0,0,0.0,False
37,,1,29.95,0.0,,,0.0,,,,,0,0,1,0,0.02702702702702703,False
24,7.0,2,40.25,3.0,7.0,1.0,0.0,19.0,9.0,47.0,1.0,0,0,0,1,0.08333333333333333,False
7,0.0,0,26.0,0.0,9.0,0.0,0.0,,,,,1,0,0,0,0.0,False
28,0.0,1,63.68,3.0,3.0,0.0,0.0,14.0,9.0,64.0,2.0,0,0,0,1,0.03571428571428571,False
0,0.0,0,0.0,0.0,0.0,0.0,0.0,0.0,0.0,0.0,0.0,0,0,0,1,0.0,False
23,3.0,1,45.83,4.0,59.0,3.0,0.0,,,,,1,0,0,0,0.043478260869565216,False
9,0.0,0,64.89,0.0,0.0,0.0,0.0,,,,,1,0,0,0,0.0,False
0,,0,0.0,0.0,,,0.0,,,,,0,0,1,0,0.0,False
11,1.0,0,10.18,0.0,13.0,0.0,0.0,4.0,2.0,50.0,1.0,0,1,0,0,0.0,False
35,28.0,14,25.94,14.0,38.0,13.0,9.0,137.0,53.0,39.0,13.0,0,1,0,0,0.4,True
30,3.0,2,50.97,2.0,8.0,0.0,0.0,10.0,3.0,30.0,1.0,0,0,0,1,0.06666666666666667,False
0,0.0,0,0.0,0.0,0.0,0.0,0.0,,,,,1,0,0,0,0.0,False
0,,0,0.0,0.0,,,0.0,,,,,0,0,1,0,0.0,False
0,0.0,0,0.0,0.0,0.0,0.0,0.0,0.0,0.0,0.0,0.0,0,0,0,1,0.0,False
2,0.0,0,3.0,0.0,2.0,0.0,0.0,1.0,0.0,0.0,0.0,0,1,0,0,0.0,False
35,1.0,1,55.4,2.0,1.0,0.0,0.0,,,,,1,0,0,0,0.02857142857142857,False
5,3.0,0,7.2,0.0,7.0,1.0,1.0,6.0,0.0,0.0,0.0,0,0,0,1,0.0,False
10,6.0,0,35.6,1.0,3.0,0.0,0.0,9.0,2.0,22.0,0.0,0,0,0,1,0.0,False
2,,0,26.0,0.0,,,0.0,,,,,0,0,1,0,0.0,False
1,0.0,0,3.0,0.0,0.0,0.0,0.0,,,,,1,0,0,0,0.0,False
4,0.0,0,10.5,0.0,6.0,1.0,0.0,,,,,1,0,0,0,0.0,False
1,0.0,0,1.0,0.0,0.0,0.0,0.0,0.0,0.0,0.0,0.0,0,0,0,1,0.0,False
3,,0,26.0,0.0,,,0.0,,,,,0,0,1,0,0.0,False
18,2.0,1,41.39,1.0,0.0,0.0,0.0,,,,,1,0,0,0,0.05555555555555555,False
11,0.0,0,4.45,0.0,1.0,3.0,1.0,3.0,1.0,33.0,1.0,0,1,0,0,0.0,False
0,0.0,0,0.0,0.0,0.0,0.0,0.0,,,,,1,0,0,0,0.0,False
0,0.0,0,0.0,0.0,0.0,0.0,0.0,0.0,0.0,0.0,0.0,0,0,0,1,0.0,False
35,7.0,5,41.91,3.0,63.0,6.0,1.0,36.0,11.0,31.0,0.0,0,0,0,1,0.14285714285714285,False
0,0.0,0,0.0,0.0,0.0,0.0,0.0,,,,,1,0,0,0,0.0,False
0,0.0,0,0.0,0.0,0.0,0.0,0.0,0.0,0.0,0.0,0.0,0,0,0,1,0.0,False
17,5.0,0,45.24,0.0,1.0,0.0,0.0,,,,,1,0,0,0,0.0,False
1,0.0,0,62.0,0.0,1.0,0.0,0.0,,,,,1,0,0,0,0.0,False
1,0.0,0,44.0,0.0,1.0,0.0,0.0,,,,,1,0,0,0,0.0,False
36,4.0,0,35.75,0.0,3.0,1.0,1.0,,,,,1,0,0,0,0.0,False
0,0.0,0,0.0,0.0,0.0,0.0,0.0,,,,,1,0,0,0,0.0,False
36,2.0,0,35.53,1.0,3.0,0.0,1.0,7.0,2.0,29.0,1.0,0,0,0,1,0.0,False
27,9.0,1,65.26,3.0,6.0,0.0,0.0,23.0,4.0,17.0,0.0,0,0,0,1,0.037037037037037035,False
0,,0,0.0,0.0,,,0.0,,,,,0,0,1,0,0.0,False
16,3.0,0,28.44,1.0,18.0,1.0,0.0,,,,,1,0,0,0,0.0,False
11,3.0,0,32.73,0.0,11.0,0.0,0.0,8.0,2.0,25.0,0.0,0,0,0,1,0.0,False
31,5.0,2,16.58,2.0,3.0,8.0,1.0,45.0,29.0,64.0,9.0,0,1,0,0,0.06451612903225806,True
0,0.0,0,0.0,0.0,0.0,0.0,0.0,,,,,1,0,0,0,0.0,False
30,8.0,1,30.77,4.0,12.0,3.0,1.0,22.0,5.0,23.0,0.0,0,0,0,1,0.03333333333333333,False
23,6.0,0,14.7,2.0,23.0,0.0,3.0,21.0,9.0,43.0,0.0,0,0,0,1,0.0,False
11,3.0,1,34.0,2.0,34.0,1.0,0.0,,,,,1,0,0,0,0.09090909090909091,False
0,,0,0.0,0.0,,,0.0,,,,,0,0,1,0,0.0,False
0,0.0,0,0.0,0.0,0.0,0.0,0.0,0.0,0.0,0.0,0.0,0,0,0,1,0.0,False
17,2.0,1,21.76,1.0,3.0,3.0,0.0,12.0,3.0,25.0,1.0,0,0,0,1,0.058823529411764705,False
16,2.0,0,79.63,1.0,1.0,2.0,0.0,,,,,1,0,0,0,0.0,False
0,0.0,0,0.0,0.0,0.0,0.0,0.0,,,,,1,0,0,0,0.0,False
19,4.0,0,32.68,0.0,3.0,0.0,1.0,,,,,1,0,0,0,0.0,False
0,0.0,0,0.0,0.0,0.0,0.0,0.0,,,,,1,0,0,0,0.0,False
0,0.0,0,0.0,0.0,0.0,0.0,0.0,,,,,1,0,0,0,0.0,False
0,0.0,0,0.0,0.0,0.0,0.0,0.0,0.0,0.0,0.0,0.0,0,0,0,1,0.0,False
2,0.0,0,42.5,0.0,0.0,0.0,0.0,,,,,1,0,0,0,0.0,False
0,,0,0.0,0.0,,,0.0,,,,,0,0,1,0,0.0,False
0,0.0,0,0.0,0.0,0.0,0.0,0.0,,,,,1,0,0,0,0.0,False
0,0.0,0,0.0,0.0,0.0,0.0,0.0,0.0,0.0,0.0,0.0,0,0,0,1,0.0,False
28,6.0,0,31.68,1.0,4.0,0.0,0.0,19.0,3.0,16.0,0.0,0,0,0,1,0.0,False
35,,0,28.49,0.0,,,0.0,,,,,0,0,1,0,0.0,False
1,0.0,0,7.0,0.0,1.0,0.0,0.0,0.0,0.0,0.0,0.0,0,0,0,1,0.0,False
0,0.0,0,0.0,0.0,0.0,0.0,0.0,0.0,0.0,0.0,0.0,0,0,0,1,0.0,False
0,0.0,0,0.0,0.0,0.0,0.0,0.0,0.0,0.0,0.0,0.0,0,1,0,0,0.0,False
29,0.0,1,64.34,0.0,1.0,1.0,0.0,,,,,1,0,0,0,0.034482758620689655,False
0,0.0,0,0.0,0.0,0.0,0.0,0.0,0.0,0.0,0.0,0.0,0,0,0,1,0.0,False
16,12.0,4,39.56,3.0,38.0,6.0,0.0,42.0,22.0,52.0,2.0,0,0,0,1,0.25,False
18,2.0,0,21.28,0.0,5.0,0.0,1.0,5.0,0.0,0.0,0.0,0,0,0,1,0.0,False
0,0.0,0,0.0,0.0,0.0,0.0,0.0,,,,,1,0,0,0,0.0,False
15,3.0,0,47.87,1.0,2.0,0.0,0.0,,,,,1,0,0,0,0.0,False
38,,0,23.63,0.0,,,0.0,,,,,0,0,1,0,0.0,False
18,3.0,1,31.67,2.0,31.0,0.0,0.0,15.0,6.0,40.0,1.0,0,0,0,1,0.05555555555555555,False
31,10.0,0,23.42,2.0,9.0,3.0,0.0,35.0,10.0,29.0,5.0,0,0,0,1,0.0,False
0,,0,0.0,0.0,,,0.0,,,,,0,0,1,0,0.0,False
8,0.0,0,33.13,0.0,1.0,0.0,0.0,,,,,1,0,0,0,0.0,False
0,0.0,0,0.0,0.0,0.0,0.0,0.0,0.0,0.0,0.0,0.0,0,1,0,0,0.0,False
0,0.0,0,0.0,0.0,0.0,0.0,0.0,0.0,0.0,0.0,0.0,0,1,0,0,0.0,False
0,0.0,0,0.0,0.0,0.0,0.0,0.0,0.0,0.0,0.0,0.0,0,0,0,1,0.0,False
0,0.0,0,0.0,0.0,0.0,0.0,0.0,,,,,1,0,0,0,0.0,False
34,22.0,4,30.85,9.0,134.0,12.0,3.0,69.0,23.0,33.0,4.0,0,1,0,0,0.11764705882352941,False
0,0.0,0,0.0,0.0,0.0,0.0,0.0,,,,,1,0,0,0,0.0,False
0,,0,0.0,0.0,,,0.0,,,,,0,0,1,0,0.0,False
0,0.0,0,0.0,0.0,0.0,0.0,0.0,,,,,1,0,0,0,0.0,False
8,1.0,0,21.5,0.0,22.0,0.0,0.0,,,,,1,0,0,0,0.0,False
34,3.0,1,35.12,7.0,84.0,0.0,1.0,,,,,1,0,0,0,0.029411764705882353,False
30,5.0,4,18.97,3.0,26.0,3.0,0.0,18.0,6.0,33.0,1.0,0,1,0,0,0.13333333333333333,False
28,6.0,2,35.68,1.0,71.0,1.0,0.0,20.0,5.0,25.0,2.0,0,0,0,1,0.07142857142857142,False
0,0.0,0,0.0,0.0,0.0,0.0,0.0,,,,,1,0,0,0,0.0,False
21,13.0,1,18.86,2.0,11.0,0.0,0.0,24.0,3.0,13.0,1.0,0,0,0,1,0.047619047619047616,False
0,,0,0.0,0.0,,,0.0,,,,,0,0,1,0,0.0,False
0,0.0,0,0.0,0.0,0.0,0.0,0.0,0.0,0.0,0.0,0.0,0,0,0,1,0.0,False
31,26.0,5,32.9,6.0,106.0,5.0,2.0,75.0,23.0,31.0,0.0,0,0,0,1,0.16129032258064516,False
0,0.0,0,0.0,0.0,0.0,0.0,0.0,0.0,0.0,0.0,0.0,0,0,0,1,0.0,False
34,9.0,1,65.5,0.0,3.0,1.0,1.0,,,,,1,0,0,0,0.029411764705882353,False
27,16.0,6,37.19,8.0,81.0,7.0,3.0,58.0,22.0,38.0,5.0,0,1,0,0,0.2222222222222222,False
26,3.0,0,24.92,1.0,20.0,2.0,0.0,12.0,4.0,33.0,1.0,0,0,0,1,0.0,False
15,4.0,0,12.0,0.0,0.0,2.0,0.0,21.0,8.0,38.0,3.0,0,1,0,0,0.0,False
0,0.0,0,0.0,0.0,0.0,0.0,0.0,0.0,0.0,0.0,0.0,0,0,0,1,0.0,False
35,23.0,7,28.8,11.0,60.0,31.0,3.0,94.0,36.0,38.0,18.0,0,1,0,0,0.2,True
13,1.0,0,22.31,0.0,28.0,0.0,0.0,,,,,1,0,0,0,0.0,False
13,1.0,0,23.15,0.0,13.0,0.0,0.0,,,,,1,0,0,0,0.0,False
21,10.0,1,34.14,1.0,120.0,2.0,1.0,22.0,4.0,18.0,1.0,0,0,0,1,0.047619047619047616,False
10,1.0,0,62.9,0.0,0.0,0.0,0.0,,,,,1,0,0,0,0.0,False
0,0.0,0,0.0,0.0,0.0,0.0,0.0,0.0,0.0,0.0,0.0,0,1,0,0,0.0,False
0,0.0,0,0.0,0.0,0.0,0.0,0.0,,,,,1,0,0,0,0.0,False
0,0.0,0,0.0,0.0,0.0,0.0,0.0,0.0,0.0,0.0,0.0,0,0,0,1,0.0,False
22,10.0,3,21.86,4.0,8.0,15.0,0.0,43.0,21.0,49.0,10.0,0,1,0,0,0.13636363636363635,False
0,,0,0.0,0.0,,,0.0,,,,,0,0,1,0,0.0,False
12,1.0,2,39.67,3.0,41.0,1.0,0.0,,,,,1,0,0,0,0.16666666666666666,False
0,0.0,0,0.0,0.0,0.0,0.0,0.0,0.0,0.0,0.0,0.0,0,0,0,1,0.0,False
9,1.0,2,31.78,1.0,13.0,2.0,0.0,5.0,4.0,80.0,0.0,0,0,0,1,0.2222222222222222,False
7,1.0,0,6.71,0.0,1.0,5.0,0.0,4.0,2.0,50.0,0.0,0,1,0,0,0.0,False
33,14.0,6,28.48,11.0,145.0,13.0,3.0,65.0,28.0,43.0,2.0,0,1,0,0,0.18181818181818182,True
20,2.0,0,50.8,2.0,4.0,0.0,0.0,6.0,3.0,50.0,0.0,0,0,0,1,0.0,False
10,1.0,2,54.6,3.0,0.0,0.0,0.0,,,,,1,0,0,0,0.2,False
5,0.0,0,27.8,0.0,4.0,0.0,0.0,0.0,0.0,0.0,0.0,0,0,0,1,0.0,False
0,0.0,0,0.0,0.0,0.0,0.0,0.0,0.0,0.0,0.0,0.0,0,0,0,1,0.0,False
33,22.0,2,19.7,6.0,11.0,12.0,0.0,71.0,26.0,37.0,11.0,0,1,0,0,0.06060606060606061,False
0,0.0,0,0.0,0.0,0.0,0.0,0.0,,,,,1,0,0,0,0.0,False
0,0.0,0,0.0,0.0,0.0,0.0,0.0,,,,,1,0,0,0,0.0,False
18,2.0,2,42.89,2.0,10.0,0.0,0.0,6.0,0.0,0.0,0.0,0,0,0,1,0.1111111111111111,False
23,6.0,0,19.13,1.0,4.0,4.0,1.0,30.0,13.0,43.0,8.0,0,1,0,0,0.0,False
0,0.0,0,0.0,0.0,0.0,0.0,0.0,0.0,0.0,0.0,0.0,0,0,0,1,0.0,False
0,0.0,0,0.0,0.0,0.0,0.0,0.0,0.0,0.0,0.0,0.0,0,0,0,1,0.0,False
16,1.0,0,20.69,0.0,11.0,0.0,0.0,1.0,0.0,0.0,0.0,0,0,0,1,0.0,False
0,0.0,0,0.0,0.0,0.0,0.0,0.0,0.0,0.0,0.0,0.0,0,0,0,1,0.0,False
0,0.0,0,0.0,0.0,0.0,0.0,0.0,0.0,0.0,0.0,0.0,0,0,0,1,0.0,False
0,0.0,0,0.0,0.0,0.0,0.0,0.0,0.0,0.0,0.0,0.0,0,0,0,1,0.0,False
0,,0,0.0,0.0,,,0.0,,,,,0,0,1,0,0.0,False
37,11.0,5,36.95,6.0,52.0,1.0,1.0,45.0,11.0,24.0,2.0,0,0,0,1,0.13513513513513514,False
35,20.0,1,25.97,1.0,21.0,17.0,1.0,71.0,24.0,34.0,6.0,0,1,0,0,0.02857142857142857,False
0,0.0,0,0.0,0.0,0.0,0.0,0.0,,,,,1,0,0,0,0.0,False
36,7.0,5,30.72,8.0,242.0,2.0,1.0,26.0,9.0,35.0,0.0,0,0,0,1,0.1388888888888889,False
32,11.0,1,40.56,3.0,12.0,1.0,0.0,26.0,8.0,31.0,1.0,0,0,0,1,0.03125,False
0,0.0,0,0.0,0.0,0.0,0.0,0.0,,,,,1,0,0,0,0.0,False
30,1.0,0,37.4,2.0,0.0,1.0,1.0,,,,,1,0,0,0,0.0,False
1,0.0,0,3.0,0.0,0.0,0.0,0.0,0.0,0.0,0.0,0.0,0,0,0,1,0.0,False
0,0.0,0,0.0,0.0,0.0,0.0,0.0,0.0,0.0,0.0,0.0,0,1,0,0,0.0,False
31,,0,29.0,0.0,,,0.0,,,,,0,0,1,0,0.0,False
0,0.0,0,0.0,0.0,0.0,0.0,0.0,,,,,1,0,0,0,0.0,False
35,,0,30.86,0.0,,,0.0,,,,,0,0,1,0,0.0,False
0,0.0,0,0.0,0.0,0.0,0.0,0.0,0.0,0.0,0.0,0.0,0,0,0,1,0.0,False
0,,0,0.0,0.0,,,0.0,,,,,0,0,1,0,0.0,False
31,6.0,1,41.74,3.0,38.0,0.0,0.0,19.0,7.0,37.0,1.0,0,0,0,1,0.03225806451612903,False
0,0.0,0,0.0,0.0,0.0,0.0,0.0,0.0,0.0,0.0,0.0,0,1,0,0,0.0,False
26,4.0,1,32.96,1.0,34.0,0.0,0.0,12.0,3.0,25.0,0.0,0,0,0,1,0.038461538461538464,False
24,2.0,0,52.38,0.0,0.0,0.0,0.0,,,,,1,0,0,0,0.0,False
19,8.0,0,20.37,1.0,12.0,2.0,0.0,20.0,8.0,40.0,3.0,0,1,0,0,0.0,False
36,4.0,2,46.64,0.0,5.0,3.0,0.0,,,,,1,0,0,0,0.05555555555555555,False
19,0.0,1,31.53,0.0,27.0,0.0,0.0,,,,,1,0,0,0,0.05263157894736842,False
27,12.0,3,14.0,4.0,4.0,3.0,1.0,59.0,20.0,34.0,4.0,0,1,0,0,0.1111111111111111,False
0,0.0,0,0.0,0.0,0.0,0.0,0.0,0.0,0.0,0.0,0.0,0,0,0,1,0.0,False
0,0.0,0,0.0,0.0,0.0,0.0,0.0,0.0,0.0,0.0,0.0,0,0,0,1,0.0,False
12,5.0,0,21.92,0.0,11.0,2.0,0.0,13.0,3.0,23.0,1.0,0,0,0,1,0.0,False
23,2.0,0,43.91,0.0,2.0,0.0,1.0,9.0,3.0,33.0,0.0,0,0,0,1,0.0,False
37,36.0,5,34.14,12.0,29.0,13.0,1.0,126.0,52.0,41.0,19.0,0,1,0,0,0.13513513513513514,True
0,0.0,0,0.0,0.0,0.0,0.0,0.0,0.0,0.0,0.0,0.0,0,0,0,1,0.0,False
1,0.0,0,1.0,0.0,0.0,0.0,0.0,0.0,0.0,0.0,0.0,0,0,0,1,0.0,False
0,0.0,0,0.0,0.0,0.0,0.0,0.0,,,,,1,0,0,0,0.0,False
0,,0,0.0,0.0,,,0.0,,,,,0,0,1,0,0.0,False
0,0.0,0,0.0,0.0,0.0,0.0,0.0,0.0,0.0,0.0,0.0,0,0,0,1,0.0,False
0,0.0,0,0.0,0.0,0.0,0.0,0.0,0.0,0.0,0.0,0.0,0,1,0,0,0.0,False
3,0.0,0,1.67,0.0,0.0,0.0,0.0,,,,,1,0,0,0,0.0,False
0,0.0,0,0.0,0.0,0.0,0.0,0.0,0.0,0.0,0.0,0.0,0,0,0,1,0.0,False
36,23.0,5,47.28,13.0,170.0,4.0,3.0,82.0,27.0,33.0,3.0,0,0,0,1,0.1388888888888889,False
11,0.0,0,4.0,1.0,1.0,4.0,0.0,4.0,2.0,50.0,1.0,0,1,0,0,0.0,False
4,0.0,0,1.25,0.0,0.0,1.0,0.0,0.0,0.0,0.0,0.0,0,1,0,0,0.0,False
0,,0,0.0,0.0,,,0.0,,,,,0,0,1,0,0.0,False
26,11.0,3,17.62,7.0,59.0,2.0,1.0,30.0,9.0,30.0,1.0,0,0,0,1,0.11538461538461539,False
0,0.0,0,0.0,0.0,0.0,0.0,0.0,0.0,0.0,0.0,0.0,0,1,0,0,0.0,False
0,0.0,0,0.0,0.0,0.0,0.0,0.0,0.0,0.0,0.0,0.0,0,1,0,0,0.0,False
3,0.0,0,16.33,0.0,0.0,0.0,0.0,,,,,1,0,0,0,0.0,False
0,0.0,0,0.0,0.0,0.0,0.0,0.0,0.0,0.0,0.0,0.0,0,1,0,0,0.0,False
13,0.0,0,2.23,0.0,0.0,1.0,0.0,1.0,0.0,0.0,0.0,0,1,0,0,0.0,False
13,0.0,0,21.92,0.0,1.0,0.0,0.0,2.0,1.0,50.0,0.0,0,0,0,1,0.0,False
0,0.0,0,0.0,0.0,0.0,0.0,0.0,,,,,1,0,0,0,0.0,False
1,0.0,0,3.0,0.0,0.0,0.0,0.0,0.0,0.0,0.0,0.0,0,0,0,1,0.0,False
26,3.0,4,55.08,3.0,5.0,0.0,0.0,16.0,1.0,6.0,0.0,0,0,0,1,0.15384615384615385,False
33,8.0,2,35.52,5.0,7.0,0.0,0.0,18.0,7.0,39.0,1.0,0,0,0,1,0.06060606060606061,False
6,1.0,0,26.17,0.0,24.0,0.0,0.0,,,,,1,0,0,0,0.0,False
2,0.0,0,8.5,0.0,11.0,0.0,0.0,1.0,0.0,0.0,0.0,0,1,0,0,0.0,False
34,6.0,1,46.09,0.0,75.0,2.0,0.0,,,,,1,0,0,0,0.029411764705882353,False
17,4.0,1,5.35,1.0,2.0,0.0,0.0,12.0,5.0,42.0,0.0,0,1,0,0,0.058823529411764705,False
2,0.0,0,14.0,0.0,4.0,0.0,0.0,,,,,1,0,0,0,0.0,False
0,0.0,0,0.0,0.0,0.0,0.0,0.0,0.0,0.0,0.0,0.0,0,0,0,1,0.0,False
21,0.0,0,20.48,0.0,7.0,1.0,0.0,1.0,0.0,0.0,0.0,0,0,0,1,0.0,False
0,,0,0.0,0.0,,,0.0,,,,,0,0,1,0,0.0,False
0,0.0,0,0.0,0.0,0.0,0.0,0.0,,,,,1,0,0,0,0.0,False
2,,0,28.0,0.0,,,0.0,,,,,0,0,1,0,0.0,False
32,3.0,0,43.91,2.0,114.0,0.0,0.0,11.0,1.0,9.0,0.0,0,0,0,1,0.0,False
0,,0,0.0,0.0,,,0.0,,,,,0,0,1,0,0.0,False
2,0.0,0,38.5,0.0,1.0,1.0,0.0,,,,,1,0,0,0,0.0,False
0,0.0,0,0.0,0.0,0.0,0.0,0.0,,,,,1,0,0,0,0.0,False
0,0.0,0,0.0,0.0,0.0,0.0,0.0,0.0,0.0,0.0,0.0,0,0,0,1,0.0,False
28,1.0,0,28.93,0.0,11.0,0.0,0.0,,,,,1,0,0,0,0.0,False
4,0.0,0,3.0,0.0,1.0,0.0,0.0,0.0,0.0,0.0,0.0,0,1,0,0,0.0,False
3,0.0,0,56.0,0.0,5.0,1.0,0.0,,,,,1,0,0,0,0.0,False
0,0.0,0,0.0,0.0,0.0,0.0,0.0,0.0,0.0,0.0,0.0,0,1,0,0,0.0,False
28,2.0,0,36.36,1.0,3.0,1.0,2.0,,,,,1,0,0,0,0.0,False
0,0.0,0,0.0,0.0,0.0,0.0,0.0,0.0,0.0,0.0,0.0,0,0,0,1,0.0,False
0,,0,0.0,0.0,,,0.0,,,,,0,0,1,0,0.0,False
0,0.0,0,0.0,0.0,0.0,0.0,0.0,,,,,1,0,0,0,0.0,False
0,,0,0.0,0.0,,,0.0,,,,,0,0,1,0,0.0,False
0,0.0,0,0.0,0.0,0.0,0.0,0.0,0.0,0.0,0.0,0.0,0,0,0,1,0.0,False
7,,0,25.14,0.0,,,0.0,,,,,0,0,1,0,0.0,False
0,,0,0.0,0.0,,,0.0,,,,,0,0,1,0,0.0,False
11,2.0,0,15.45,0.0,2.0,0.0,0.0,6.0,1.0,17.0,0.0,0,0,0,1,0.0,False
0,0.0,0,0.0,0.0,0.0,0.0,0.0,0.0,0.0,0.0,0.0,0,0,0,1,0.0,False
0,0.0,0,0.0,0.0,0.0,0.0,0.0,,,,,1,0,0,0,0.0,False
9,0.0,0,6.22,0.0,3.0,0.0,1.0,7.0,2.0,29.0,2.0,0,1,0,0,0.0,False
24,4.0,0,30.96,4.0,68.0,4.0,0.0,9.0,4.0,44.0,0.0,0,0,0,1,0.0,False
0,0.0,0,0.0,0.0,0.0,0.0,0.0,0.0,0.0,0.0,0.0,0,1,0,0,0.0,False
0,0.0,0,0.0,0.0,0.0,0.0,0.0,,,,,1,0,0,0,0.0,False
6,1.0,1,9.83,0.0,0.0,0.0,0.0,4.0,0.0,0.0,1.0,0,0,0,1,0.16666666666666666,False
13,1.0,1,10.08,1.0,8.0,0.0,0.0,8.0,4.0,50.0,0.0,0,0,0,1,0.07692307692307693,False
0,0.0,0,0.0,0.0,0.0,0.0,0.0,,,,,1,0,0,0,0.0,False
0,0.0,0,0.0,0.0,0.0,0.0,0.0,0.0,0.0,0.0,0.0,0,0,0,1,0.0,False
16,6.0,2,23.63,1.0,13.0,0.0,1.0,15.0,3.0,20.0,1.0,0,0,0,1,0.125,False
0,0.0,0,0.0,0.0,0.0,0.0,0.0,0.0,0.0,0.0,0.0,0,0,0,1,0.0,False
0,0.0,0,0.0,0.0,0.0,0.0,0.0,,,,,1,0,0,0,0.0,False
0,0.0,0,0.0,0.0,0.0,0.0,0.0,,,,,1,0,0,0,0.0,False
0,0.0,0,0.0,0.0,0.0,0.0,0.0,0.0,0.0,0.0,0.0,0,1,0,0,0.0,False
24,7.0,2,47.5,2.0,6.0,0.0,1.0,26.0,4.0,15.0,1.0,0,0,0,1,0.08333333333333333,False
0,0.0,0,0.0,0.0,0.0,0.0,0.0,0.0,0.0,0.0,0.0,0,0,0,1,0.0,False
4,,0,26.5,0.0,,,0.0,,,,,0,0,1,0,0.0,False
0,0.0,0,0.0,0.0,0.0,0.0,0.0,0.0,0.0,0.0,0.0,0,0,0,1,0.0,False
0,0.0,0,0.0,0.0,0.0,0.0,0.0,0.0,0.0,0.0,0.0,0,1,0,0,0.0,False
31,19.0,6,32.87,9.0,205.0,4.0,1.0,61.0,21.0,34.0,4.0,0,1,0,0,0.1935483870967742,False
0,0.0,0,0.0,0.0,0.0,0.0,0.0,0.0,0.0,0.0,0.0,0,0,0,1,0.0,False
4,0.0,0,16.25,0.0,3.0,0.0,0.0,,,,,1,0,0,0,0.0,False
29,9.0,1,21.69,1.0,57.0,4.0,3.0,48.0,21.0,44.0,3.0,0,1,0,0,0.034482758620689655,True
0,,0,0.0,0.0,,,0.0,,,,,0,0,1,0,0.0,False
25,13.0,1,18.8,0.0,21.0,7.0,2.0,31.0,13.0,42.0,4.0,0,1,0,0,0.04,False
0,0.0,0,0.0,0.0,0.0,0.0,0.0,0.0,0.0,0.0,0.0,0,0,0,1,0.0,False
29,2.0,2,48.41,5.0,77.0,0.0,0.0,15.0,5.0,33.0,0.0,0,0,0,1,0.06896551724137931,False
1,0.0,0,4.0,0.0,0.0,1.0,0.0,0.0,0.0,0.0,0.0,0,0,0,1,0.0,False
31,,0,32.19,0.0,,,0.0,,,,,0,0,1,0,0.0,False
0,0.0,0,0.0,0.0,0.0,0.0,0.0,0.0,0.0,0.0,0.0,0,1,0,0,0.0,False
20,1.0,1,23.6,0.0,19.0,1.0,0.0,,,,,1,0,0,0,0.05,False
26,9.0,3,51.27,4.0,22.0,4.0,0.0,31.0,11.0,35.0,3.0,0,0,0,1,0.11538461538461539,False
32,,0,26.22,0.0,,,0.0,,,,,0,0,1,0,0.0,False
0,0.0,0,0.0,0.0,0.0,0.0,0.0,,,,,1,0,0,0,0.0,False
14,2.0,0,7.93,3.0,9.0,2.0,0.0,5.0,3.0,60.0,0.0,0,1,0,0,0.0,False
15,4.0,1,19.6,2.0,19.0,0.0,0.0,8.0,2.0,25.0,0.0,0,0,0,1,0.06666666666666667,False
0,0.0,0,0.0,0.0,0.0,0.0,0.0,0.0,0.0,0.0,0.0,0,0,0,1,0.0,False
7,2.0,0,13.29,0.0,3.0,0.0,0.0,4.0,2.0,50.0,0.0,0,0,0,1,0.0,False
0,0.0,0,0.0,0.0,0.0,0.0,0.0,0.0,0.0,0.0,0.0,0,0,0,1,0.0,False
27,11.0,2,24.52,5.0,35.0,4.0,1.0,43.0,16.0,37.0,5.0,0,0,0,1,0.07407407407407407,False
0,0.0,0,0.0,0.0,0.0,0.0,0.0,0.0,0.0,0.0,0.0,0,0,0,1,0.0,False
0,0.0,0,0.0,0.0,0.0,0.0,0.0,0.0,0.0,0.0,0.0,0,0,0,1,0.0,False
0,0.0,0,0.0,0.0,0.0,0.0,0.0,0.0,0.0,0.0,0.0,0,1,0,0,0.0,False
1,0.0,0,19.0,0.0,0.0,0.0,0.0,,,,,1,0,0,0,0.0,False
38,,0,26.82,0.0,,,0.0,,,,,0,0,1,0,0.0,False
22,5.0,0,10.05,0.0,8.0,2.0,0.0,11.0,1.0,9.0,0.0,0,0,0,1,0.0,False
3,,0,20.33,0.0,,,0.0,,,,,0,0,1,0,0.0,False
30,19.0,9,29.2,12.0,165.0,14.0,3.0,67.0,24.0,36.0,4.0,0,1,0,0,0.3,False
37,21.0,9,32.14,5.0,36.0,27.0,1.0,79.0,37.0,47.0,11.0,0,1,0,0,0.24324324324324326,True
7,0.0,0,66.86,0.0,0.0,0.0,0.0,,,,,1,0,0,0,0.0,False
29,11.0,3,24.03,6.0,29.0,3.0,1.0,45.0,13.0,29.0,2.0,0,0,0,1,0.10344827586206896,False
31,2.0,2,47.65,2.0,27.0,0.0,2.0,13.0,4.0,31.0,0.0,0,0,0,1,0.06451612903225806,False
27,7.0,3,44.44,4.0,62.0,1.0,0.0,,,,,1,0,0,0,0.1111111111111111,False
0,0.0,0,0.0,0.0,0.0,0.0,0.0,,,,,1,0,0,0,0.0,False
9,2.0,0,56.0,0.0,0.0,0.0,0.0,,,,,1,0,0,0,0.0,False
15,3.0,1,30.93,1.0,15.0,0.0,0.0,,,,,1,0,0,0,0.06666666666666667,False
32,7.0,1,47.69,2.0,30.0,2.0,3.0,27.0,8.0,30.0,2.0,0,0,0,1,0.03125,False
0,0.0,0,0.0,0.0,0.0,0.0,0.0,0.0,0.0,0.0,0.0,0,0,0,1,0.0,False
2,0.0,0,0.5,0.0,0.0,0.0,0.0,0.0,0.0,0.0,0.0,0,0,0,1,0.0,False
34,21.0,3,22.03,4.0,37.0,25.0,1.0,81.0,32.0,40.0,10.0,0,1,0,0,0.08823529411764706,False
33,3.0,0,19.09,2.0,2.0,0.0,0.0,8.0,2.0,25.0,1.0,0,0,0,1,0.0,False
18,6.0,2,24.28,5.0,105.0,1.0,0.0,11.0,1.0,9.0,0.0,0,0,0,1,0.1111111111111111,False
36,26.0,7,36.14,11.0,14.0,4.0,3.0,83.0,34.0,41.0,13.0,0,1,0,0,0.19444444444444445,False
0,0.0,0,0.0,0.0,0.0,0.0,0.0,,,,,1,0,0,0,0.0,False
38,5.0,7,70.53,11.0,294.0,8.0,0.0,,,,,1,0,0,0,0.18421052631578946,False
28,4.0,0,37.39,4.0,101.0,1.0,0.0,,,,,1,0,0,0,0.0,False
19,4.0,0,4.16,0.0,1.0,4.0,0.0,13.0,6.0,46.0,2.0,0,1,0,0,0.0,False
2,,0,20.5,0.0,,,0.0,,,,,0,0,1,0,0.0,False
12,0.0,0,35.75,0.0,0.0,1.0,0.0,,,,,1,0,0,0,0.0,False
34,9.0,2,81.91,1.0,14.0,2.0,2.0,32.0,8.0,25.0,2.0,0,0,0,1,0.058823529411764705,False
26,12.0,2,21.5,4.0,22.0,3.0,4.0,46.0,18.0,39.0,2.0,0,1,0,0,0.07692307692307693,False
31,10.0,2,8.84,3.0,4.0,14.0,0.0,31.0,9.0,29.0,3.0,0,1,0,0,0.06451612903225806,False
0,0.0,0,0.0,0.0,0.0,0.0,0.0,0.0,0.0,0.0,0.0,0,0,0,1,0.0,False
0,0.0,0,0.0,0.0,0.0,0.0,0.0,,,,,1,0,0,0,0.0,False
0,,0,0.0,0.0,,,0.0,,,,,0,0,1,0,0.0,False
21,5.0,1,60.71,3.0,9.0,0.0,1.0,14.0,4.0,29.0,0.0,0,0,0,1,0.047619047619047616,False
0,0.0,0,0.0,0.0,0.0,0.0,0.0,,,,,1,0,0,0,0.0,False
32,1.0,0,84.78,0.0,2.0,1.0,0.0,,,,,1,0,0,0,0.0,False
36,22.0,1,54.97,3.0,23.0,0.0,1.0,67.0,16.0,24.0,0.0,0,0,0,1,0.027777777777777776,False
2,0.0,0,40.0,0.0,4.0,0.0,0.0,,,,,1,0,0,0,0.0,False
2,,0,7.0,0.0,,,0.0,,,,,0,0,1,0,0.0,False
19,3.0,0,80.16,1.0,3.0,1.0,0.0,,,,,1,0,0,0,0.0,False
37,,0,17.89,0.0,,,0.0,,,,,0,0,1,0,0.0,False
1,,0,9.0,0.0,,,0.0,,,,,0,0,1,0,0.0,False
14,,0,28.36,0.0,,,0.0,,,,,0,0,1,0,0.0,False
25,10.0,4,16.68,6.0,21.0,5.0,0.0,30.0,13.0,43.0,3.0,0,1,0,0,0.16,False
27,3.0,0,52.89,1.0,17.0,1.0,2.0,28.0,11.0,39.0,4.0,0,0,0,1,0.0,False
0,0.0,0,0.0,0.0,0.0,0.0,0.0,0.0,0.0,0.0,0.0,0,0,0,1,0.0,False
32,23.0,3,30.56,5.0,148.0,15.0,3.0,61.0,20.0,33.0,6.0,0,0,0,1,0.09375,False
4,0.0,0,23.0,0.0,0.0,0.0,0.0,,,,,1,0,0,0,0.0,False
0,0.0,0,0.0,0.0,0.0,0.0,0.0,,,,,1,0,0,0,0.0,False
12,0.0,0,30.0,0.0,1.0,0.0,0.0,,,,,1,0,0,0,0.0,False
0,0.0,0,0.0,0.0,0.0,0.0,0.0,0.0,0.0,0.0,0.0,0,1,0,0,0.0,False
0,0.0,0,0.0,0.0,0.0,0.0,0.0,0.0,0.0,0.0,0.0,0,1,0,0,0.0,False
27,,0,36.44,0.0,,,0.0,,,,,0,0,1,0,0.0,False
0,0.0,0,0.0,0.0,0.0,0.0,0.0,0.0,0.0,0.0,0.0,0,0,0,1,0.0,False
0,0.0,0,0.0,0.0,0.0,0.0,0.0,0.0,0.0,0.0,0.0,0,1,0,0,0.0,False
9,0.0,0,15.33,0.0,16.0,2.0,0.0,2.0,0.0,0.0,0.0,0,0,0,1,0.0,False
0,,0,0.0,0.0,,,0.0,,,,,0,0,1,0,0.0,False
0,0.0,0,0.0,0.0,0.0,0.0,0.0,,,,,1,0,0,0,0.0,False
19,1.0,0,37.89,1.0,3.0,0.0,0.0,4.0,0.0,0.0,0.0,0,0,0,1,0.0,False
1,0.0,0,0.0,0.0,0.0,0.0,0.0,0.0,0.0,0.0,0.0,0,1,0,0,0.0,False
18,3.0,0,32.28,0.0,6.0,1.0,0.0,,,,,1,0,0,0,0.0,False
0,0.0,0,0.0,0.0,0.0,0.0,0.0,,,,,1,0,0,0,0.0,False
27,4.0,3,14.74,5.0,30.0,0.0,0.0,18.0,10.0,56.0,1.0,0,0,0,1,0.1111111111111111,False
38,,0,28.08,0.0,,,0.0,,,,,0,0,1,0,0.0,False
22,5.0,1,25.36,1.0,25.0,0.0,1.0,15.0,5.0,33.0,2.0,0,0,0,1,0.045454545454545456,False
0,0.0,0,0.0,0.0,0.0,0.0,0.0,0.0,0.0,0.0,0.0,0,0,0,1,0.0,False
1,0.0,0,0.0,0.0,0.0,0.0,0.0,0.0,0.0,0.0,0.0,0,0,0,1,0.0,False
0,0.0,0,0.0,0.0,0.0,0.0,0.0,,,,,0,0,0,1,0.0,False
0,0.0,0,0.0,0.0,0.0,0.0,0.0,0.0,0.0,0.0,0.0,0,0,0,1,0.0,False
13,0.0,0,14.77,0.0,2.0,1.0,0.0,0.0,0.0,0.0,0.0,0,0,0,1,0.0,False
14,5.0,2,28.5,4.0,22.0,0.0,0.0,11.0,0.0,0.0,0.0,0,0,0,1,0.14285714285714285,False
16,0.0,0,7.0,1.0,8.0,11.0,0.0,9.0,6.0,67.0,1.0,0,1,0,0,0.0,False
0,0.0,0,0.0,0.0,0.0,0.0,0.0,0.0,0.0,0.0,0.0,0,0,0,1,0.0,False
32,2.0,5,50.28,7.0,189.0,3.0,0.0,,,,,1,0,0,0,0.15625,False
30,14.0,3,46.7,4.0,94.0,0.0,1.0,42.0,9.0,21.0,1.0,0,0,0,1,0.1,False
2,0.0,0,3.0,0.0,0.0,0.0,0.0,0.0,0.0,0.0,0.0,0,1,0,0,0.0,False
0,0.0,0,0.0,0.0,0.0,0.0,0.0,,,,,1,0,0,0,0.0,False
0,0.0,0,0.0,0.0,0.0,0.0,0.0,,,,,1,0,0,0,0.0,False
2,0.0,0,13.0,0.0,0.0,0.0,0.0,1.0,1.0,100.0,0.0,0,0,0,1,0.0,False
36,16.0,5,23.69,4.0,100.0,0.0,2.0,49.0,17.0,35.0,3.0,0,0,0,1,0.1388888888888889,False
0,0.0,0,0.0,0.0,0.0,0.0,0.0,0.0,0.0,0.0,0.0,0,0,0,1,0.0,False
0,0.0,0,0.0,0.0,0.0,0.0,0.0,,,,,1,0,0,0,0.0,False
0,0.0,0,0.0,0.0,0.0,0.0,0.0,0.0,0.0,0.0,0.0,0,1,0,0,0.0,False
25,2.0,0,30.44,0.0,9.0,0.0,0.0,3.0,1.0,33.0,0.0,0,0,0,1,0.0,False
0,0.0,0,0.0,0.0,0.0,0.0,0.0,0.0,0.0,0.0,0.0,0,0,0,1,0.0,False
0,0.0,0,0.0,0.0,0.0,0.0,0.0,0.0,0.0,0.0,0.0,0,0,0,1,0.0,False
1,0.0,0,9.0,0.0,0.0,0.0,0.0,1.0,0.0,0.0,0.0,0,1,0,0,0.0,False
0,0.0,0,0.0,0.0,0.0,0.0,0.0,,,,,1,0,0,0,0.0,False
3,0.0,0,24.33,0.0,5.0,0.0,0.0,1.0,1.0,100.0,0.0,0,0,0,1,0.0,False
0,0.0,0,0.0,0.0,0.0,0.0,0.0,,,,,1,0,0,0,0.0,False
20,3.0,4,36.3,4.0,17.0,4.0,1.0,13.0,6.0,46.0,1.0,0,0,0,1,0.2,False
11,3.0,0,12.36,1.0,8.0,1.0,0.0,4.0,1.0,25.0,0.0,0,0,0,1,0.0,False
37,15.0,10,28.57,14.0,148.0,16.0,5.0,68.0,36.0,53.0,10.0,0,1,0,0,0.2702702702702703,True
0,,0,0.0,0.0,,,0.0,,,,,0,0,1,0,0.0,False
0,0.0,0,0.0,0.0,0.0,0.0,0.0,0.0,0.0,0.0,0.0,0,1,0,0,0.0,False
38,13.0,1,42.29,2.0,9.0,2.0,1.0,64.0,23.0,36.0,1.0,0,0,0,1,0.02631578947368421,True
0,0.0,0,0.0,0.0,0.0,0.0,0.0,0.0,0.0,0.0,0.0,0,1,0,0,0.0,False
23,1.0,0,60.04,1.0,10.0,0.0,0.0,,,,,1,0,0,0,0.0,False
0,0.0,0,0.0,0.0,0.0,0.0,0.0,0.0,0.0,0.0,0.0,0,0,0,1,0.0,False
0,0.0,0,0.0,0.0,0.0,0.0,0.0,0.0,0.0,0.0,0.0,0,1,0,0,0.0,False
0,,0,0.0,0.0,,,0.0,,,,,0,0,1,0,0.0,False
0,,0,0.0,0.0,,,0.0,,,,,0,0,1,0,0.0,False
1,,0,26.0,0.0,,,0.0,,,,,0,0,1,0,0.0,False
0,,0,0.0,0.0,,,0.0,,,,,0,0,1,0,0.0,False
7,3.0,0,17.0,0.0,0.0,0.0,0.0,4.0,0.0,0.0,0.0,0,0,0,1,0.0,False
31,21.0,7,35.9,9.0,20.0,9.0,3.0,70.0,28.0,40.0,13.0,0,1,0,0,0.22580645161290322,True
0,0.0,0,0.0,0.0,0.0,0.0,0.0,,,,,1,0,0,0,0.0,False
0,0.0,0,0.0,0.0,0.0,0.0,0.0,0.0,0.0,0.0,0.0,0,0,0,1,0.0,False
0,0.0,0,0.0,0.0,0.0,0.0,0.0,0.0,0.0,0.0,0.0,0,1,0,0,0.0,False
0,,0,0.0,0.0,,,0.0,,,,,0,0,1,0,0.0,False
22,4.0,0,78.5,0.0,1.0,1.0,0.0,,,,,1,0,0,0,0.0,False
27,4.0,0,48.0,0.0,1.0,0.0,0.0,,,,,1,0,0,0,0.0,False
0,0.0,0,0.0,0.0,0.0,0.0,0.0,0.0,0.0,0.0,0.0,0,0,0,1,0.0,False
0,0.0,0,0.0,0.0,0.0,0.0,0.0,0.0,0.0,0.0,0.0,0,0,0,1,0.0,False
0,0.0,0,0.0,0.0,0.0,0.0,0.0,,,,,1,0,0,0,0.0,False
0,0.0,0,0.0,0.0,0.0,0.0,0.0,0.0,0.0,0.0,0.0,0,1,0,0,0.0,False
6,0.0,0,33.17,1.0,4.0,0.0,0.0,,,,,1,0,0,0,0.0,False
38,2.0,2,44.32,3.0,146.0,0.0,0.0,,,,,1,0,0,0,0.05263157894736842,False
36,1.0,0,34.97,1.0,6.0,3.0,0.0,,,,,1,0,0,0,0.0,False
3,0.0,1,10.33,1.0,2.0,0.0,0.0,0.0,0.0,0.0,0.0,0,1,0,0,0.3333333333333333,False
0,0.0,0,0.0,0.0,0.0,0.0,0.0,,,,,1,0,0,0,0.0,False
1,0.0,0,9.0,0.0,0.0,0.0,0.0,,,,,1,0,0,0,0.0,False
0,0.0,0,0.0,0.0,0.0,0.0,0.0,0.0,0.0,0.0,0.0,0,1,0,0,0.0,False
1,0.0,0,1.0,0.0,0.0,0.0,0.0,,,,,1,0,0,0,0.0,False
18,4.0,1,7.5,2.0,7.0,5.0,0.0,17.0,8.0,47.0,2.0,0,0,0,1,0.05555555555555555,False
22,3.0,1,31.36,2.0,72.0,2.0,0.0,,,,,1,0,0,0,0.045454545454545456,False
24,11.0,0,71.67,3.0,7.0,0.0,0.0,22.0,5.0,23.0,1.0,0,0,0,1,0.0,False
23,4.0,0,84.35,0.0,3.0,0.0,0.0,,,,,1,0,0,0,0.0,False
0,0.0,0,0.0,0.0,0.0,0.0,0.0,,,,,1,0,0,0,0.0,False
0,0.0,0,0.0,0.0,0.0,0.0,0.0,0.0,0.0,0.0,0.0,0,1,0,0,0.0,False
38,16.0,4,65.32,3.0,138.0,0.0,2.0,49.0,20.0,41.0,1.0,0,0,0,1,0.10526315789473684,False
27,6.0,3,43.7,5.0,125.0,0.0,0.0,,,,,1,0,0,0,0.1111111111111111,False
8,0.0,0,22.75,0.0,0.0,0.0,1.0,,,,,1,0,0,0,0.0,False
1,0.0,0,29.0,0.0,0.0,0.0,0.0,,,,,1,0,0,0,0.0,False
0,0.0,0,0.0,0.0,0.0,0.0,0.0,0.0,0.0,0.0,0.0,0,0,0,1,0.0,False
24,11.0,2,16.92,2.0,33.0,5.0,0.0,36.0,15.0,42.0,5.0,0,1,0,0,0.08333333333333333,False
5,0.0,0,2.8,0.0,0.0,0.0,0.0,0.0,0.0,0.0,0.0,0,1,0,0,0.0,False
34,12.0,5,20.68,7.0,155.0,2.0,0.0,36.0,11.0,31.0,2.0,0,0,0,1,0.14705882352941177,False
0,,0,0.0,0.0,,,0.0,,,,,0,0,1,0,0.0,False
36,21.0,6,19.44,6.0,102.0,7.0,2.0,64.0,23.0,36.0,4.0,0,1,0,0,0.16666666666666666,False
21,9.0,1,13.71,5.0,26.0,4.0,1.0,35.0,12.0,34.0,5.0,0,0,0,1,0.047619047619047616,False
35,16.0,5,28.51,6.0,83.0,5.0,5.0,58.0,23.0,40.0,5.0,0,1,0,0,0.14285714285714285,False
0,,0,0.0,0.0,,,0.0,,,,,0,0,1,0,0.0,False
2,0.0,0,2.5,0.0,2.0,0.0,0.0,,,,,1,0,0,0,0.0,False
9,0.0,0,29.22,0.0,0.0,0.0,0.0,,,,,1,0,0,0,0.0,False
0,0.0,0,0.0,0.0,0.0,0.0,0.0,0.0,0.0,0.0,0.0,0,0,0,1,0.0,False
0,,0,0.0,0.0,,,0.0,,,,,0,0,1,0,0.0,False
9,7.0,2,12.33,3.0,16.0,2.0,0.0,9.0,1.0,11.0,0.0,0,0,0,1,0.2222222222222222,False
0,0.0,0,0.0,0.0,0.0,0.0,0.0,0.0,0.0,0.0,0.0,0,0,0,1,0.0,False
3,0.0,0,15.0,0.0,4.0,0.0,0.0,,,,,1,0,0,0,0.0,False
22,4.0,1,43.27,1.0,40.0,3.0,0.0,,,,,1,0,0,0,0.045454545454545456,False
19,0.0,1,14.37,1.0,0.0,0.0,1.0,2.0,1.0,50.0,0.0,0,0,0,1,0.05263157894736842,False
0,0.0,0,0.0,0.0,0.0,0.0,0.0,,,,,1,0,0,0,0.0,False
5,1.0,0,68.2,0.0,0.0,1.0,0.0,,,,,1,0,0,0,0.0,False
0,0.0,0,0.0,0.0,0.0,0.0,0.0,0.0,0.0,0.0,0.0,0,0,0,1,0.0,False
0,0.0,0,0.0,0.0,0.0,0.0,0.0,,,,,1,0,0,0,0.0,False
34,15.0,9,12.76,9.0,20.0,36.0,4.0,82.0,38.0,46.0,19.0,0,1,0,0,0.2647058823529412,True
0,0.0,0,0.0,0.0,0.0,0.0,0.0,0.0,0.0,0.0,0.0,0,1,0,0,0.0,False
28,3.0,1,44.61,2.0,63.0,0.0,0.0,,,,,1,0,0,0,0.03571428571428571,False
0,,0,0.0,0.0,,,0.0,,,,,0,0,1,0,0.0,False
0,0.0,0,0.0,0.0,0.0,0.0,0.0,,,,,1,0,0,0,0.0,False
30,3.0,0,58.77,1.0,5.0,0.0,1.0,,,,,1,0,0,0,0.0,False
19,2.0,1,17.37,1.0,14.0,1.0,0.0,8.0,4.0,50.0,1.0,0,0,0,1,0.05263157894736842,False
1,0.0,0,13.0,0.0,3.0,1.0,0.0,,,,,1,0,0,0,0.0,False
0,,0,0.0,0.0,,,0.0,,,,,0,0,1,0,0.0,False
28,8.0,2,8.43,4.0,3.0,12.0,0.0,35.0,10.0,29.0,7.0,0,1,0,0,0.07142857142857142,False
22,5.0,3,18.18,1.0,29.0,8.0,1.0,29.0,11.0,38.0,2.0,0,1,0,0,0.13636363636363635,False
0,0.0,0,0.0,0.0,0.0,0.0,0.0,,,,,1,0,0,0,0.0,False
30,7.0,2,44.1,2.0,35.0,7.0,1.0,,,,,1,0,0,0,0.06666666666666667,False
0,,0,0.0,0.0,,,0.0,,,,,0,0,1,0,0.0,False
34,1.0,4,53.12,2.0,60.0,1.0,0.0,,,,,1,0,0,0,0.11764705882352941,False
26,0.0,1,31.5,1.0,27.0,1.0,1.0,,,,,1,0,0,0,0.038461538461538464,False
38,7.0,7,64.05,3.0,251.0,0.0,3.0,43.0,24.0,56.0,1.0,0,0,0,1,0.18421052631578946,False
37,26.0,5,21.73,8.0,22.0,31.0,7.0,97.0,45.0,46.0,13.0,0,1,0,0,0.13513513513513514,True
3,0.0,0,4.0,0.0,1.0,0.0,0.0,0.0,0.0,0.0,0.0,0,0,0,1,0.0,False
29,3.0,0,63.38,0.0,1.0,1.0,3.0,,,,,1,0,0,0,0.0,False
0,0.0,0,0.0,0.0,0.0,0.0,0.0,0.0,0.0,0.0,0.0,0,0,0,1,0.0,False
24,9.0,1,10.75,6.0,3.0,5.0,2.0,35.0,15.0,43.0,9.0,0,1,0,0,0.041666666666666664,False
0,0.0,0,0.0,0.0,0.0,0.0,0.0,,,,,1,0,0,0,0.0,False
35,20.0,8,22.26,10.0,35.0,27.0,5.0,79.0,32.0,41.0,18.0,0,1,0,0,0.22857142857142856,False
3,0.0,0,1.33,0.0,0.0,0.0,0.0,1.0,1.0,100.0,0.0,0,1,0,0,0.0,False
38,3.0,3,53.79,9.0,182.0,0.0,1.0,20.0,7.0,35.0,0.0,0,0,0,1,0.07894736842105263,False
36,6.0,0,48.53,1.0,22.0,1.0,0.0,,,,,1,0,0,0,0.0,False
0,,0,0.0,0.0,,,0.0,,,,,0,0,1,0,0.0,False
0,0.0,0,0.0,0.0,0.0,0.0,0.0,0.0,0.0,0.0,0.0,0,1,0,0,0.0,False
38,9.0,0,46.24,1.0,6.0,0.0,1.0,31.0,9.0,29.0,1.0,0,0,0,1,0.0,False
4,0.0,0,30.75,0.0,1.0,0.0,0.0,,,,,1,0,0,0,0.0,False
25,7.0,5,27.08,5.0,104.0,4.0,2.0,20.0,3.0,15.0,1.0,0,1,0,0,0.2,False
17,3.0,0,17.53,1.0,6.0,2.0,0.0,19.0,7.0,37.0,2.0,0,1,0,0,0.0,False
21,3.0,0,14.95,0.0,19.0,0.0,0.0,23.0,13.0,57.0,2.0,0,0,0,1,0.0,False
0,0.0,0,0.0,0.0,0.0,0.0,0.0,0.0,0.0,0.0,0.0,0,0,0,1,0.0,False
0,0.0,0,0.0,0.0,0.0,0.0,0.0,0.0,0.0,0.0,0.0,0,0,0,1,0.0,False
15,2.0,0,45.4,0.0,2.0,0.0,0.0,4.0,1.0,25.0,0.0,0,0,0,1,0.0,False
0,,0,0.0,0.0,,,0.0,,,,,0,0,1,0,0.0,False
33,14.0,3,19.79,2.0,7.0,24.0,3.0,70.0,39.0,56.0,19.0,0,1,0,0,0.09090909090909091,True
0,0.0,0,0.0,0.0,0.0,0.0,0.0,0.0,0.0,0.0,0.0,0,0,0,1,0.0,False
0,0.0,0,0.0,0.0,0.0,0.0,0.0,,,,,1,0,0,0,0.0,False
0,0.0,0,0.0,0.0,0.0,0.0,0.0,0.0,0.0,0.0,0.0,0,1,0,0,0.0,False
31,8.0,2,70.61,2.0,12.0,1.0,0.0,21.0,7.0,33.0,0.0,0,0,0,1,0.06451612903225806,False
0,0.0,0,0.0,0.0,0.0,0.0,0.0,,,,,1,0,0,0,0.0,False
15,3.0,1,9.0,1.0,16.0,5.0,0.0,7.0,2.0,29.0,0.0,0,1,0,0,0.06666666666666667,False
6,1.0,0,22.5,0.0,13.0,1.0,0.0,,,,,1,0,0,0,0.0,False
16,3.0,1,33.13,1.0,2.0,1.0,0.0,12.0,0.0,0.0,1.0,0,0,0,1,0.0625,False
0,0.0,0,0.0,0.0,0.0,0.0,0.0,,,,,1,0,0,0,0.0,False
0,0.0,0,0.0,0.0,0.0,0.0,0.0,0.0,0.0,0.0,0.0,0,0,0,1,0.0,False
30,23.0,2,24.47,4.0,41.0,22.0,2.0,60.0,20.0,33.0,5.0,0,1,0,0,0.06666666666666667,True
36,10.0,3,39.33,4.0,13.0,0.0,1.0,34.0,9.0,26.0,0.0,0,0,0,1,0.08333333333333333,False
0,0.0,0,0.0,0.0,0.0,0.0,0.0,,,,,1,0,0,0,0.0,False
9,3.0,0,4.22,0.0,6.0,0.0,0.0,7.0,2.0,29.0,1.0,0,1,0,0,0.0,False
0,,0,0.0,0.0,,,0.0,,,,,0,0,1,0,0.0,False
20,7.0,0,68.4,1.0,39.0,1.0,0.0,16.0,4.0,25.0,0.0,1,0,0,0,0.0,False
0,0.0,0,0.0,0.0,0.0,0.0,0.0,0.0,0.0,0.0,0.0,0,1,0,0,0.0,False
23,16.0,3,28.96,6.0,64.0,4.0,1.0,35.0,13.0,37.0,1.0,0,0,0,1,0.13043478260869565,False
0,0.0,0,0.0,0.0,0.0,0.0,0.0,0.0,0.0,0.0,0.0,0,1,0,0,0.0,False
24,6.0,0,73.96,0.0,0.0,0.0,2.0,,,,,1,0,0,0,0.0,False
0,,0,0.0,0.0,,,0.0,,,,,0,0,1,0,0.0,False
14,9.0,2,35.43,1.0,36.0,1.0,0.0,15.0,3.0,20.0,0.0,0,0,0,1,0.14285714285714285,False
34,6.0,2,32.26,2.0,50.0,1.0,0.0,,,,,1,0,0,0,0.058823529411764705,False
0,0.0,0,0.0,0.0,0.0,0.0,0.0,0.0,0.0,0.0,0.0,0,1,0,0,0.0,False
23,16.0,2,13.17,1.0,18.0,2.0,0.0,47.0,14.0,30.0,4.0,0,1,0,0,0.08695652173913043,False
30,10.0,3,15.37,6.0,8.0,7.0,1.0,49.0,24.0,49.0,9.0,0,1,0,0,0.1,False
0,0.0,0,0.0,0.0,0.0,0.0,0.0,,,,,1,0,0,0,0.0,False
0,,0,0.0,0.0,,,0.0,,,,,0,0,1,0,0.0,False
0,0.0,0,0.0,0.0,0.0,0.0,0.0,0.0,0.0,0.0,0.0,0,1,0,0,0.0,False
0,0.0,0,0.0,0.0,0.0,0.0,0.0,,,,,1,0,0,0,0.0,False
0,0.0,0,0.0,0.0,0.0,0.0,0.0,,,,,1,0,0,0,0.0,False
23,2.0,2,32.78,3.0,96.0,3.0,0.0,,,,,1,0,0,0,0.08695652173913043,False
24,5.0,3,30.13,4.0,17.0,0.0,0.0,,,,,1,0,0,0,0.125,False
14,0.0,0,60.71,1.0,1.0,0.0,1.0,,,,,1,0,0,0,0.0,False
17,1.0,2,25.12,2.0,78.0,2.0,0.0,4.0,1.0,25.0,1.0,0,0,0,1,0.11764705882352941,False
25,14.0,4,59.92,3.0,4.0,0.0,0.0,25.0,6.0,24.0,1.0,0,0,0,1,0.16,False
0,0.0,0,0.0,0.0,0.0,0.0,0.0,,,,,1,0,0,0,0.0,False
0,0.0,0,0.0,0.0,0.0,0.0,0.0,,,,,1,0,0,0,0.0,False
0,0.0,0,0.0,0.0,0.0,0.0,0.0,,,,,1,0,0,0,0.0,False
21,3.0,4,44.52,2.0,127.0,1.0,2.0,,,,,1,0,0,0,0.19047619047619047,False
32,15.0,12,67.34,18.0,273.0,11.0,0.0,,,,,1,0,0,0,0.375,False
0,0.0,0,0.0,0.0,0.0,0.0,0.0,,,,,1,0,0,0,0.0,False
36,,1,32.69,0.0,,,0.0,,,,,0,0,1,0,0.027777777777777776,False
28,3.0,2,34.21,0.0,10.0,0.0,0.0,7.0,3.0,43.0,0.0,0,0,0,1,0.07142857142857142,False
21,2.0,0,17.43,2.0,6.0,4.0,0.0,7.0,3.0,43.0,1.0,0,0,0,1,0.0,False
30,15.0,0,16.17,1.0,22.0,9.0,1.0,32.0,7.0,22.0,0.0,0,0,0,1,0.0,False
28,19.0,4,40.54,6.0,149.0,3.0,0.0,,,,,1,0,0,0,0.14285714285714285,False
0,0.0,0,0.0,0.0,0.0,0.0,0.0,0.0,0.0,0.0,0.0,0,0,0,1,0.0,False
0,0.0,0,0.0,0.0,0.0,0.0,0.0,0.0,0.0,0.0,0.0,0,1,0,0,0.0,False
0,0.0,0,0.0,0.0,0.0,0.0,0.0,0.0,0.0,0.0,0.0,0,0,0,1,0.0,False
9,0.0,0,25.78,0.0,0.0,0.0,0.0,1.0,1.0,100.0,0.0,0,0,0,1,0.0,False
28,0.0,0,54.82,0.0,0.0,1.0,0.0,,,,,1,0,0,0,0.0,False
0,0.0,0,0.0,0.0,0.0,0.0,0.0,,,,,1,0,0,0,0.0,False
0,,0,0.0,0.0,,,0.0,,,,,0,0,1,0,0.0,False
34,1.0,3,68.65,2.0,8.0,1.0,0.0,,,,,1,0,0,0,0.08823529411764706,False
0,0.0,0,0.0,0.0,0.0,0.0,0.0,,,,,1,0,0,0,0.0,False
0,0.0,0,0.0,0.0,0.0,0.0,0.0,0.0,0.0,0.0,0.0,0,1,0,0,0.0,False
14,7.0,1,19.71,0.0,6.0,0.0,0.0,14.0,4.0,29.0,1.0,0,0,0,1,0.07142857142857142,False
0,0.0,0,0.0,0.0,0.0,0.0,0.0,0.0,0.0,0.0,0.0,0,0,0,1,0.0,False
0,,0,0.0,0.0,,,0.0,,,,,0,0,1,0,0.0,False
0,0.0,0,0.0,0.0,0.0,0.0,0.0,,,,,1,0,0,0,0.0,False
0,0.0,0,0.0,0.0,0.0,0.0,0.0,0.0,0.0,0.0,0.0,0,0,0,1,0.0,False
36,24.0,8,17.08,7.0,63.0,13.0,1.0,83.0,29.0,35.0,10.0,0,1,0,0,0.2222222222222222,True
0,0.0,0,0.0,0.0,0.0,0.0,0.0,0.0,0.0,0.0,0.0,0,0,0,1,0.0,False
0,0.0,0,0.0,0.0,0.0,0.0,0.0,0.0,0.0,0.0,0.0,0,0,0,1,0.0,False
3,1.0,0,1.33,0.0,0.0,0.0,0.0,1.0,0.0,0.0,0.0,0,1,0,0,0.0,False
1,,0,37.0,0.0,,,0.0,,,,,0,0,1,0,0.0,False
25,12.0,0,27.92,0.0,35.0,1.0,0.0,38.0,9.0,24.0,2.0,0,0,0,1,0.0,False
1,0.0,0,6.0,0.0,0.0,0.0,0.0,,,,,1,0,0,0,0.0,False
0,0.0,0,0.0,0.0,0.0,0.0,0.0,0.0,0.0,0.0,0.0,0,0,0,1,0.0,False
0,0.0,0,0.0,0.0,0.0,0.0,0.0,,,,,1,0,0,0,0.0,False
0,0.0,0,0.0,0.0,0.0,0.0,0.0,0.0,0.0,0.0,0.0,0,0,0,1,0.0,False
14,10.0,1,13.86,0.0,11.0,10.0,2.0,35.0,18.0,51.0,6.0,0,1,0,0,0.07142857142857142,False
0,0.0,0,0.0,0.0,0.0,0.0,0.0,,,,,1,0,0,0,0.0,False
0,,0,0.0,0.0,,,0.0,,,,,0,0,1,0,0.0,False
0,0.0,0,0.0,0.0,0.0,0.0,0.0,,,,,1,0,0,0,0.0,False
0,0.0,0,0.0,0.0,0.0,0.0,0.0,0.0,0.0,0.0,0.0,0,1,0,0,0.0,False
31,15.0,3,21.58,4.0,74.0,2.0,0.0,35.0,8.0,23.0,4.0,0,1,0,0,0.0967741935483871,False
26,3.0,2,54.54,4.0,31.0,2.0,1.0,,,,,1,0,0,0,0.07692307692307693,False
0,0.0,0,0.0,0.0,0.0,0.0,0.0,0.0,0.0,0.0,0.0,0,0,0,1,0.0,False
27,3.0,2,59.44,2.0,47.0,2.0,2.0,,,,,1,0,0,0,0.07407407407407407,False
0,0.0,0,0.0,0.0,0.0,0.0,0.0,0.0,0.0,0.0,0.0,0,1,0,0,0.0,False
0,0.0,0,0.0,0.0,0.0,0.0,0.0,,,,,1,0,0,0,0.0,False
12,,0,26.25,0.0,,,0.0,,,,,0,0,1,0,0.0,False
18,7.0,2,10.44,1.0,33.0,4.0,1.0,21.0,8.0,38.0,0.0,0,0,0,1,0.1111111111111111,False
4,0.0,0,21.25,0.0,0.0,0.0,0.0,,,,,1,0,0,0,0.0,False
0,0.0,0,0.0,0.0,0.0,0.0,0.0,0.0,0.0,0.0,0.0,0,0,0,1,0.0,False
0,0.0,0,0.0,0.0,0.0,0.0,0.0,0.0,0.0,0.0,0.0,0,0,0,1,0.0,False
0,0.0,0,0.0,0.0,0.0,0.0,0.0,0.0,0.0,0.0,0.0,0,0,0,1,0.0,False
0,0.0,0,0.0,0.0,0.0,0.0,0.0,,,,,1,0,0,0,0.0,False
0,,0,0.0,0.0,,,0.0,,,,,0,0,1,0,0.0,False
0,0.0,0,0.0,0.0,0.0,0.0,0.0,0.0,0.0,0.0,0.0,0,1,0,0,0.0,False
2,0.0,0,4.5,0.0,0.0,1.0,0.0,3.0,0.0,0.0,0.0,0,1,0,0,0.0,False
0,0.0,0,0.0,0.0,0.0,0.0,0.0,,,,,1,0,0,0,0.0,False
9,4.0,2,11.56,2.0,3.0,5.0,0.0,20.0,5.0,25.0,2.0,0,1,0,0,0.2222222222222222,False
0,0.0,0,0.0,0.0,0.0,0.0,0.0,0.0,0.0,0.0,0.0,0,0,0,1,0.0,False
0,0.0,0,0.0,0.0,0.0,0.0,0.0,0.0,0.0,0.0,0.0,0,1,0,0,0.0,False
22,5.0,0,13.55,0.0,8.0,1.0,0.0,12.0,4.0,33.0,0.0,0,0,0,1,0.0,False
0,,0,0.0,0.0,,,0.0,,,,,0,0,1,0,0.0,False
0,0.0,0,0.0,0.0,0.0,0.0,0.0,,,,,1,0,0,0,0.0,False
6,1.0,0,20.17,1.0,7.0,0.0,0.0,9.0,4.0,44.0,2.0,0,0,0,1,0.0,False
23,2.0,0,8.26,1.0,2.0,9.0,2.0,16.0,6.0,38.0,1.0,0,1,0,0,0.0,False
0,0.0,0,0.0,0.0,0.0,0.0,0.0,,,,,1,0,0,0,0.0,False
0,0.0,0,0.0,0.0,0.0,0.0,0.0,0.0,0.0,0.0,0.0,0,1,0,0,0.0,False
3,0.0,0,20.33,0.0,0.0,0.0,0.0,1.0,0.0,0.0,0.0,0,0,0,1,0.0,False
0,0.0,0,0.0,0.0,0.0,0.0,0.0,0.0,0.0,0.0,0.0,0,1,0,0,0.0,False
0,,0,0.0,0.0,,,0.0,,,,,0,0,1,0,0.0,False
11,2.0,0,39.18,0.0,10.0,0.0,0.0,,,,,1,0,0,0,0.0,False
0,0.0,0,0.0,0.0,0.0,0.0,0.0,,,,,1,0,0,0,0.0,False
31,4.0,0,46.61,1.0,1.0,1.0,0.0,,,,,1,0,0,0,0.0,False
3,,0,26.67,0.0,,,0.0,,,,,0,0,1,0,0.0,False
0,0.0,0,0.0,0.0,0.0,0.0,0.0,,,,,1,0,0,0,0.0,False
1,0.0,0,77.0,1.0,9.0,0.0,0.0,,,,,1,0,0,0,0.0,False
0,0.0,0,0.0,0.0,0.0,0.0,0.0,,,,,1,0,0,0,0.0,False
0,0.0,0,0.0,0.0,0.0,0.0,0.0,0.0,0.0,0.0,0.0,0,1,0,0,0.0,False
32,21.0,6,23.81,5.0,74.0,9.0,2.0,63.0,22.0,35.0,4.0,0,1,0,0,0.1875,False
0,0.0,0,0.0,0.0,0.0,0.0,0.0,0.0,0.0,0.0,0.0,0,0,0,1,0.0,False
17,4.0,4,59.24,6.0,9.0,0.0,0.0,14.0,2.0,14.0,0.0,0,0,0,1,0.23529411764705882,False
25,7.0,1,11.92,2.0,0.0,10.0,3.0,39.0,13.0,33.0,8.0,0,1,0,0,0.04,False
0,0.0,0,0.0,0.0,0.0,0.0,0.0,,,,,1,0,0,0,0.0,False
0,,0,0.0,0.0,,,0.0,,,,,0,0,1,0,0.0,False
25,4.0,1,6.6,1.0,8.0,1.0,0.0,19.0,10.0,53.0,3.0,0,1,0,0,0.04,False
0,0.0,0,0.0,0.0,0.0,0.0,0.0,0.0,0.0,0.0,0.0,0,0,0,1,0.0,False
0,0.0,0,0.0,0.0,0.0,0.0,0.0,0.0,0.0,0.0,0.0,0,0,0,1,0.0,False
0,0.0,0,0.0,0.0,0.0,0.0,0.0,,,,,1,0,0,0,0.0,False
35,13.0,4,53.94,8.0,58.0,9.0,1.0,47.0,20.0,43.0,5.0,0,0,0,1,0.11428571428571428,False
4,0.0,0,36.25,0.0,12.0,0.0,0.0,,,,,1,0,0,0,0.0,False
0,0.0,0,0.0,0.0,0.0,0.0,0.0,0.0,0.0,0.0,0.0,0,0,0,1,0.0,False
0,,0,0.0,0.0,,,0.0,,,,,0,0,1,0,0.0,False
4,0.0,0,3.25,0.0,0.0,0.0,0.0,0.0,0.0,0.0,0.0,0,0,0,1,0.0,False
0,0.0,0,0.0,0.0,0.0,0.0,0.0,0.0,0.0,0.0,0.0,0,1,0,0,0.0,False
0,,0,0.0,0.0,,,0.0,,,,,0,0,1,0,0.0,False
26,5.0,2,45.65,2.0,2.0,0.0,1.0,21.0,5.0,24.0,1.0,0,0,0,1,0.07692307692307693,False
0,0.0,0,0.0,0.0,0.0,0.0,0.0,0.0,0.0,0.0,0.0,0,1,0,0,0.0,False
0,0.0,0,0.0,0.0,0.0,0.0,0.0,0.0,0.0,0.0,0.0,0,0,0,1,0.0,False
0,0.0,0,0.0,0.0,0.0,0.0,0.0,0.0,0.0,0.0,0.0,0,0,0,1,0.0,False
0,0.0,0,0.0,0.0,0.0,0.0,0.0,0.0,0.0,0.0,0.0,0,0,0,1,0.0,False
0,0.0,0,0.0,0.0,0.0,0.0,0.0,,,,,0,0,0,1,0.0,False
0,0.0,0,0.0,0.0,0.0,0.0,0.0,0.0,0.0,0.0,0.0,0,0,0,1,0.0,False
0,0.0,0,0.0,0.0,0.0,0.0,0.0,,,,,1,0,0,0,0.0,False
0,0.0,0,0.0,0.0,0.0,0.0,0.0,0.0,0.0,0.0,0.0,0,0,0,1,0.0,False
10,0.0,0,55.6,0.0,0.0,1.0,0.0,,,,,1,0,0,0,0.0,False
0,0.0,0,0.0,0.0,0.0,0.0,0.0,0.0,0.0,0.0,0.0,0,0,0,1,0.0,False
36,23.0,10,19.83,9.0,141.0,14.0,4.0,79.0,34.0,43.0,13.0,0,1,0,0,0.2777777777777778,True
0,0.0,0,0.0,0.0,0.0,0.0,0.0,,,,,1,0,0,0,0.0,False
0,0.0,0,0.0,0.0,0.0,0.0,0.0,0.0,0.0,0.0,0.0,0,0,0,1,0.0,False
6,0.0,0,19.17,0.0,0.0,0.0,0.0,,,,,1,0,0,0,0.0,False
0,0.0,0,0.0,0.0,0.0,0.0,0.0,0.0,0.0,0.0,0.0,0,0,0,1,0.0,False
0,0.0,0,0.0,0.0,0.0,0.0,0.0,0.0,0.0,0.0,0.0,0,1,0,0,0.0,False
0,0.0,0,0.0,0.0,0.0,0.0,0.0,0.0,0.0,0.0,0.0,0,1,0,0,0.0,False
32,9.0,0,12.38,2.0,8.0,13.0,2.0,45.0,21.0,47.0,5.0,0,1,0,0,0.0,False
35,10.0,3,32.11,2.0,53.0,0.0,0.0,29.0,9.0,31.0,0.0,0,0,0,1,0.08571428571428572,False
36,34.0,6,52.81,15.0,148.0,3.0,3.0,89.0,29.0,33.0,7.0,0,0,0,1,0.16666666666666666,True
17,6.0,1,29.71,3.0,12.0,4.0,0.0,23.0,12.0,52.0,1.0,0,0,0,1,0.058823529411764705,False
0,0.0,0,0.0,0.0,0.0,0.0,0.0,0.0,0.0,0.0,0.0,0,0,0,1,0.0,False
1,0.0,0,21.0,0.0,0.0,0.0,0.0,,,,,1,0,0,0,0.0,False
35,13.0,6,24.31,8.0,34.0,3.0,0.0,44.0,13.0,30.0,3.0,0,0,0,1,0.17142857142857143,False
29,4.0,1,42.07,2.0,1.0,5.0,0.0,,,,,1,0,0,0,0.034482758620689655,False
0,0.0,0,0.0,0.0,0.0,0.0,0.0,,,,,1,0,0,0,0.0,False
9,,0,27.44,0.0,,,0.0,,,,,0,0,1,0,0.0,False
0,,0,0.0,0.0,,,0.0,,,,,0,0,1,0,0.0,False
15,2.0,0,29.4,0.0,9.0,0.0,1.0,,,,,1,0,0,0,0.0,False
2,,0,30.0,0.0,,,0.0,,,,,0,0,1,0,0.0,False
0,0.0,0,0.0,0.0,0.0,0.0,0.0,,,,,1,0,0,0,0.0,False
0,0.0,0,0.0,0.0,0.0,0.0,0.0,0.0,0.0,0.0,0.0,0,0,0,1,0.0,False
0,0.0,0,0.0,0.0,0.0,0.0,0.0,,,,,1,0,0,0,0.0,False
0,0.0,0,0.0,0.0,0.0,0.0,0.0,0.0,0.0,0.0,0.0,0,0,0,1,0.0,False
17,6.0,2,16.29,3.0,2.0,4.0,2.0,33.0,13.0,39.0,3.0,0,1,0,0,0.11764705882352941,False
0,0.0,0,0.0,0.0,0.0,0.0,0.0,0.0,0.0,0.0,0.0,0,1,0,0,0.0,False
0,0.0,0,0.0,0.0,0.0,0.0,0.0,,,,,1,0,0,0,0.0,False
31,10.0,2,21.55,3.0,87.0,5.0,0.0,33.0,13.0,39.0,2.0,0,0,0,1,0.06451612903225806,False
8,1.0,0,18.88,0.0,3.0,2.0,0.0,5.0,0.0,0.0,0.0,0,0,0,1,0.0,False
0,,0,0.0,0.0,,,0.0,,,,,0,0,1,0,0.0,False
0,0.0,0,0.0,0.0,0.0,0.0,0.0,0.0,0.0,0.0,0.0,0,1,0,0,0.0,False
0,0.0,0,0.0,0.0,0.0,0.0,0.0,0.0,0.0,0.0,0.0,0,1,0,0,0.0,False
0,,0,0.0,0.0,,,0.0,,,,,0,0,1,0,0.0,False
0,0.0,0,0.0,0.0,0.0,0.0,0.0,,,,,1,0,0,0,0.0,False
0,0.0,0,0.0,0.0,0.0,0.0,0.0,,,,,1,0,0,0,0.0,False
38,9.0,3,32.08,3.0,98.0,2.0,0.0,,,,,1,0,0,0,0.07894736842105263,False
27,1.0,0,40.81,1.0,40.0,1.0,0.0,,,,,1,0,0,0,0.0,False
31,1.0,1,29.13,2.0,4.0,0.0,0.0,,,,,1,0,0,0,0.03225806451612903,False
15,4.0,1,15.33,1.0,2.0,6.0,1.0,18.0,8.0,44.0,6.0,0,1,0,0,0.06666666666666667,False
0,0.0,0,0.0,0.0,0.0,0.0,0.0,0.0,0.0,0.0,0.0,0,0,0,1,0.0,False
21,6.0,1,41.62,2.0,100.0,3.0,0.0,,,,,1,0,0,0,0.047619047619047616,False
0,0.0,0,0.0,0.0,0.0,0.0,0.0,,,,,1,0,0,0,0.0,False
20,0.0,1,63.5,0.0,4.0,0.0,0.0,,,,,1,0,0,0,0.05,False
13,2.0,0,43.08,0.0,5.0,0.0,0.0,,,,,1,0,0,0,0.0,False
0,0.0,0,0.0,0.0,0.0,0.0,0.0,0.0,0.0,0.0,0.0,0,0,0,1,0.0,False
0,0.0,0,0.0,0.0,0.0,0.0,0.0,0.0,0.0,0.0,0.0,0,0,0,1,0.0,False
1,0.0,0,0.0,0.0,0.0,0.0,0.0,0.0,0.0,0.0,0.0,0,0,0,1,0.0,False
7,4.0,1,38.57,1.0,32.0,2.0,1.0,,,,,1,0,0,0,0.14285714285714285,False
8,1.0,3,9.38,2.0,25.0,0.0,0.0,5.0,2.0,40.0,1.0,0,1,0,0,0.375,False
0,0.0,0,0.0,0.0,0.0,0.0,0.0,0.0,0.0,0.0,0.0,0,0,0,1,0.0,False
6,0.0,0,24.83,0.0,0.0,0.0,0.0,1.0,0.0,0.0,0.0,0,0,0,1,0.0,False
0,0.0,0,0.0,0.0,0.0,0.0,0.0,,,,,1,0,0,0,0.0,False
19,0.0,0,69.53,0.0,1.0,0.0,0.0,,,,,1,0,0,0,0.0,False
0,0.0,0,0.0,0.0,0.0,0.0,0.0,,,,,1,0,0,0,0.0,False
12,3.0,1,10.0,1.0,0.0,0.0,0.0,4.0,1.0,25.0,1.0,0,0,0,1,0.08333333333333333,False
0,0.0,0,0.0,0.0,0.0,0.0,0.0,,,,,1,0,0,0,0.0,False
13,1.0,1,28.0,0.0,1.0,1.0,0.0,,,,,1,0,0,0,0.07692307692307693,False
0,0.0,0,0.0,0.0,0.0,0.0,0.0,,,,,1,0,0,0,0.0,False
0,0.0,0,0.0,0.0,0.0,0.0,0.0,,,,,1,0,0,0,0.0,False
0,0.0,0,0.0,0.0,0.0,0.0,0.0,0.0,0.0,0.0,0.0,0,0,0,1,0.0,False
28,4.0,2,21.29,2.0,54.0,2.0,0.0,12.0,7.0,58.0,0.0,0,0,0,1,0.07142857142857142,False
16,0.0,1,34.88,0.0,17.0,0.0,0.0,,,,,1,0,0,0,0.0625,False
38,4.0,0,44.39,0.0,2.0,2.0,0.0,,,,,1,0,0,0,0.0,False
0,0.0,0,0.0,0.0,0.0,0.0,0.0,,,,,1,0,0,0,0.0,False
30,3.0,0,31.7,0.0,41.0,2.0,0.0,,,,,1,0,0,0,0.0,False
19,3.0,0,33.16,3.0,3.0,4.0,0.0,,,,,1,0,0,0,0.0,False
4,1.0,0,4.75,1.0,0.0,0.0,0.0,2.0,0.0,0.0,1.0,0,1,0,0,0.0,False
0,0.0,0,0.0,0.0,0.0,0.0,0.0,0.0,0.0,0.0,0.0,0,0,0,1,0.0,False
21,1.0,1,55.95,0.0,1.0,2.0,0.0,,,,,1,0,0,0,0.047619047619047616,False
0,0.0,0,0.0,0.0,0.0,0.0,0.0,0.0,0.0,0.0,0.0,0,1,0,0,0.0,False
20,3.0,0,28.25,0.0,8.0,1.0,0.0,7.0,2.0,29.0,0.0,0,0,0,1,0.0,False
26,9.0,1,14.5,2.0,55.0,26.0,0.0,47.0,22.0,47.0,5.0,0,1,0,0,0.038461538461538464,False
0,0.0,0,0.0,0.0,0.0,0.0,0.0,0.0,0.0,0.0,0.0,0,1,0,0,0.0,False
0,0.0,0,0.0,0.0,0.0,0.0,0.0,0.0,0.0,0.0,0.0,0,0,0,1,0.0,False
28,3.0,4,37.36,4.0,107.0,2.0,0.0,,,,,1,0,0,0,0.14285714285714285,False
0,0.0,0,0.0,0.0,0.0,0.0,0.0,0.0,0.0,0.0,0.0,0,0,0,1,0.0,False
0,,0,0.0,0.0,,,0.0,,,,,0,0,1,0,0.0,False
0,0.0,0,0.0,0.0,0.0,0.0,0.0,0.0,0.0,0.0,0.0,0,0,0,1,0.0,False
5,0.0,0,20.8,0.0,1.0,1.0,0.0,,,,,1,0,0,0,0.0,False
0,0.0,0,0.0,0.0,0.0,0.0,0.0,0.0,0.0,0.0,0.0,0,0,0,1,0.0,False
30,30.0,3,29.3,7.0,15.0,33.0,2.0,110.0,43.0,39.0,13.0,0,1,0,0,0.1,True
35,4.0,1,54.31,3.0,115.0,3.0,0.0,,,,,1,0,0,0,0.02857142857142857,False
0,0.0,0,0.0,0.0,0.0,0.0,0.0,0.0,0.0,0.0,0.0,0,1,0,0,0.0,False
0,,0,0.0,0.0,,,0.0,,,,,0,0,1,0,0.0,False
4,0.0,0,25.75,1.0,2.0,0.0,0.0,0.0,0.0,0.0,0.0,0,0,0,1,0.0,False
0,0.0,0,0.0,0.0,0.0,0.0,0.0,0.0,0.0,0.0,0.0,0,1,0,0,0.0,False
0,0.0,0,0.0,0.0,0.0,0.0,0.0,0.0,0.0,0.0,0.0,0,1,0,0,0.0,False
0,,0,0.0,0.0,,,0.0,,,,,0,0,1,0,0.0,False
23,5.0,3,9.57,2.0,1.0,7.0,1.0,26.0,16.0,62.0,4.0,0,1,0,0,0.13043478260869565,False
0,0.0,0,0.0,0.0,0.0,0.0,0.0,0.0,0.0,0.0,0.0,0,1,0,0,0.0,False
34,12.0,1,39.76,5.0,101.0,2.0,2.0,,,,,1,0,0,0,0.029411764705882353,False
0,0.0,0,0.0,0.0,0.0,0.0,0.0,,,,,1,0,0,0,0.0,False
26,14.0,3,22.15,7.0,50.0,3.0,1.0,35.0,15.0,43.0,1.0,0,0,0,1,0.11538461538461539,False
0,,0,0.0,0.0,,,0.0,,,,,0,0,1,0,0.0,False
0,0.0,0,0.0,0.0,0.0,0.0,0.0,,,,,1,0,0,0,0.0,False
8,,0,27.63,0.0,,,0.0,,,,,0,0,1,0,0.0,False
9,1.0,0,9.67,0.0,4.0,0.0,0.0,1.0,0.0,0.0,0.0,0,0,0,1,0.0,False
0,0.0,0,0.0,0.0,0.0,0.0,0.0,,,,,1,0,0,0,0.0,False
6,3.0,0,13.5,0.0,0.0,0.0,0.0,6.0,2.0,33.0,0.0,0,0,0,1,0.0,False
1,0.0,0,3.0,0.0,0.0,0.0,0.0,0.0,0.0,0.0,0.0,0,1,0,0,0.0,False
34,6.0,2,37.53,2.0,1.0,1.0,1.0,,,,,1,0,0,0,0.058823529411764705,False
0,0.0,0,0.0,0.0,0.0,0.0,0.0,,,,,1,0,0,0,0.0,False
0,0.0,0,0.0,0.0,0.0,0.0,0.0,0.0,0.0,0.0,0.0,0,0,0,1,0.0,False
30,22.0,8,45.27,16.0,180.0,4.0,4.0,78.0,31.0,40.0,0.0,0,0,0,1,0.26666666666666666,True
38,,0,20.74,0.0,,,0.0,,,,,0,0,1,0,0.0,False
2,0.0,0,3.5,0.0,0.0,0.0,0.0,2.0,0.0,0.0,0.0,0,1,0,0,0.0,False
1,0.0,0,1.0,0.0,0.0,0.0,0.0,0.0,0.0,0.0,0.0,0,1,0,0,0.0,False
0,0.0,0,0.0,0.0,0.0,0.0,0.0,0.0,0.0,0.0,0.0,0,0,0,1,0.0,False
11,2.0,0,27.82,0.0,1.0,0.0,0.0,2.0,0.0,0.0,0.0,0,0,0,1,0.0,False
0,0.0,0,0.0,0.0,0.0,0.0,0.0,,,,,1,0,0,0,0.0,False
33,16.0,6,17.42,7.0,39.0,12.0,1.0,60.0,26.0,43.0,5.0,0,1,0,0,0.18181818181818182,True
0,0.0,0,0.0,0.0,0.0,0.0,0.0,0.0,0.0,0.0,0.0,0,1,0,0,0.0,False
0,0.0,0,0.0,0.0,0.0,0.0,0.0,0.0,0.0,0.0,0.0,0,0,0,1,0.0,False
28,9.0,2,41.0,3.0,86.0,0.0,0.0,21.0,3.0,14.0,1.0,0,0,0,1,0.07142857142857142,False
0,0.0,0,0.0,0.0,0.0,0.0,0.0,0.0,0.0,0.0,0.0,0,1,0,0,0.0,False
13,15.0,3,33.77,2.0,14.0,3.0,0.0,38.0,13.0,34.0,3.0,0,1,0,0,0.23076923076923078,False
0,0.0,0,0.0,0.0,0.0,0.0,0.0,0.0,0.0,0.0,0.0,0,0,0,1,0.0,False
0,0.0,0,0.0,0.0,0.0,0.0,0.0,0.0,0.0,0.0,0.0,0,1,0,0,0.0,False
0,0.0,0,0.0,0.0,0.0,0.0,0.0,0.0,0.0,0.0,0.0,0,0,0,1,0.0,False
35,3.0,0,66.43,3.0,1.0,0.0,2.0,,,,,1,0,0,0,0.0,False
29,7.0,4,38.24,3.0,172.0,3.0,0.0,,,,,1,0,0,0,0.13793103448275862,False
24,1.0,0,40.04,0.0,58.0,1.0,2.0,,,,,1,0,0,0,0.0,False
35,19.0,4,21.26,7.0,21.0,5.0,1.0,90.0,33.0,37.0,14.0,0,1,0,0,0.11428571428571428,True
13,0.0,1,36.69,1.0,0.0,1.0,0.0,,,,,1,0,0,0,0.07692307692307693,False
0,0.0,0,0.0,0.0,0.0,0.0,0.0,0.0,0.0,0.0,0.0,0,0,0,1,0.0,False
12,3.0,0,11.67,0.0,6.0,0.0,0.0,11.0,1.0,9.0,1.0,0,0,0,1,0.0,False
3,0.0,0,2.67,0.0,0.0,0.0,0.0,0.0,0.0,0.0,0.0,0,1,0,0,0.0,False
0,0.0,0,0.0,0.0,0.0,0.0,0.0,,,,,1,0,0,0,0.0,False
15,5.0,4,30.13,3.0,20.0,0.0,0.0,,,,,1,0,0,0,0.26666666666666666,False
0,0.0,0,0.0,0.0,0.0,0.0,0.0,0.0,0.0,0.0,0.0,0,0,0,1,0.0,False
30,13.0,4,36.1,3.0,11.0,1.0,1.0,34.0,11.0,32.0,1.0,0,0,0,1,0.13333333333333333,False
34,8.0,3,42.71,2.0,83.0,0.0,0.0,23.0,8.0,35.0,0.0,0,0,0,1,0.08823529411764706,False
19,1.0,1,15.42,2.0,38.0,0.0,0.0,8.0,2.0,25.0,2.0,0,0,0,1,0.05263157894736842,False
0,0.0,0,0.0,0.0,0.0,0.0,0.0,0.0,0.0,0.0,0.0,0,0,0,1,0.0,False
3,0.0,0,18.33,0.0,2.0,0.0,0.0,,,,,1,0,0,0,0.0,False
0,0.0,0,0.0,0.0,0.0,0.0,0.0,0.0,0.0,0.0,0.0,0,0,0,1,0.0,False
0,0.0,0,0.0,0.0,0.0,0.0,0.0,,,,,1,0,0,0,0.0,False
0,0.0,0,0.0,0.0,0.0,0.0,0.0,0.0,0.0,0.0,0.0,0,1,0,0,0.0,False
26,,0,28.96,0.0,,,0.0,,,,,0,0,1,0,0.0,False
18,6.0,0,57.17,0.0,1.0,1.0,0.0,,,,,1,0,0,0,0.0,False
3,0.0,0,17.33,0.0,3.0,0.0,0.0,,,,,1,0,0,0,0.0,False
29,6.0,0,67.07,1.0,3.0,0.0,0.0,,,,,1,0,0,0,0.0,False
0,0.0,0,0.0,0.0,0.0,0.0,0.0,,,,,1,0,0,0,0.0,False
0,0.0,0,0.0,0.0,0.0,0.0,0.0,,,,,1,0,0,0,0.0,False
37,,0,25.95,0.0,,,0.0,,,,,0,0,1,0,0.0,False
28,8.0,3,14.82,2.0,7.0,4.0,3.0,40.0,18.0,45.0,6.0,0,1,0,0,0.10714285714285714,False
0,0.0,0,0.0,0.0,0.0,0.0,0.0,0.0,0.0,0.0,0.0,0,0,0,1,0.0,False
1,0.0,0,1.0,0.0,0.0,0.0,0.0,,,,,1,0,0,0,0.0,False
0,0.0,0,0.0,0.0,0.0,0.0,0.0,0.0,0.0,0.0,0.0,0,0,0,1,0.0,False
11,1.0,1,10.18,1.0,14.0,2.0,0.0,8.0,3.0,38.0,0.0,0,1,0,0,0.09090909090909091,False
21,5.0,2,19.67,3.0,21.0,3.0,0.0,21.0,7.0,33.0,3.0,0,1,0,0,0.09523809523809523,False
0,,0,0.0,0.0,,,0.0,,,,,0,0,1,0,0.0,False
6,3.0,0,40.17,0.0,10.0,0.0,0.0,10.0,1.0,10.0,0.0,0,0,0,1,0.0,False
30,12.0,2,20.13,1.0,29.0,1.0,1.0,43.0,19.0,44.0,6.0,0,0,0,1,0.06666666666666667,False
1,0.0,0,2.0,0.0,0.0,0.0,0.0,,,,,1,0,0,0,0.0,False
31,4.0,1,36.65,1.0,74.0,2.0,0.0,,,,,1,0,0,0,0.03225806451612903,False
36,,0,26.03,0.0,,,0.0,,,,,0,0,1,0,0.0,False
0,0.0,0,0.0,0.0,0.0,0.0,0.0,,,,,1,0,0,0,0.0,False
0,0.0,0,0.0,0.0,0.0,0.0,0.0,,,,,1,0,0,0,0.0,False
11,7.0,4,49.45,5.0,86.0,0.0,0.0,22.0,9.0,41.0,0.0,0,0,0,1,0.36363636363636365,False
9,1.0,0,18.33,0.0,2.0,0.0,0.0,3.0,0.0,0.0,0.0,0,0,0,1,0.0,False
18,0.0,1,55.94,2.0,3.0,0.0,1.0,,,,,1,0,0,0,0.05555555555555555,False
0,0.0,0,0.0,0.0,0.0,0.0,0.0,0.0,0.0,0.0,0.0,0,0,0,1,0.0,False
0,0.0,0,0.0,0.0,0.0,0.0,0.0,,,,,1,0,0,0,0.0,False
13,7.0,1,21.0,1.0,27.0,0.0,0.0,10.0,1.0,10.0,0.0,0,0,0,1,0.07692307692307693,False
37,,0,22.95,0.0,,,0.0,,,,,0,0,1,0,0.0,False
29,5.0,1,53.17,2.0,6.0,0.0,0.0,21.0,10.0,48.0,3.0,0,0,0,1,0.034482758620689655,False
22,5.0,0,6.18,1.0,2.0,4.0,0.0,19.0,6.0,32.0,4.0,0,1,0,0,0.0,False
0,0.0,0,0.0,0.0,0.0,0.0,0.0,,,,,1,0,0,0,0.0,False
0,0.0,0,0.0,0.0,0.0,0.0,0.0,,,,,1,0,0,0,0.0,False
0,0.0,0,0.0,0.0,0.0,0.0,0.0,,,,,1,0,0,0,0.0,False
7,2.0,0,29.57,1.0,1.0,0.0,0.0,,,,,1,0,0,0,0.0,False
0,0.0,0,0.0,0.0,0.0,0.0,0.0,,,,,1,0,0,0,0.0,False
0,0.0,0,0.0,0.0,0.0,0.0,0.0,0.0,0.0,0.0,0.0,0,0,0,1,0.0,False
27,2.0,5,32.48,5.0,106.0,2.0,1.0,,,,,1,0,0,0,0.18518518518518517,False
1,0.0,0,5.0,0.0,1.0,0.0,0.0,0.0,0.0,0.0,0.0,0,1,0,0,0.0,False
12,,0,38.0,0.0,,,0.0,,,,,0,0,1,0,0.0,False
19,3.0,1,44.11,2.0,2.0,0.0,1.0,18.0,4.0,22.0,2.0,0,0,0,1,0.05263157894736842,False
0,0.0,0,0.0,0.0,0.0,0.0,0.0,0.0,0.0,0.0,0.0,0,0,0,1,0.0,False
0,0.0,0,0.0,0.0,0.0,0.0,0.0,0.0,0.0,0.0,0.0,0,0,0,1,0.0,False
24,2.0,2,32.42,3.0,26.0,1.0,0.0,,,,,1,0,0,0,0.08333333333333333,False
0,0.0,0,0.0,0.0,0.0,0.0,0.0,,,,,1,0,0,0,0.0,False
0,0.0,0,0.0,0.0,0.0,0.0,0.0,0.0,0.0,0.0,0.0,0,0,0,1,0.0,False
3,0.0,0,2.0,0.0,1.0,0.0,0.0,2.0,1.0,50.0,1.0,0,1,0,0,0.0,False
0,0.0,0,0.0,0.0,0.0,0.0,0.0,0.0,0.0,0.0,0.0,0,0,0,1,0.0,False
0,0.0,0,0.0,0.0,0.0,0.0,0.0,0.0,0.0,0.0,0.0,0,0,0,1,0.0,False
28,16.0,5,34.29,11.0,132.0,14.0,4.0,57.0,22.0,39.0,8.0,0,0,0,1,0.17857142857142858,False
7,0.0,0,75.29,0.0,0.0,0.0,0.0,,,,,1,0,0,0,0.0,False
0,0.0,0,0.0,0.0,0.0,0.0,0.0,0.0,0.0,0.0,0.0,0,1,0,0,0.0,False
36,14.0,3,36.56,10.0,87.0,6.0,1.0,43.0,12.0,28.0,3.0,0,0,0,1,0.08333333333333333,False
22,4.0,1,37.55,0.0,5.0,2.0,0.0,14.0,4.0,29.0,0.0,0,0,0,1,0.045454545454545456,False
7,3.0,1,5.14,1.0,1.0,0.0,0.0,5.0,0.0,0.0,0.0,0,1,0,0,0.14285714285714285,False
19,,0,27.89,0.0,,,0.0,,,,,0,0,1,0,0.0,False
26,,1,30.92,0.0,,,0.0,,,,,0,0,1,0,0.038461538461538464,False
1,0.0,0,6.0,0.0,1.0,0.0,0.0,1.0,1.0,100.0,0.0,0,0,0,1,0.0,False
27,8.0,3,14.3,4.0,88.0,2.0,0.0,24.0,8.0,33.0,1.0,0,0,0,1,0.1111111111111111,False
0,0.0,0,0.0,0.0,0.0,0.0,0.0,0.0,0.0,0.0,0.0,0,0,0,1,0.0,False
28,4.0,4,47.96,4.0,3.0,0.0,0.0,15.0,9.0,60.0,1.0,0,0,0,1,0.14285714285714285,False
7,0.0,0,17.0,0.0,9.0,0.0,0.0,,,,,1,0,0,0,0.0,False
0,0.0,0,0.0,0.0,0.0,0.0,0.0,,,,,1,0,0,0,0.0,False
0,0.0,0,0.0,0.0,0.0,0.0,0.0,,,,,1,0,0,0,0.0,False
28,20.0,8,26.39,8.0,24.0,10.0,2.0,64.0,25.0,39.0,7.0,0,1,0,0,0.2857142857142857,False
35,4.0,0,58.23,1.0,1.0,1.0,0.0,,,,,1,0,0,0,0.0,False
29,12.0,6,18.14,5.0,74.0,10.0,3.0,52.0,16.0,31.0,8.0,0,1,0,0,0.20689655172413793,False
0,0.0,0,0.0,0.0,0.0,0.0,0.0,0.0,0.0,0.0,0.0,0,0,0,1,0.0,False
34,11.0,3,30.85,5.0,128.0,2.0,1.0,52.0,22.0,42.0,4.0,0,0,0,1,0.08823529411764706,False
2,0.0,0,1.5,0.0,0.0,0.0,0.0,0.0,0.0,0.0,0.0,0,1,0,0,0.0,False
0,0.0,0,0.0,0.0,0.0,0.0,0.0,0.0,0.0,0.0,0.0,0,0,0,1,0.0,False
8,0.0,0,2.0,1.0,0.0,0.0,0.0,2.0,0.0,0.0,0.0,0,1,0,0,0.0,False
3,0.0,0,7.33,0.0,0.0,0.0,0.0,0.0,0.0,0.0,0.0,0,0,0,1,0.0,False
20,8.0,2,8.0,4.0,3.0,5.0,0.0,23.0,10.0,43.0,3.0,0,1,0,0,0.1,False
0,0.0,0,0.0,0.0,0.0,0.0,0.0,0.0,0.0,0.0,0.0,0,0,0,1,0.0,False
17,5.0,1,11.18,3.0,21.0,0.0,0.0,8.0,3.0,38.0,1.0,0,1,0,0,0.058823529411764705,False
18,1.0,1,30.72,0.0,44.0,0.0,0.0,,,,,1,0,0,0,0.05555555555555555,False
0,0.0,0,0.0,0.0,0.0,0.0,0.0,0.0,0.0,0.0,0.0,0,0,0,1,0.0,False
2,1.0,0,4.5,0.0,1.0,0.0,0.0,2.0,0.0,0.0,0.0,0,0,0,1,0.0,False
0,0.0,0,0.0,0.0,0.0,0.0,0.0,,,,,1,0,0,0,0.0,False
9,0.0,0,6.22,0.0,6.0,0.0,0.0,1.0,1.0,100.0,0.0,0,1,0,0,0.0,False
0,0.0,0,0.0,0.0,0.0,0.0,0.0,0.0,0.0,0.0,0.0,0,1,0,0,0.0,False
0,0.0,0,0.0,0.0,0.0,0.0,0.0,,,,,1,0,0,0,0.0,False
0,,0,0.0,0.0,,,0.0,,,,,0,0,1,0,0.0,False
24,9.0,1,47.33,1.0,98.0,1.0,0.0,18.0,3.0,17.0,0.0,0,0,0,1,0.041666666666666664,False
0,0.0,0,0.0,0.0,0.0,0.0,0.0,0.0,0.0,0.0,0.0,0,1,0,0,0.0,False
23,4.0,0,30.65,0.0,12.0,0.0,0.0,,,,,1,0,0,0,0.0,False
0,,0,0.0,0.0,,,0.0,,,,,0,0,1,0,0.0,False
0,0.0,0,0.0,0.0,0.0,0.0,0.0,0.0,0.0,0.0,0.0,0,0,0,1,0.0,False
8,0.0,1,29.88,1.0,19.0,0.0,0.0,,,,,1,0,0,0,0.125,False
6,0.0,0,38.33,1.0,6.0,0.0,0.0,,,,,1,0,0,0,0.0,False
0,0.0,0,0.0,0.0,0.0,0.0,0.0,,,,,1,0,0,0,0.0,False
4,0.0,0,15.75,0.0,1.0,0.0,0.0,2.0,1.0,50.0,0.0,0,0,0,1,0.0,False
0,,0,0.0,0.0,,,0.0,,,,,0,0,1,0,0.0,False
0,,0,0.0,0.0,,,0.0,,,,,0,0,1,0,0.0,False
34,27.0,4,18.62,6.0,129.0,3.0,1.0,65.0,17.0,26.0,0.0,0,1,0,0,0.11764705882352941,False
26,21.0,3,35.69,5.0,32.0,5.0,1.0,45.0,16.0,36.0,6.0,0,0,0,1,0.11538461538461539,False
7,2.0,2,10.43,1.0,6.0,2.0,0.0,4.0,0.0,0.0,0.0,0,0,0,1,0.2857142857142857,False
0,0.0,0,0.0,0.0,0.0,0.0,0.0,0.0,0.0,0.0,0.0,0,1,0,0,0.0,False
29,7.0,4,38.31,6.0,189.0,4.0,0.0,24.0,9.0,38.0,2.0,0,0,0,1,0.13793103448275862,False
0,0.0,0,0.0,0.0,0.0,0.0,0.0,0.0,0.0,0.0,0.0,0,0,0,1,0.0,False
30,,0,26.57,0.0,,,0.0,,,,,0,0,1,0,0.0,False
18,7.0,1,16.28,2.0,44.0,3.0,2.0,19.0,5.0,26.0,2.0,0,0,0,1,0.05555555555555555,False
36,7.0,1,65.17,1.0,3.0,0.0,0.0,,,,,1,0,0,0,0.027777777777777776,False
0,0.0,0,0.0,0.0,0.0,0.0,0.0,0.0,0.0,0.0,0.0,0,0,0,1,0.0,False
0,0.0,0,0.0,0.0,0.0,0.0,0.0,,,,,1,0,0,0,0.0,False
27,16.0,4,47.0,6.0,67.0,2.0,3.0,55.0,19.0,35.0,5.0,0,0,0,1,0.14814814814814814,False
9,,0,28.67,0.0,,,0.0,,,,,0,0,1,0,0.0,False
0,,0,0.0,0.0,,,0.0,,,,,0,0,1,0,0.0,False
0,0.0,0,0.0,0.0,0.0,0.0,0.0,0.0,0.0,0.0,0.0,0,0,0,1,0.0,False
0,0.0,0,0.0,0.0,0.0,0.0,0.0,0.0,0.0,0.0,0.0,0,1,0,0,0.0,False
0,0.0,0,0.0,0.0,0.0,0.0,0.0,,,,,1,0,0,0,0.0,False
0,0.0,0,0.0,0.0,0.0,0.0,0.0,0.0,0.0,0.0,0.0,0,0,0,1,0.0,False
33,3.0,0,39.7,0.0,0.0,2.0,2.0,,,,,1,0,0,0,0.0,False
0,0.0,0,0.0,0.0,0.0,0.0,0.0,,,,,1,0,0,0,0.0,False
0,0.0,0,0.0,0.0,0.0,0.0,0.0,,,,,1,0,0,0,0.0,False
35,16.0,1,24.86,3.0,142.0,4.0,0.0,43.0,17.0,40.0,1.0,0,1,0,0,0.02857142857142857,False
0,,0,0.0,0.0,,,0.0,,,,,0,0,1,0,0.0,False
0,0.0,0,0.0,0.0,0.0,0.0,0.0,,,,,1,0,0,0,0.0,False
7,0.0,0,31.71,0.0,0.0,1.0,0.0,,,,,1,0,0,0,0.0,False
29,15.0,3,22.55,3.0,8.0,12.0,2.0,56.0,23.0,41.0,12.0,0,0,0,1,0.10344827586206896,False
14,2.0,0,23.71,0.0,8.0,0.0,0.0,5.0,1.0,20.0,0.0,0,0,0,1,0.0,False
0,0.0,0,0.0,0.0,0.0,0.0,0.0,0.0,0.0,0.0,0.0,0,0,0,1,0.0,False
0,,0,0.0,0.0,,,0.0,,,,,0,0,1,0,0.0,False
0,,0,0.0,0.0,,,0.0,,,,,0,0,1,0,0.0,False
0,0.0,0,0.0,0.0,0.0,0.0,0.0,,,,,1,0,0,0,0.0,False
1,0.0,0,5.0,0.0,0.0,0.0,0.0,1.0,0.0,0.0,0.0,0,1,0,0,0.0,False
0,0.0,0,0.0,0.0,0.0,0.0,0.0,0.0,0.0,0.0,0.0,0,0,0,1,0.0,False
0,,0,0.0,0.0,,,0.0,,,,,0,0,1,0,0.0,False
3,0.0,0,9.67,0.0,0.0,0.0,0.0,1.0,1.0,100.0,0.0,0,0,0,1,0.0,False
2,,0,35.5,0.0,,,0.0,,,,,0,0,1,0,0.0,False
34,3.0,0,30.09,2.0,74.0,1.0,0.0,,,,,1,0,0,0,0.0,False
0,0.0,0,0.0,0.0,0.0,0.0,0.0,0.0,0.0,0.0,0.0,0,0,0,1,0.0,False
0,0.0,0,0.0,0.0,0.0,0.0,0.0,0.0,0.0,0.0,0.0,0,0,0,1,0.0,False
0,0.0,0,0.0,0.0,0.0,0.0,0.0,0.0,0.0,0.0,0.0,0,0,0,1,0.0,False
0,0.0,0,0.0,0.0,0.0,0.0,0.0,0.0,0.0,0.0,0.0,0,0,0,1,0.0,False
0,,0,0.0,0.0,,,0.0,,,,,0,0,1,0,0.0,False
0,0.0,0,0.0,0.0,0.0,0.0,0.0,0.0,0.0,0.0,0.0,0,1,0,0,0.0,False
2,0.0,0,40.0,0.0,3.0,0.0,0.0,,,,,1,0,0,0,0.0,False
0,0.0,0,0.0,0.0,0.0,0.0,0.0,,,,,1,0,0,0,0.0,False
8,0.0,0,14.75,0.0,8.0,1.0,0.0,,,,,1,0,0,0,0.0,False
15,1.0,0,31.73,0.0,0.0,0.0,0.0,,,,,1,0,0,0,0.0,False
25,1.0,1,33.72,0.0,4.0,0.0,0.0,,,,,1,0,0,0,0.04,False
0,0.0,0,0.0,0.0,0.0,0.0,0.0,0.0,0.0,0.0,0.0,0,0,0,1,0.0,False
0,0.0,0,0.0,0.0,0.0,0.0,0.0,0.0,0.0,0.0,0.0,0,0,0,1,0.0,False
15,6.0,2,23.6,3.0,32.0,4.0,0.0,18.0,7.0,39.0,3.0,0,1,0,0,0.13333333333333333,False
0,0.0,0,0.0,0.0,0.0,0.0,0.0,,,,,1,0,0,0,0.0,False
16,4.0,1,31.31,1.0,35.0,0.0,0.0,6.0,0.0,0.0,0.0,0,0,0,1,0.0625,False
0,0.0,0,0.0,0.0,0.0,0.0,0.0,0.0,0.0,0.0,0.0,0,1,0,0,0.0,False
0,0.0,0,0.0,0.0,0.0,0.0,0.0,,,,,1,0,0,0,0.0,False
0,0.0,0,0.0,0.0,0.0,0.0,0.0,0.0,0.0,0.0,0.0,0,1,0,0,0.0,False
0,0.0,0,0.0,0.0,0.0,0.0,0.0,0.0,0.0,0.0,0.0,0,0,0,1,0.0,False
0,0.0,0,0.0,0.0,0.0,0.0,0.0,0.0,0.0,0.0,0.0,0,0,0,1,0.0,False
30,9.0,1,20.87,2.0,7.0,3.0,0.0,27.0,12.0,44.0,4.0,0,1,0,0,0.03333333333333333,False
36,11.0,2,70.31,4.0,18.0,0.0,1.0,31.0,11.0,35.0,2.0,0,0,0,1,0.05555555555555555,False
17,4.0,1,7.76,0.0,13.0,10.0,1.0,14.0,4.0,29.0,1.0,0,1,0,0,0.058823529411764705,False
26,8.0,5,13.42,5.0,6.0,7.0,1.0,31.0,12.0,39.0,3.0,0,1,0,0,0.19230769230769232,False
30,13.0,6,12.03,2.0,13.0,11.0,3.0,49.0,18.0,37.0,6.0,0,1,0,0,0.2,False
3,0.0,0,9.0,0.0,0.0,0.0,0.0,1.0,0.0,0.0,0.0,0,0,0,1,0.0,False
0,0.0,0,0.0,0.0,0.0,0.0,0.0,0.0,0.0,0.0,0.0,0,0,0,1,0.0,False
28,9.0,2,24.86,3.0,32.0,3.0,0.0,24.0,6.0,25.0,3.0,0,1,0,0,0.07142857142857142,False
0,0.0,0,0.0,0.0,0.0,0.0,0.0,0.0,0.0,0.0,0.0,0,1,0,0,0.0,False
0,0.0,0,0.0,0.0,0.0,0.0,0.0,,,,,1,0,0,0,0.0,False
33,5.0,2,13.67,3.0,54.0,2.0,3.0,27.0,5.0,19.0,4.0,0,0,0,1,0.06060606060606061,False
0,0.0,0,0.0,0.0,0.0,0.0,0.0,0.0,0.0,0.0,0.0,0,1,0,0,0.0,False
0,,0,0.0,0.0,,,0.0,,,,,0,0,1,0,0.0,False
26,13.0,9,53.04,9.0,108.0,4.0,1.0,,,,,1,0,0,0,0.34615384615384615,False
31,10.0,0,30.65,1.0,40.0,3.0,0.0,30.0,12.0,40.0,2.0,0,0,0,1,0.0,False
0,0.0,0,0.0,0.0,0.0,0.0,0.0,0.0,0.0,0.0,0.0,0,0,0,1,0.0,False
37,5.0,1,40.24,1.0,1.0,5.0,1.0,,,,,1,0,0,0,0.02702702702702703,False
0,,0,0.0,0.0,,,0.0,,,,,0,0,1,0,0.0,False
0,0.0,0,0.0,0.0,0.0,0.0,0.0,0.0,0.0,0.0,0.0,0,0,0,1,0.0,False
0,0.0,0,0.0,0.0,0.0,0.0,0.0,,,,,1,0,0,0,0.0,False
0,0.0,0,0.0,0.0,0.0,0.0,0.0,0.0,0.0,0.0,0.0,0,0,0,1,0.0,False
0,0.0,0,0.0,0.0,0.0,0.0,0.0,0.0,0.0,0.0,0.0,0,0,0,1,0.0,False
31,5.0,1,22.77,4.0,79.0,3.0,0.0,19.0,5.0,26.0,4.0,0,0,0,1,0.03225806451612903,False
0,0.0,0,0.0,0.0,0.0,0.0,0.0,0.0,0.0,0.0,0.0,0,1,0,0,0.0,False
34,14.0,4,22.09,4.0,10.0,23.0,1.0,57.0,16.0,28.0,9.0,0,1,0,0,0.11764705882352941,False
36,31.0,7,81.97,8.0,124.0,2.0,2.0,,,,,1,0,0,0,0.19444444444444445,False
35,5.0,1,54.86,3.0,108.0,0.0,0.0,20.0,7.0,35.0,0.0,0,0,0,1,0.02857142857142857,False
28,13.0,1,19.57,5.0,24.0,6.0,0.0,47.0,16.0,34.0,6.0,0,1,0,0,0.03571428571428571,False
0,,0,0.0,0.0,,,0.0,,,,,0,0,1,0,0.0,False
35,14.0,1,26.03,0.0,22.0,3.0,1.0,45.0,14.0,31.0,3.0,0,1,0,0,0.02857142857142857,False
0,0.0,0,0.0,0.0,0.0,0.0,0.0,,,,,1,0,0,0,0.0,False
0,0.0,0,0.0,0.0,0.0,0.0,0.0,0.0,0.0,0.0,0.0,0,1,0,0,0.0,False
20,0.0,0,28.1,1.0,55.0,0.0,0.0,5.0,1.0,20.0,0.0,1,0,0,0,0.0,False
15,6.0,1,39.13,1.0,6.0,1.0,1.0,20.0,7.0,35.0,0.0,0,0,0,1,0.06666666666666667,False
13,2.0,0,39.0,2.0,14.0,0.0,0.0,,,,,1,0,0,0,0.0,False
29,4.0,2,64.93,6.0,3.0,0.0,0.0,16.0,9.0,56.0,2.0,0,0,0,1,0.06896551724137931,False
37,,1,24.03,0.0,,,0.0,,,,,0,0,1,0,0.02702702702702703,False
13,3.0,0,42.92,1.0,15.0,1.0,0.0,,,,,1,0,0,0,0.0,False
11,1.0,0,39.0,0.0,1.0,1.0,0.0,,,,,1,0,0,0,0.0,False
16,0.0,0,29.31,0.0,1.0,0.0,0.0,,,,,1,0,0,0,0.0,False
0,0.0,0,0.0,0.0,0.0,0.0,0.0,,,,,1,0,0,0,0.0,False
0,,0,0.0,0.0,,,0.0,,,,,0,0,1,0,0.0,False
4,0.0,0,15.25,1.0,8.0,3.0,0.0,4.0,1.0,25.0,1.0,0,1,0,0,0.0,False
0,0.0,0,0.0,0.0,0.0,0.0,0.0,0.0,0.0,0.0,0.0,0,1,0,0,0.0,False
37,36.0,9,23.62,19.0,42.0,16.0,3.0,133.0,55.0,41.0,18.0,0,1,0,0,0.24324324324324326,True
26,5.0,4,49.69,3.0,11.0,0.0,0.0,17.0,9.0,53.0,3.0,0,0,0,1,0.15384615384615385,False
0,0.0,0,0.0,0.0,0.0,0.0,0.0,,,,,1,0,0,0,0.0,False
0,,0,0.0,0.0,,,0.0,,,,,0,0,1,0,0.0,False
0,0.0,0,0.0,0.0,0.0,0.0,0.0,0.0,0.0,0.0,0.0,0,0,0,1,0.0,False
13,3.0,0,33.31,1.0,8.0,1.0,0.0,6.0,0.0,0.0,0.0,0,0,0,1,0.0,False
1,0.0,0,2.0,0.0,0.0,0.0,0.0,0.0,0.0,0.0,0.0,0,1,0,0,0.0,False
1,0.0,0,1.0,0.0,0.0,0.0,0.0,0.0,0.0,0.0,0.0,0,1,0,0,0.0,False
32,4.0,2,37.84,2.0,1.0,1.0,0.0,,,,,1,0,0,0,0.0625,False
23,11.0,1,32.3,2.0,8.0,0.0,1.0,26.0,7.0,27.0,1.0,0,0,0,1,0.043478260869565216,False
2,,0,39.0,0.0,,,0.0,,,,,0,0,1,0,0.0,False
0,0.0,0,0.0,0.0,0.0,0.0,0.0,,,,,1,0,0,0,0.0,False
1,1.0,1,46.0,1.0,1.0,0.0,0.0,1.0,0.0,0.0,0.0,0,0,0,1,1.0,False
0,0.0,0,0.0,0.0,0.0,0.0,0.0,0.0,0.0,0.0,0.0,0,0,0,1,0.0,False
15,2.0,1,24.07,0.0,23.0,1.0,1.0,,,,,1,0,0,0,0.06666666666666667,False
4,,0,27.25,0.0,,,0.0,,,,,0,0,1,0,0.0,False
0,0.0,0,0.0,0.0,0.0,0.0,0.0,,,,,1,0,0,0,0.0,False
0,0.0,0,0.0,0.0,0.0,0.0,0.0,0.0,0.0,0.0,0.0,0,0,0,1,0.0,False
0,,0,0.0,0.0,,,0.0,,,,,0,0,1,0,0.0,False
30,3.0,0,50.77,0.0,2.0,0.0,2.0,,,,,1,0,0,0,0.0,False
32,11.0,3,15.59,6.0,13.0,8.0,2.0,50.0,17.0,34.0,10.0,0,1,0,0,0.09375,False
0,0.0,0,0.0,0.0,0.0,0.0,0.0,0.0,0.0,0.0,0.0,0,0,0,1,0.0,False
0,0.0,0,0.0,0.0,0.0,0.0,0.0,,,,,1,0,0,0,0.0,False
1,,0,9.0,0.0,,,0.0,,,,,0,0,1,0,0.0,False
33,15.0,2,29.61,2.0,30.0,2.0,0.0,42.0,18.0,43.0,1.0,0,0,0,1,0.06060606060606061,False
0,0.0,0,0.0,0.0,0.0,0.0,0.0,,,,,1,0,0,0,0.0,False
0,0.0,0,0.0,0.0,0.0,0.0,0.0,,,,,1,0,0,0,0.0,False
20,4.0,0,34.9,0.0,4.0,0.0,1.0,,,,,1,0,0,0,0.0,False
2,0.0,0,7.0,0.0,0.0,0.0,0.0,,,,,1,0,0,0,0.0,False
11,0.0,0,68.18,0.0,0.0,0.0,0.0,,,,,1,0,0,0,0.0,False
29,2.0,0,34.66,0.0,1.0,1.0,0.0,,,,,1,0,0,0,0.0,False
0,0.0,0,0.0,0.0,0.0,0.0,0.0,,,,,1,0,0,0,0.0,False
27,1.0,1,29.59,1.0,4.0,0.0,0.0,7.0,0.0,0.0,0.0,0,0,0,1,0.037037037037037035,False
25,5.0,5,47.72,8.0,6.0,0.0,0.0,22.0,6.0,27.0,1.0,0,0,0,1,0.2,False
0,,0,0.0,0.0,,,0.0,,,,,0,0,1,0,0.0,False
0,0.0,0,0.0,0.0,0.0,0.0,0.0,0.0,0.0,0.0,0.0,0,0,0,1,0.0,False
20,1.0,1,29.55,1.0,21.0,0.0,0.0,,,,,1,0,0,0,0.05,False
1,0.0,0,2.0,0.0,0.0,0.0,0.0,0.0,0.0,0.0,0.0,0,0,0,1,0.0,False
29,,0,31.14,0.0,,,0.0,,,,,0,0,1,0,0.0,False
26,11.0,1,26.08,2.0,16.0,2.0,1.0,46.0,11.0,24.0,2.0,0,0,0,1,0.038461538461538464,False
18,11.0,8,25.33,6.0,25.0,4.0,0.0,26.0,10.0,38.0,2.0,0,0,0,1,0.4444444444444444,False
30,11.0,7,14.8,4.0,7.0,6.0,0.0,46.0,15.0,33.0,6.0,0,1,0,0,0.23333333333333334,False
0,0.0,0,0.0,0.0,0.0,0.0,0.0,,,,,1,0,0,0,0.0,False
24,5.0,1,39.88,1.0,3.0,0.0,0.0,19.0,4.0,21.0,0.0,0,0,0,1,0.041666666666666664,False
0,0.0,0,0.0,0.0,0.0,0.0,0.0,0.0,0.0,0.0,0.0,0,0,0,1,0.0,False
30,4.0,2,20.47,5.0,93.0,3.0,0.0,,,,,1,0,0,0,0.06666666666666667,False
0,,0,0.0,0.0,,,0.0,,,,,0,0,1,0,0.0,False
0,0.0,0,0.0,0.0,0.0,0.0,0.0,0.0,0.0,0.0,0.0,0,0,0,1,0.0,False
30,3.0,3,40.07,3.0,28.0,1.0,0.0,16.0,7.0,44.0,1.0,0,0,0,1,0.1,False
33,5.0,0,88.48,0.0,5.0,2.0,1.0,,,,,1,0,0,0,0.0,False
26,4.0,0,26.54,0.0,0.0,0.0,1.0,,,,,1,0,0,0,0.0,False
0,0.0,0,0.0,0.0,0.0,0.0,0.0,0.0,0.0,0.0,0.0,0,0,0,1,0.0,False
0,0.0,0,0.0,0.0,0.0,0.0,0.0,,,,,1,0,0,0,0.0,False
0,0.0,0,0.0,0.0,0.0,0.0,0.0,,,,,1,0,0,0,0.0,False
0,,0,0.0,0.0,,,0.0,,,,,0,0,1,0,0.0,False
33,11.0,0,30.0,2.0,33.0,2.0,0.0,33.0,9.0,27.0,1.0,0,0,0,1,0.0,False
0,0.0,0,0.0,0.0,0.0,0.0,0.0,,,,,1,0,0,0,0.0,False
0,0.0,0,0.0,0.0,0.0,0.0,0.0,,,,,1,0,0,0,0.0,False
28,4.0,0,12.0,0.0,40.0,4.0,0.0,12.0,4.0,33.0,0.0,0,0,0,1,0.0,False
4,,0,25.25,0.0,,,0.0,,,,,0,0,1,0,0.0,False
0,0.0,0,0.0,0.0,0.0,0.0,0.0,0.0,0.0,0.0,0.0,0,1,0,0,0.0,False
0,0.0,0,0.0,0.0,0.0,0.0,0.0,0.0,0.0,0.0,0.0,0,0,0,1,0.0,False
0,0.0,0,0.0,0.0,0.0,0.0,0.0,0.0,0.0,0.0,0.0,0,0,0,1,0.0,False
0,0.0,0,0.0,0.0,0.0,0.0,0.0,0.0,0.0,0.0,0.0,0,0,0,1,0.0,False
5,0.0,0,15.8,0.0,3.0,0.0,0.0,,,,,1,0,0,0,0.0,False
28,1.0,2,49.18,2.0,0.0,2.0,0.0,,,,,1,0,0,0,0.07142857142857142,False
0,0.0,0,0.0,0.0,0.0,0.0,0.0,0.0,0.0,0.0,0.0,0,0,0,1,0.0,False
16,1.0,0,9.06,0.0,8.0,1.0,0.0,8.0,6.0,75.0,0.0,0,0,0,1,0.0,False
28,3.0,1,32.36,4.0,62.0,1.0,2.0,,,,,1,0,0,0,0.03571428571428571,False
28,1.0,0,48.46,0.0,2.0,0.0,1.0,,,,,1,0,0,0,0.0,False
38,,0,20.87,0.0,,,0.0,,,,,0,0,1,0,0.0,False
9,1.0,0,16.67,2.0,10.0,1.0,1.0,9.0,1.0,11.0,1.0,0,0,0,1,0.0,False
1,0.0,0,1.0,0.0,0.0,0.0,0.0,1.0,0.0,0.0,0.0,0,1,0,0,0.0,False
24,6.0,2,39.96,4.0,7.0,2.0,0.0,19.0,6.0,32.0,0.0,0,0,0,1,0.08333333333333333,False
0,,0,0.0,0.0,,,0.0,,,,,0,0,1,0,0.0,False
6,0.0,0,17.0,0.0,0.0,1.0,0.0,,,,,1,0,0,0,0.0,False
0,0.0,0,0.0,0.0,0.0,0.0,0.0,,,,,1,0,0,0,0.0,False
24,4.0,1,24.58,0.0,11.0,0.0,0.0,15.0,2.0,13.0,1.0,0,0,0,1,0.041666666666666664,False
0,0.0,0,0.0,0.0,0.0,0.0,0.0,,,,,1,0,0,0,0.0,False
26,10.0,0,19.5,1.0,18.0,6.0,0.0,26.0,12.0,46.0,3.0,0,1,0,0,0.0,False
0,0.0,0,0.0,0.0,0.0,0.0,0.0,,,,,1,0,0,0,0.0,False
2,,0,27.5,0.0,,,0.0,,,,,0,0,1,0,0.0,False
0,0.0,0,0.0,0.0,0.0,0.0,0.0,0.0,0.0,0.0,0.0,0,0,0,1,0.0,False
20,6.0,0,32.5,0.0,54.0,0.0,0.0,17.0,4.0,24.0,1.0,0,0,0,1,0.0,False
25,4.0,2,25.92,4.0,51.0,0.0,0.0,,,,,1,0,0,0,0.08,False
34,9.0,6,21.32,11.0,33.0,3.0,3.0,37.0,12.0,32.0,1.0,0,1,0,0,0.17647058823529413,False
26,15.0,0,12.19,4.0,7.0,14.0,2.0,43.0,15.0,35.0,3.0,0,1,0,0,0.0,False
15,3.0,0,25.93,0.0,4.0,0.0,0.0,,,,,1,0,0,0,0.0,False
0,0.0,0,0.0,0.0,0.0,0.0,0.0,,,,,1,0,0,0,0.0,False
0,0.0,0,0.0,0.0,0.0,0.0,0.0,,,,,1,0,0,0,0.0,False
0,0.0,0,0.0,0.0,0.0,0.0,0.0,,,,,1,0,0,0,0.0,False
33,28.0,2,30.15,2.0,66.0,4.0,3.0,60.0,11.0,18.0,4.0,0,0,0,1,0.06060606060606061,False
35,18.0,8,27.29,11.0,124.0,4.0,3.0,72.0,34.0,47.0,2.0,0,0,0,1,0.22857142857142856,True
0,0.0,0,0.0,0.0,0.0,0.0,0.0,0.0,0.0,0.0,0.0,0,0,0,1,0.0,False
30,4.0,0,52.1,0.0,2.0,1.0,2.0,,,,,1,0,0,0,0.0,False
28,17.0,5,29.5,5.0,97.0,3.0,3.0,61.0,23.0,38.0,4.0,0,1,0,0,0.17857142857142858,True
8,1.0,0,16.88,0.0,2.0,0.0,0.0,2.0,0.0,0.0,0.0,0,0,0,1,0.0,False
0,0.0,0,0.0,0.0,0.0,0.0,0.0,0.0,0.0,0.0,0.0,0,0,0,1,0.0,False
34,32.0,2,30.47,9.0,50.0,19.0,0.0,98.0,39.0,40.0,13.0,0,1,0,0,0.058823529411764705,True
19,1.0,2,16.58,1.0,9.0,1.0,0.0,,,,,1,0,0,0,0.10526315789473684,False
18,4.0,0,38.33,1.0,60.0,1.0,1.0,,,,,1,0,0,0,0.0,False
0,,0,0.0,0.0,,,0.0,,,,,0,0,1,0,0.0,False
31,3.0,2,20.58,4.0,94.0,12.0,1.0,20.0,10.0,50.0,1.0,0,0,0,1,0.06451612903225806,False
0,0.0,0,0.0,0.0,0.0,0.0,0.0,0.0,0.0,0.0,0.0,0,0,0,1,0.0,False
2,0.0,0,46.0,1.0,0.0,0.0,0.0,,,,,1,0,0,0,0.0,False
0,0.0,0,0.0,0.0,0.0,0.0,0.0,0.0,0.0,0.0,0.0,0,0,0,1,0.0,False
0,0.0,0,0.0,0.0,0.0,0.0,0.0,0.0,0.0,0.0,0.0,0,1,0,0,0.0,False
0,,0,0.0,0.0,,,0.0,,,,,0,0,1,0,0.0,False
8,0.0,0,10.25,0.0,4.0,2.0,0.0,5.0,3.0,60.0,2.0,0,1,0,0,0.0,False
0,0.0,0,0.0,0.0,0.0,0.0,0.0,0.0,0.0,0.0,0.0,0,1,0,0,0.0,False
15,1.0,1,28.13,2.0,30.0,0.0,1.0,,,,,1,0,0,0,0.06666666666666667,False
13,1.0,1,24.46,1.0,23.0,0.0,0.0,,,,,1,0,0,0,0.07692307692307693,False
0,0.0,0,0.0,0.0,0.0,0.0,0.0,0.0,0.0,0.0,0.0,0,1,0,0,0.0,False
7,2.0,0,29.71,1.0,6.0,2.0,0.0,5.0,1.0,20.0,0.0,0,0,0,1,0.0,False
22,5.0,1,10.45,1.0,6.0,13.0,0.0,37.0,18.0,49.0,4.0,0,1,0,0,0.045454545454545456,False
23,1.0,4,45.17,4.0,6.0,0.0,0.0,6.0,1.0,17.0,0.0,0,0,0,1,0.17391304347826086,False
31,9.0,3,74.81,4.0,1.0,0.0,2.0,,,,,1,0,0,0,0.0967741935483871,False
0,0.0,0,0.0,0.0,0.0,0.0,0.0,0.0,0.0,0.0,0.0,0,0,0,1,0.0,False
0,,0,0.0,0.0,,,0.0,,,,,0,0,1,0,0.0,False
0,0.0,0,0.0,0.0,0.0,0.0,0.0,0.0,0.0,0.0,0.0,0,0,0,1,0.0,False
32,17.0,2,18.84,4.0,8.0,6.0,0.0,61.0,15.0,25.0,5.0,0,1,0,0,0.0625,False
0,0.0,0,0.0,0.0,0.0,0.0,0.0,,,,,1,0,0,0,0.0,False
0,0.0,0,0.0,0.0,0.0,0.0,0.0,,,,,1,0,0,0,0.0,False
35,18.0,7,20.86,4.0,75.0,13.0,7.0,77.0,22.0,29.0,9.0,0,0,0,1,0.2,False
0,0.0,0,0.0,0.0,0.0,0.0,0.0,,,,,1,0,0,0,0.0,False
0,0.0,0,0.0,0.0,0.0,0.0,0.0,0.0,0.0,0.0,0.0,0,0,0,1,0.0,False
21,4.0,3,43.29,3.0,18.0,3.0,0.0,9.0,3.0,33.0,0.0,0,0,0,1,0.14285714285714285,False
2,0.0,0,6.5,0.0,0.0,0.0,0.0,1.0,0.0,0.0,0.0,0,0,0,1,0.0,False
1,0.0,0,1.0,0.0,0.0,0.0,0.0,0.0,0.0,0.0,0.0,0,0,0,1,0.0,False
0,0.0,0,0.0,0.0,0.0,0.0,0.0,,,,,1,0,0,0,0.0,False
0,0.0,0,0.0,0.0,0.0,0.0,0.0,0.0,0.0,0.0,0.0,0,0,0,1,0.0,False
1,0.0,0,2.0,0.0,0.0,0.0,0.0,0.0,0.0,0.0,0.0,0,0,0,1,0.0,False
0,0.0,0,0.0,0.0,0.0,0.0,0.0,0.0,0.0,0.0,0.0,0,0,0,1,0.0,False
0,,0,0.0,0.0,,,0.0,,,,,0,0,1,0,0.0,False
0,,0,0.0,0.0,,,0.0,,,,,0,0,1,0,0.0,False
35,10.0,4,35.49,7.0,110.0,0.0,0.0,43.0,16.0,37.0,1.0,0,0,0,1,0.11428571428571428,False
0,0.0,0,0.0,0.0,0.0,0.0,0.0,0.0,0.0,0.0,0.0,0,1,0,0,0.0,False
0,,0,0.0,0.0,,,0.0,,,,,0,0,1,0,0.0,False
1,0.0,0,3.0,0.0,0.0,0.0,0.0,0.0,0.0,0.0,0.0,0,0,0,1,0.0,False
31,14.0,0,33.39,1.0,37.0,3.0,0.0,33.0,6.0,18.0,1.0,0,0,0,1,0.0,False
38,20.0,1,24.71,6.0,199.0,1.0,0.0,52.0,15.0,29.0,3.0,0,1,0,0,0.02631578947368421,False
30,12.0,1,41.1,1.0,13.0,1.0,1.0,27.0,7.0,26.0,1.0,0,0,0,1,0.03333333333333333,False
21,3.0,0,35.76,2.0,4.0,2.0,1.0,,,,,1,0,0,0,0.0,False
2,0.0,0,10.5,0.0,0.0,1.0,0.0,1.0,1.0,100.0,0.0,0,0,0,1,0.0,False
34,,0,23.59,0.0,,,0.0,,,,,0,0,1,0,0.0,False
0,0.0,0,0.0,0.0,0.0,0.0,0.0,,,,,1,0,0,0,0.0,False
38,,0,29.34,0.0,,,0.0,,,,,0,0,1,0,0.0,False
0,0.0,0,0.0,0.0,0.0,0.0,0.0,,,,,1,0,0,0,0.0,False
15,4.0,0,30.0,0.0,43.0,0.0,0.0,8.0,0.0,0.0,0.0,0,0,0,1,0.0,False
24,3.0,1,29.25,2.0,43.0,0.0,0.0,10.0,2.0,20.0,0.0,0,0,0,1,0.041666666666666664,False
13,0.0,0,27.38,0.0,3.0,1.0,0.0,,,,,1,0,0,0,0.0,False
11,2.0,0,6.18,1.0,0.0,0.0,0.0,7.0,4.0,57.0,0.0,0,0,0,1,0.0,False
36,5.0,3,46.08,2.0,4.0,1.0,0.0,,,,,1,0,0,0,0.08333333333333333,False
0,0.0,0,0.0,0.0,0.0,0.0,0.0,0.0,0.0,0.0,0.0,0,1,0,0,0.0,False
36,3.0,2,41.47,2.0,62.0,2.0,0.0,,,,,1,0,0,0,0.05555555555555555,False
0,0.0,0,0.0,0.0,0.0,0.0,0.0,0.0,0.0,0.0,0.0,0,0,0,1,0.0,False
0,0.0,0,0.0,0.0,0.0,0.0,0.0,0.0,0.0,0.0,0.0,0,1,0,0,0.0,False
28,10.0,3,27.14,5.0,45.0,0.0,4.0,28.0,6.0,21.0,4.0,0,0,0,1,0.10714285714285714,False
14,3.0,2,40.36,0.0,0.0,0.0,0.0,8.0,2.0,25.0,0.0,0,0,0,1,0.14285714285714285,False
35,38.0,13,30.83,18.0,41.0,12.0,3.0,139.0,60.0,43.0,17.0,0,1,0,0,0.37142857142857144,True
8,4.0,1,34.25,0.0,0.0,1.0,0.0,10.0,4.0,40.0,0.0,0,0,0,1,0.125,False
0,0.0,0,0.0,0.0,0.0,0.0,0.0,0.0,0.0,0.0,0.0,0,0,0,1,0.0,False
0,0.0,0,0.0,0.0,0.0,0.0,0.0,0.0,0.0,0.0,0.0,0,0,0,1,0.0,False
0,0.0,0,0.0,0.0,0.0,0.0,0.0,,,,,1,0,0,0,0.0,False
0,0.0,0,0.0,0.0,0.0,0.0,0.0,0.0,0.0,0.0,0.0,0,0,0,1,0.0,False
0,0.0,0,0.0,0.0,0.0,0.0,0.0,0.0,0.0,0.0,0.0,0,1,0,0,0.0,False
0,0.0,0,0.0,0.0,0.0,0.0,0.0,,,,,1,0,0,0,0.0,False
0,0.0,0,0.0,0.0,0.0,0.0,0.0,0.0,0.0,0.0,0.0,1,0,0,0,0.0,False
2,0.0,0,17.5,0.0,0.0,0.0,0.0,0.0,0.0,0.0,0.0,0,0,0,1,0.0,False
0,0.0,0,0.0,0.0,0.0,0.0,0.0,0.0,0.0,0.0,0.0,0,0,0,1,0.0,False
0,0.0,0,0.0,0.0,0.0,0.0,0.0,,,,,1,0,0,0,0.0,False
0,,0,0.0,0.0,,,0.0,,,,,0,0,1,0,0.0,False
32,21.0,10,34.84,10.0,153.0,5.0,3.0,76.0,29.0,38.0,4.0,0,0,0,1,0.3125,True
1,0.0,0,9.0,0.0,0.0,0.0,0.0,,,,,1,0,0,0,0.0,False
0,0.0,0,0.0,0.0,0.0,0.0,0.0,0.0,0.0,0.0,0.0,0,1,0,0,0.0,False
0,0.0,0,0.0,0.0,0.0,0.0,0.0,0.0,0.0,0.0,0.0,0,0,0,1,0.0,False
0,,0,0.0,0.0,,,0.0,,,,,0,0,1,0,0.0,False
0,0.0,0,0.0,0.0,0.0,0.0,0.0,0.0,0.0,0.0,0.0,0,1,0,0,0.0,False
0,0.0,0,0.0,0.0,0.0,0.0,0.0,0.0,0.0,0.0,0.0,0,0,0,1,0.0,False
0,0.0,0,0.0,0.0,0.0,0.0,0.0,0.0,0.0,0.0,0.0,0,1,0,0,0.0,False
18,3.0,4,21.39,3.0,7.0,2.0,0.0,19.0,8.0,42.0,3.0,0,0,0,1,0.2222222222222222,False
13,1.0,0,24.62,0.0,41.0,0.0,0.0,,,,,1,0,0,0,0.0,False
16,0.0,0,24.0,0.0,1.0,0.0,0.0,0.0,0.0,0.0,0.0,0,0,0,1,0.0,False
0,0.0,0,0.0,0.0,0.0,0.0,0.0,,,,,1,0,0,0,0.0,False
0,0.0,0,0.0,0.0,0.0,0.0,0.0,,,,,1,0,0,0,0.0,False
19,5.0,0,48.89,0.0,1.0,1.0,0.0,14.0,4.0,29.0,0.0,0,0,0,1,0.0,False
9,4.0,1,29.33,1.0,3.0,0.0,0.0,9.0,3.0,33.0,0.0,0,0,0,1,0.1111111111111111,False
1,1.0,0,12.0,0.0,0.0,0.0,0.0,1.0,0.0,0.0,0.0,0,1,0,0,0.0,False
25,5.0,1,36.48,1.0,32.0,4.0,0.0,,,,,1,0,0,0,0.04,False
16,1.0,0,21.0,1.0,25.0,0.0,0.0,,,,,1,0,0,0,0.0,False
10,2.0,0,32.5,0.0,10.0,0.0,0.0,5.0,1.0,20.0,0.0,0,0,0,1,0.0,False
21,4.0,1,10.67,2.0,4.0,5.0,4.0,29.0,13.0,45.0,3.0,0,1,0,0,0.047619047619047616,False
3,0.0,0,19.0,0.0,0.0,0.0,0.0,,,,,1,0,0,0,0.0,False
0,0.0,0,0.0,0.0,0.0,0.0,0.0,,,,,1,0,0,0,0.0,False
0,0.0,0,0.0,0.0,0.0,0.0,0.0,0.0,0.0,0.0,0.0,0,1,0,0,0.0,False
0,0.0,0,0.0,0.0,0.0,0.0,0.0,0.0,0.0,0.0,0.0,0,0,0,1,0.0,False
11,0.0,0,27.0,0.0,2.0,0.0,0.0,2.0,2.0,100.0,1.0,0,0,0,1,0.0,False
23,6.0,2,32.48,5.0,34.0,1.0,1.0,26.0,5.0,19.0,0.0,0,0,0,1,0.08695652173913043,False
0,,0,0.0,0.0,,,0.0,,,,,0,0,1,0,0.0,False
22,4.0,1,26.64,1.0,40.0,1.0,0.0,,,,,1,0,0,0,0.045454545454545456,False
0,,0,0.0,0.0,,,0.0,,,,,0,0,1,0,0.0,False
35,7.0,4,47.57,7.0,13.0,0.0,1.0,27.0,9.0,33.0,4.0,0,0,0,1,0.11428571428571428,False
0,0.0,0,0.0,0.0,0.0,0.0,0.0,,,,,1,0,0,0,0.0,False
0,0.0,0,0.0,0.0,0.0,0.0,0.0,0.0,0.0,0.0,0.0,0,0,0,1,0.0,False
0,0.0,0,0.0,0.0,0.0,0.0,0.0,0.0,0.0,0.0,0.0,0,1,0,0,0.0,False
0,0.0,0,0.0,0.0,0.0,0.0,0.0,0.0,0.0,0.0,0.0,0,1,0,0,0.0,False
0,,0,0.0,0.0,,,0.0,,,,,0,0,1,0,0.0,False
0,0.0,0,0.0,0.0,0.0,0.0,0.0,,,,,1,0,0,0,0.0,False
11,2.0,0,43.09,0.0,0.0,0.0,0.0,,,,,1,0,0,0,0.0,False
0,0.0,0,0.0,0.0,0.0,0.0,0.0,,,,,1,0,0,0,0.0,False
0,0.0,0,0.0,0.0,0.0,0.0,0.0,0.0,0.0,0.0,0.0,0,1,0,0,0.0,False
0,,0,0.0,0.0,,,0.0,,,,,0,0,1,0,0.0,False
0,0.0,0,0.0,0.0,0.0,0.0,0.0,0.0,0.0,0.0,0.0,0,1,0,0,0.0,False
0,,0,0.0,0.0,,,0.0,,,,,0,0,1,0,0.0,False
0,,0,0.0,0.0,,,0.0,,,,,0,0,1,0,0.0,False
0,0.0,0,0.0,0.0,0.0,0.0,0.0,0.0,0.0,0.0,0.0,0,0,0,1,0.0,False
0,0.0,0,0.0,0.0,0.0,0.0,0.0,0.0,0.0,0.0,0.0,0,1,0,0,0.0,False
26,4.0,5,21.04,8.0,96.0,1.0,0.0,19.0,10.0,53.0,0.0,0,0,0,1,0.19230769230769232,False
1,,0,39.0,0.0,,,0.0,,,,,0,0,1,0,0.0,False
0,,0,0.0,0.0,,,0.0,,,,,0,0,1,0,0.0,False
5,1.0,0,45.4,0.0,0.0,0.0,0.0,,,,,1,0,0,0,0.0,False
0,0.0,0,0.0,0.0,0.0,0.0,0.0,,,,,1,0,0,0,0.0,False
0,0.0,0,0.0,0.0,0.0,0.0,0.0,0.0,0.0,0.0,0.0,0,1,0,0,0.0,False
0,,0,0.0,0.0,,,0.0,,,,,0,0,1,0,0.0,False
3,1.0,0,0.67,0.0,0.0,0.0,0.0,1.0,0.0,0.0,0.0,0,0,0,1,0.0,False
20,5.0,0,15.65,0.0,12.0,0.0,1.0,16.0,5.0,31.0,0.0,0,0,0,1,0.0,False
7,2.0,0,5.29,0.0,0.0,0.0,0.0,10.0,5.0,50.0,0.0,0,1,0,0,0.0,False
0,0.0,0,0.0,0.0,0.0,0.0,0.0,0.0,0.0,0.0,0.0,0,0,0,1,0.0,False
0,0.0,0,0.0,0.0,0.0,0.0,0.0,0.0,0.0,0.0,0.0,0,0,0,1,0.0,False
0,,0,0.0,0.0,,,0.0,,,,,0,0,1,0,0.0,False
17,7.0,1,22.24,2.0,26.0,2.0,0.0,21.0,3.0,14.0,0.0,0,0,0,1,0.058823529411764705,False
0,0.0,0,0.0,0.0,0.0,0.0,0.0,,,,,1,0,0,0,0.0,False
0,0.0,0,0.0,0.0,0.0,0.0,0.0,0.0,0.0,0.0,0.0,0,0,0,1,0.0,False
4,2.0,0,12.75,1.0,3.0,0.0,0.0,4.0,1.0,25.0,0.0,0,0,0,1,0.0,False
0,0.0,0,0.0,0.0,0.0,0.0,0.0,,,,,1,0,0,0,0.0,False
0,,0,0.0,0.0,,,0.0,,,,,0,0,1,0,0.0,False
0,0.0,0,0.0,0.0,0.0,0.0,0.0,0.0,0.0,0.0,0.0,0,1,0,0,0.0,False
24,14.0,1,50.21,0.0,3.0,0.0,2.0,44.0,10.0,23.0,2.0,0,0,0,1,0.041666666666666664,False
0,0.0,0,0.0,0.0,0.0,0.0,0.0,,,,,1,0,0,0,0.0,False
0,0.0,0,0.0,0.0,0.0,0.0,0.0,0.0,0.0,0.0,0.0,0,0,0,1,0.0,False
0,0.0,0,0.0,0.0,0.0,0.0,0.0,,,,,1,0,0,0,0.0,False
0,,0,0.0,0.0,,,0.0,,,,,0,0,1,0,0.0,False
0,0.0,0,0.0,0.0,0.0,0.0,0.0,0.0,0.0,0.0,0.0,0,0,0,1,0.0,False
13,7.0,1,15.31,3.0,37.0,1.0,1.0,17.0,4.0,24.0,1.0,0,1,0,0,0.07692307692307693,False
0,0.0,0,0.0,0.0,0.0,0.0,0.0,0.0,0.0,0.0,0.0,0,0,0,1,0.0,False
0,0.0,0,0.0,0.0,0.0,0.0,0.0,0.0,0.0,0.0,0.0,0,1,0,0,0.0,False
20,5.0,2,15.95,1.0,37.0,4.0,2.0,23.0,9.0,39.0,3.0,0,1,0,0,0.1,False
14,3.0,3,10.71,2.0,3.0,0.0,0.0,11.0,6.0,55.0,1.0,0,1,0,0,0.21428571428571427,False
0,0.0,0,0.0,0.0,0.0,0.0,0.0,0.0,0.0,0.0,0.0,0,1,0,0,0.0,False
1,0.0,0,1.0,0.0,0.0,0.0,0.0,0.0,0.0,0.0,0.0,0,1,0,0,0.0,False
20,5.0,1,26.7,1.0,69.0,0.0,2.0,,,,,1,0,0,0,0.05,False
0,0.0,0,0.0,0.0,0.0,0.0,0.0,0.0,0.0,0.0,0.0,0,0,0,1,0.0,False
19,9.0,3,33.11,5.0,18.0,4.0,0.0,43.0,16.0,37.0,2.0,0,0,0,1,0.15789473684210525,False
20,3.0,1,47.4,1.0,16.0,0.0,0.0,15.0,3.0,20.0,1.0,0,0,0,1,0.05,False
1,0.0,0,2.0,0.0,0.0,0.0,0.0,0.0,0.0,0.0,0.0,0,0,0,1,0.0,False
35,,0,29.17,0.0,,,0.0,,,,,0,0,1,0,0.0,False
12,3.0,1,21.17,1.0,14.0,0.0,0.0,,,,,1,0,0,0,0.08333333333333333,False
32,3.0,1,44.25,2.0,21.0,1.0,0.0,,,,,1,0,0,0,0.03125,False
12,1.0,0,11.0,1.0,23.0,0.0,0.0,8.0,7.0,88.0,0.0,0,0,0,1,0.0,False
0,0.0,0,0.0,0.0,0.0,0.0,0.0,0.0,0.0,0.0,0.0,0,1,0,0,0.0,False
0,0.0,0,0.0,0.0,0.0,0.0,0.0,0.0,0.0,0.0,0.0,0,1,0,0,0.0,False
20,9.0,9,43.85,6.0,12.0,0.0,0.0,32.0,8.0,25.0,4.0,0,0,0,1,0.45,False
0,0.0,0,0.0,0.0,0.0,0.0,0.0,,,,,1,0,0,0,0.0,False
36,,0,25.81,0.0,,,0.0,,,,,0,0,1,0,0.0,False
0,0.0,0,0.0,0.0,0.0,0.0,0.0,,,,,1,0,0,0,0.0,False
0,0.0,0,0.0,0.0,0.0,0.0,0.0,0.0,0.0,0.0,0.0,0,0,0,1,0.0,False
0,0.0,0,0.0,0.0,0.0,0.0,0.0,0.0,0.0,0.0,0.0,0,1,0,0,0.0,False
0,0.0,0,0.0,0.0,0.0,0.0,0.0,0.0,0.0,0.0,0.0,0,0,0,1,0.0,False
0,0.0,0,0.0,0.0,0.0,0.0,0.0,0.0,0.0,0.0,0.0,0,0,0,1,0.0,False
0,0.0,0,0.0,0.0,0.0,0.0,0.0,0.0,0.0,0.0,0.0,0,1,0,0,0.0,False
1,0.0,0,2.0,0.0,0.0,0.0,0.0,1.0,0.0,0.0,1.0,0,0,0,1,0.0,False
0,0.0,0,0.0,0.0,0.0,0.0,0.0,0.0,0.0,0.0,0.0,0,0,0,1,0.0,False
37,20.0,3,14.16,8.0,13.0,12.0,1.0,71.0,27.0,38.0,10.0,0,1,0,0,0.08108108108108109,True
22,6.0,2,19.86,1.0,14.0,4.0,0.0,28.0,11.0,39.0,6.0,0,0,0,1,0.09090909090909091,False
0,0.0,0,0.0,0.0,0.0,0.0,0.0,0.0,0.0,0.0,0.0,0,1,0,0,0.0,False
0,0.0,0,0.0,0.0,0.0,0.0,0.0,,,,,1,0,0,0,0.0,False
0,0.0,0,0.0,0.0,0.0,0.0,0.0,,,,,1,0,0,0,0.0,False
0,0.0,0,0.0,0.0,0.0,0.0,0.0,,,,,1,0,0,0,0.0,False
0,0.0,0,0.0,0.0,0.0,0.0,0.0,0.0,0.0,0.0,0.0,0,0,0,1,0.0,False
2,0.0,0,12.0,0.0,2.0,0.0,0.0,0.0,0.0,0.0,0.0,0,0,0,1,0.0,False
0,0.0,0,0.0,0.0,0.0,0.0,0.0,,,,,1,0,0,0,0.0,False
34,,0,29.71,0.0,,,0.0,,,,,0,0,1,0,0.0,False
34,11.0,1,29.82,2.0,26.0,1.0,0.0,34.0,11.0,32.0,3.0,0,0,0,1,0.029411764705882353,False
0,,0,0.0,0.0,,,0.0,,,,,0,0,1,0,0.0,False
35,26.0,3,30.69,10.0,162.0,14.0,7.0,88.0,25.0,28.0,6.0,0,1,0,0,0.08571428571428572,True
25,5.0,2,15.72,3.0,22.0,15.0,0.0,22.0,12.0,55.0,2.0,0,1,0,0,0.08,False
31,12.0,2,14.81,1.0,128.0,13.0,1.0,44.0,17.0,39.0,3.0,0,0,0,1,0.06451612903225806,False
24,,0,40.0,0.0,,,0.0,,,,,0,0,1,0,0.0,False
27,11.0,5,24.81,7.0,60.0,3.0,0.0,26.0,9.0,35.0,1.0,0,0,0,1,0.18518518518518517,False
25,7.0,3,30.84,5.0,84.0,1.0,0.0,,,,,1,0,0,0,0.12,False
0,0.0,0,0.0,0.0,0.0,0.0,0.0,,,,,1,0,0,0,0.0,False
0,0.0,0,0.0,0.0,0.0,0.0,0.0,,,,,1,0,0,0,0.0,False
14,4.0,3,38.43,2.0,14.0,0.0,1.0,,,,,1,0,0,0,0.21428571428571427,False
36,7.0,4,59.81,2.0,30.0,0.0,1.0,26.0,8.0,31.0,1.0,0,0,0,1,0.1111111111111111,False
2,1.0,0,13.5,0.0,0.0,0.0,0.0,1.0,0.0,0.0,0.0,0,0,0,1,0.0,False
0,0.0,0,0.0,0.0,0.0,0.0,0.0,0.0,0.0,0.0,0.0,0,0,0,1,0.0,False
30,26.0,5,17.47,7.0,38.0,21.0,2.0,72.0,23.0,32.0,6.0,0,1,0,0,0.16666666666666666,True
3,0.0,0,17.67,0.0,2.0,0.0,0.0,0.0,0.0,0.0,0.0,0,0,0,1,0.0,False
18,5.0,2,28.0,2.0,104.0,0.0,0.0,10.0,1.0,10.0,0.0,0,0,0,1,0.1111111111111111,False
20,10.0,4,24.3,3.0,8.0,3.0,0.0,30.0,11.0,37.0,1.0,0,1,0,0,0.2,False
0,0.0,0,0.0,0.0,0.0,0.0,0.0,,,,,1,0,0,0,0.0,False
29,4.0,10,66.48,9.0,195.0,4.0,0.0,,,,,1,0,0,0,0.3448275862068966,False
3,0.0,0,11.67,0.0,0.0,0.0,0.0,,,,,1,0,0,0,0.0,False
33,13.0,2,86.82,0.0,9.0,0.0,1.0,45.0,14.0,31.0,0.0,0,0,0,1,0.06060606060606061,False
31,13.0,1,28.13,3.0,29.0,4.0,2.0,47.0,18.0,38.0,5.0,0,1,0,0,0.03225806451612903,False
29,10.0,2,10.41,4.0,7.0,17.0,2.0,41.0,11.0,27.0,4.0,0,1,0,0,0.06896551724137931,False
21,1.0,1,14.14,2.0,35.0,2.0,0.0,,,,,1,0,0,0,0.047619047619047616,False
0,0.0,0,0.0,0.0,0.0,0.0,0.0,0.0,0.0,0.0,0.0,0,1,0,0,0.0,False
22,2.0,0,59.82,0.0,0.0,2.0,0.0,,,,,1,0,0,0,0.0,False
36,6.0,2,46.47,4.0,13.0,0.0,0.0,24.0,4.0,17.0,1.0,0,0,0,1,0.05555555555555555,False
0,0.0,0,0.0,0.0,0.0,0.0,0.0,0.0,0.0,0.0,0.0,0,0,0,1,0.0,False
20,6.0,1,9.3,0.0,6.0,5.0,0.0,21.0,6.0,29.0,2.0,0,1,0,0,0.05,False
8,1.0,0,28.38,2.0,24.0,1.0,0.0,,,,,1,0,0,0,0.0,False
13,0.0,1,5.08,0.0,4.0,1.0,1.0,3.0,2.0,67.0,0.0,0,1,0,0,0.07692307692307693,False
29,7.0,4,78.17,4.0,3.0,2.0,0.0,,,,,1,0,0,0,0.13793103448275862,False
33,10.0,2,58.45,3.0,44.0,1.0,0.0,42.0,16.0,38.0,0.0,0,0,0,1,0.06060606060606061,False
0,0.0,0,0.0,0.0,0.0,0.0,0.0,,,,,1,0,0,0,0.0,False
2,,0,14.5,0.0,,,0.0,,,,,0,0,1,0,0.0,False
34,12.0,0,73.44,0.0,15.0,0.0,1.0,,,,,1,0,0,0,0.0,False
0,,0,0.0,0.0,,,0.0,,,,,0,0,1,0,0.0,False
0,,0,0.0,0.0,,,0.0,,,,,0,0,1,0,0.0,False
19,4.0,0,20.21,2.0,3.0,0.0,0.0,12.0,2.0,17.0,0.0,0,0,0,1,0.0,False
0,,0,0.0,0.0,,,0.0,,,,,0,0,1,0,0.0,False
35,18.0,5,19.29,7.0,60.0,13.0,0.0,64.0,26.0,41.0,4.0,0,1,0,0,0.14285714285714285,False
31,0.0,0,57.45,0.0,9.0,3.0,2.0,,,,,1,0,0,0,0.0,False
0,0.0,0,0.0,0.0,0.0,0.0,0.0,0.0,0.0,0.0,0.0,0,0,0,1,0.0,False
38,39.0,7,27.95,8.0,110.0,17.0,1.0,97.0,31.0,32.0,5.0,0,1,0,0,0.18421052631578946,True
0,0.0,0,0.0,0.0,0.0,0.0,0.0,,,,,1,0,0,0,0.0,False
0,0.0,0,0.0,0.0,0.0,0.0,0.0,,,,,1,0,0,0,0.0,False
34,5.0,0,51.21,1.0,13.0,2.0,0.0,,,,,1,0,0,0,0.0,False
0,0.0,0,0.0,0.0,0.0,0.0,0.0,0.0,0.0,0.0,0.0,0,1,0,0,0.0,False
19,4.0,0,43.05,1.0,2.0,0.0,0.0,20.0,8.0,40.0,0.0,0,0,0,1,0.0,False
19,4.0,0,35.11,0.0,0.0,0.0,0.0,,,,,1,0,0,0,0.0,False
37,,0,36.03,0.0,,,0.0,,,,,0,0,1,0,0.0,False
29,9.0,3,32.24,5.0,28.0,7.0,0.0,26.0,9.0,35.0,3.0,0,1,0,0,0.10344827586206896,False
0,0.0,0,0.0,0.0,0.0,0.0,0.0,,,,,1,0,0,0,0.0,False
0,0.0,0,0.0,0.0,0.0,0.0,0.0,,,,,1,0,0,0,0.0,False
10,0.0,0,15.3,0.0,8.0,0.0,0.0,1.0,0.0,0.0,0.0,0,0,0,1,0.0,False
26,13.0,1,15.12,0.0,11.0,4.0,0.0,24.0,3.0,13.0,2.0,0,1,0,0,0.038461538461538464,False
0,,0,0.0,0.0,,,0.0,,,,,0,0,1,0,0.0,False
5,0.0,0,3.6,0.0,0.0,0.0,0.0,0.0,0.0,0.0,0.0,0,1,0,0,0.0,False
8,0.0,0,58.38,1.0,4.0,0.0,0.0,,,,,1,0,0,0,0.0,False
0,0.0,0,0.0,0.0,0.0,0.0,0.0,0.0,0.0,0.0,0.0,0,0,0,1,0.0,False
1,0.0,0,1.0,0.0,0.0,0.0,0.0,0.0,0.0,0.0,0.0,0,1,0,0,0.0,False
25,5.0,2,39.44,4.0,7.0,3.0,0.0,,,,,1,0,0,0,0.08,False
0,,0,0.0,0.0,,,0.0,,,,,0,0,1,0,0.0,False
32,10.0,1,20.03,2.0,20.0,0.0,1.0,33.0,9.0,27.0,1.0,0,0,0,1,0.03125,False
37,,0,30.35,0.0,,,0.0,,,,,0,0,1,0,0.0,False
18,2.0,0,10.44,2.0,31.0,0.0,0.0,3.0,1.0,33.0,0.0,0,0,0,1,0.0,False
0,,0,0.0,0.0,,,0.0,,,,,0,0,1,0,0.0,False
15,2.0,2,21.53,6.0,38.0,5.0,0.0,,,,,0,0,0,1,0.13333333333333333,False
0,0.0,0,0.0,0.0,0.0,0.0,0.0,0.0,0.0,0.0,0.0,0,0,0,1,0.0,False
14,1.0,0,24.71,0.0,4.0,0.0,0.0,4.0,1.0,25.0,0.0,0,0,0,1,0.0,False
0,0.0,0,0.0,0.0,0.0,0.0,0.0,0.0,0.0,0.0,0.0,0,0,0,1,0.0,False
0,,0,0.0,0.0,,,0.0,,,,,0,0,1,0,0.0,False
20,1.0,3,46.2,5.0,109.0,3.0,0.0,,,,,1,0,0,0,0.15,False
24,5.0,1,37.46,1.0,43.0,0.0,1.0,30.0,14.0,47.0,0.0,0,0,0,1,0.041666666666666664,False
0,,0,0.0,0.0,,,0.0,,,,,0,0,1,0,0.0,False
1,0.0,0,5.0,0.0,0.0,0.0,0.0,0.0,0.0,0.0,0.0,0,1,0,0,0.0,False
0,0.0,0,0.0,0.0,0.0,0.0,0.0,0.0,0.0,0.0,0.0,0,0,0,1,0.0,False
5,0.0,0,36.4,0.0,0.0,0.0,0.0,,,,,1,0,0,0,0.0,False
0,0.0,0,0.0,0.0,0.0,0.0,0.0,0.0,0.0,0.0,0.0,0,0,0,1,0.0,False
0,0.0,0,0.0,0.0,0.0,0.0,0.0,0.0,0.0,0.0,0.0,0,1,0,0,0.0,False
0,0.0,0,0.0,0.0,0.0,0.0,0.0,,,,,1,0,0,0,0.0,False
1,0.0,0,12.0,0.0,0.0,0.0,0.0,0.0,0.0,0.0,0.0,0,1,0,0,0.0,False
0,0.0,0,0.0,0.0,0.0,0.0,0.0,0.0,0.0,0.0,0.0,0,0,0,1,0.0,False
0,0.0,0,0.0,0.0,0.0,0.0,0.0,0.0,0.0,0.0,0.0,0,0,0,1,0.0,False
0,0.0,0,0.0,0.0,0.0,0.0,0.0,0.0,0.0,0.0,0.0,0,0,0,1,0.0,False
0,,0,0.0,0.0,,,0.0,,,,,0,0,1,0,0.0,False
36,4.0,1,31.78,2.0,26.0,2.0,0.0,25.0,8.0,32.0,5.0,0,0,0,1,0.027777777777777776,False
0,0.0,0,0.0,0.0,0.0,0.0,0.0,0.0,0.0,0.0,0.0,0,0,0,1,0.0,False
18,1.0,0,46.94,1.0,6.0,1.0,0.0,4.0,1.0,25.0,0.0,0,0,0,1,0.0,False
0,,0,0.0,0.0,,,0.0,,,,,0,0,1,0,0.0,False
0,0.0,0,0.0,0.0,0.0,0.0,0.0,0.0,0.0,0.0,0.0,0,1,0,0,0.0,False
4,0.0,0,8.25,0.0,4.0,0.0,0.0,1.0,0.0,0.0,0.0,0,0,0,1,0.0,False
0,,0,0.0,0.0,,,0.0,,,,,0,0,1,0,0.0,False
33,9.0,2,23.24,3.0,45.0,2.0,0.0,40.0,23.0,57.0,5.0,0,0,0,1,0.06060606060606061,True
0,0.0,0,0.0,0.0,0.0,0.0,0.0,0.0,0.0,0.0,0.0,0,0,0,1,0.0,False
35,17.0,7,29.0,10.0,192.0,17.0,2.0,86.0,49.0,57.0,17.0,0,1,0,0,0.2,True
0,,0,0.0,0.0,,,0.0,,,,,0,0,1,0,0.0,False
0,0.0,0,0.0,0.0,0.0,0.0,0.0,0.0,0.0,0.0,0.0,0,1,0,0,0.0,False
0,0.0,0,0.0,0.0,0.0,0.0,0.0,0.0,0.0,0.0,0.0,0,1,0,0,0.0,False
35,12.0,1,38.4,2.0,13.0,4.0,0.0,45.0,12.0,27.0,1.0,0,0,0,1,0.02857142857142857,False
19,0.0,1,28.21,0.0,4.0,0.0,0.0,6.0,2.0,33.0,0.0,0,0,0,1,0.05263157894736842,False
0,0.0,0,0.0,0.0,0.0,0.0,0.0,0.0,0.0,0.0,0.0,0,0,0,1,0.0,False
28,1.0,0,68.57,0.0,5.0,1.0,0.0,,,,,1,0,0,0,0.0,False
0,0.0,0,0.0,0.0,0.0,0.0,0.0,0.0,0.0,0.0,0.0,0,0,0,1,0.0,False
3,0.0,0,12.0,1.0,2.0,0.0,0.0,1.0,1.0,100.0,1.0,0,1,0,0,0.0,False
1,,0,36.0,0.0,,,0.0,,,,,0,0,1,0,0.0,False
1,,0,31.0,0.0,,,0.0,,,,,0,0,1,0,0.0,False
1,,0,33.0,0.0,,,0.0,,,,,0,0,1,0,0.0,False
3,0.0,0,19.0,0.0,0.0,0.0,0.0,1.0,0.0,0.0,0.0,0,0,0,1,0.0,False
0,0.0,0,0.0,0.0,0.0,0.0,0.0,,,,,1,0,0,0,0.0,False
1,0.0,0,6.0,0.0,1.0,0.0,0.0,,,,,1,0,0,0,0.0,False
0,0.0,0,0.0,0.0,0.0,0.0,0.0,,,,,1,0,0,0,0.0,False
0,0.0,0,0.0,0.0,0.0,0.0,0.0,0.0,0.0,0.0,0.0,0,1,0,0,0.0,False
0,0.0,0,0.0,0.0,0.0,0.0,0.0,0.0,0.0,0.0,0.0,0,1,0,0,0.0,False
0,,0,0.0,0.0,,,0.0,,,,,0,0,1,0,0.0,False
14,3.0,0,69.64,0.0,3.0,0.0,0.0,,,,,1,0,0,0,0.0,False
0,,0,0.0,0.0,,,0.0,,,,,0,0,1,0,0.0,False
0,0.0,0,0.0,0.0,0.0,0.0,0.0,0.0,0.0,0.0,0.0,0,1,0,0,0.0,False
29,2.0,0,43.24,0.0,0.0,1.0,0.0,,,,,1,0,0,0,0.0,False
0,0.0,0,0.0,0.0,0.0,0.0,0.0,0.0,0.0,0.0,0.0,0,1,0,0,0.0,False
0,0.0,0,0.0,0.0,0.0,0.0,0.0,0.0,0.0,0.0,0.0,0,0,0,1,0.0,False
6,1.0,0,11.0,0.0,3.0,0.0,0.0,2.0,0.0,0.0,1.0,0,1,0,0,0.0,False
0,0.0,0,0.0,0.0,0.0,0.0,0.0,,,,,1,0,0,0,0.0,False
0,0.0,0,0.0,0.0,0.0,0.0,0.0,,,,,1,0,0,0,0.0,False
10,3.0,0,30.2,0.0,2.0,0.0,0.0,5.0,1.0,20.0,0.0,0,0,0,1,0.0,False
0,0.0,0,0.0,0.0,0.0,0.0,0.0,0.0,0.0,0.0,0.0,0,1,0,0,0.0,False
11,3.0,0,31.45,0.0,11.0,1.0,0.0,,,,,1,0,0,0,0.0,False
33,3.0,1,36.18,5.0,133.0,1.0,0.0,,,,,1,0,0,0,0.030303030303030304,False
35,2.0,2,33.71,0.0,1.0,2.0,1.0,,,,,1,0,0,0,0.05714285714285714,False
0,0.0,0,0.0,0.0,0.0,0.0,0.0,0.0,0.0,0.0,0.0,0,1,0,0,0.0,False
0,0.0,0,0.0,0.0,0.0,0.0,0.0,,,,,1,0,0,0,0.0,False
0,0.0,0,0.0,0.0,0.0,0.0,0.0,,,,,1,0,0,0,0.0,False
0,0.0,0,0.0,0.0,0.0,0.0,0.0,0.0,0.0,0.0,0.0,0,0,0,1,0.0,False
0,0.0,0,0.0,0.0,0.0,0.0,0.0,0.0,0.0,0.0,0.0,0,1,0,0,0.0,False
14,3.0,1,11.5,1.0,12.0,3.0,0.0,12.0,5.0,42.0,1.0,0,0,0,1,0.07142857142857142,False
32,5.0,0,81.94,0.0,2.0,1.0,1.0,,,,,1,0,0,0,0.0,False
0,0.0,0,0.0,0.0,0.0,0.0,0.0,,,,,1,0,0,0,0.0,False
2,0.0,0,18.5,0.0,2.0,0.0,0.0,,,,,1,0,0,0,0.0,False
32,20.0,4,53.38,6.0,56.0,0.0,1.0,59.0,17.0,29.0,1.0,0,0,0,1,0.125,False
22,5.0,3,41.09,0.0,79.0,1.0,2.0,,,,,1,0,0,0,0.13636363636363635,False
21,2.0,1,43.86,1.0,31.0,0.0,0.0,,,,,1,0,0,0,0.047619047619047616,False
8,1.0,0,39.88,1.0,0.0,0.0,0.0,,,,,1,0,0,0,0.0,False
0,0.0,0,0.0,0.0,0.0,0.0,0.0,,,,,1,0,0,0,0.0,False
0,0.0,0,0.0,0.0,0.0,0.0,0.0,,,,,1,0,0,0,0.0,False
33,24.0,5,22.21,10.0,28.0,25.0,2.0,88.0,30.0,34.0,6.0,0,1,0,0,0.15151515151515152,True
0,0.0,0,0.0,0.0,0.0,0.0,0.0,0.0,0.0,0.0,0.0,0,0,0,1,0.0,False
4,5.0,1,17.5,0.0,4.0,1.0,0.0,13.0,4.0,31.0,1.0,0,1,0,0,0.25,False
1,0.0,0,1.0,0.0,0.0,0.0,0.0,0.0,0.0,0.0,0.0,0,1,0,0,0.0,False
4,1.0,0,50.25,0.0,1.0,1.0,0.0,,,,,1,0,0,0,0.0,False
21,5.0,2,18.71,2.0,96.0,1.0,0.0,21.0,10.0,48.0,0.0,0,0,0,1,0.09523809523809523,False
0,,0,0.0,0.0,,,0.0,,,,,0,0,1,0,0.0,False
9,4.0,0,8.67,0.0,5.0,2.0,0.0,8.0,1.0,13.0,0.0,0,1,0,0,0.0,False
1,1.0,0,6.0,0.0,0.0,0.0,0.0,1.0,0.0,0.0,0.0,0,0,0,1,0.0,False
28,7.0,1,15.25,2.0,33.0,1.0,2.0,32.0,14.0,44.0,6.0,0,1,0,0,0.03571428571428571,False
6,0.0,0,33.83,0.0,28.0,0.0,0.0,,,,,1,0,0,0,0.0,False
17,0.0,0,35.35,0.0,0.0,1.0,0.0,,,,,1,0,0,0,0.0,False
34,24.0,3,32.94,5.0,51.0,13.0,2.0,74.0,27.0,36.0,3.0,0,1,0,0,0.08823529411764706,False
0,,0,0.0,0.0,,,0.0,,,,,0,0,1,0,0.0,False
0,0.0,0,0.0,0.0,0.0,0.0,0.0,,,,,1,0,0,0,0.0,False
0,0.0,0,0.0,0.0,0.0,0.0,0.0,0.0,0.0,0.0,0.0,0,0,0,1,0.0,False
13,3.0,2,39.38,3.0,116.0,0.0,0.0,,,,,1,0,0,0,0.15384615384615385,False
0,0.0,0,0.0,0.0,0.0,0.0,0.0,,,,,1,0,0,0,0.0,False
9,1.0,0,26.67,0.0,1.0,0.0,0.0,,,,,1,0,0,0,0.0,False
7,0.0,0,16.43,0.0,7.0,0.0,0.0,3.0,0.0,0.0,1.0,0,0,0,1,0.0,False
0,0.0,0,0.0,0.0,0.0,0.0,0.0,,,,,1,0,0,0,0.0,False
23,5.0,1,12.17,2.0,14.0,3.0,2.0,30.0,13.0,43.0,1.0,0,1,0,0,0.043478260869565216,False
0,,0,0.0,0.0,,,0.0,,,,,0,0,1,0,0.0,False
14,3.0,0,6.86,1.0,7.0,2.0,0.0,6.0,2.0,33.0,0.0,0,1,0,0,0.0,False
0,0.0,0,0.0,0.0,0.0,0.0,0.0,0.0,0.0,0.0,0.0,0,1,0,0,0.0,False
0,0.0,0,0.0,0.0,0.0,0.0,0.0,0.0,0.0,0.0,0.0,0,1,0,0,0.0,False
0,0.0,0,0.0,0.0,0.0,0.0,0.0,0.0,0.0,0.0,0.0,0,1,0,0,0.0,False
0,0.0,0,0.0,0.0,0.0,0.0,0.0,0.0,0.0,0.0,0.0,0,0,0,1,0.0,False
0,0.0,0,0.0,0.0,0.0,0.0,0.0,0.0,0.0,0.0,0.0,0,1,0,0,0.0,False
5,0.0,0,27.8,1.0,4.0,0.0,0.0,,,,,1,0,0,0,0.0,False
0,0.0,0,0.0,0.0,0.0,0.0,0.0,,,,,1,0,0,0,0.0,False
15,3.0,0,18.33,1.0,6.0,0.0,0.0,7.0,2.0,29.0,0.0,0,0,0,1,0.0,False
0,0.0,0,0.0,0.0,0.0,0.0,0.0,,,,,1,0,0,0,0.0,False
34,6.0,1,77.82,2.0,0.0,0.0,1.0,,,,,1,0,0,0,0.029411764705882353,False
0,0.0,0,0.0,0.0,0.0,0.0,0.0,,,,,1,0,0,0,0.0,False
0,,0,0.0,0.0,,,0.0,,,,,0,0,1,0,0.0,False
22,3.0,1,52.32,1.0,1.0,0.0,0.0,,,,,1,0,0,0,0.045454545454545456,False
25,7.0,2,10.04,2.0,12.0,19.0,0.0,54.0,26.0,48.0,8.0,0,1,0,0,0.08,True
0,0.0,0,0.0,0.0,0.0,0.0,0.0,0.0,0.0,0.0,0.0,0,1,0,0,0.0,False
34,6.0,1,46.59,3.0,42.0,0.0,0.0,,,,,1,0,0,0,0.029411764705882353,False
10,0.0,0,37.7,0.0,0.0,0.0,0.0,,,,,1,0,0,0,0.0,False
0,0.0,0,0.0,0.0,0.0,0.0,0.0,0.0,0.0,0.0,0.0,0,0,0,1,0.0,False
19,3.0,0,10.68,0.0,15.0,3.0,0.0,7.0,3.0,43.0,0.0,0,0,0,1,0.0,False
0,0.0,0,0.0,0.0,0.0,0.0,0.0,,,,,1,0,0,0,0.0,False
0,0.0,0,0.0,0.0,0.0,0.0,0.0,0.0,0.0,0.0,0.0,0,0,0,1,0.0,False
22,4.0,3,4.64,1.0,2.0,5.0,1.0,19.0,7.0,37.0,1.0,0,1,0,0,0.13636363636363635,False
9,2.0,0,9.0,0.0,5.0,2.0,0.0,6.0,0.0,0.0,2.0,0,1,0,0,0.0,False
0,0.0,0,0.0,0.0,0.0,0.0,0.0,,,,,1,0,0,0,0.0,False
32,11.0,2,34.0,5.0,50.0,3.0,1.0,,,,,1,0,0,0,0.0625,False
0,,0,0.0,0.0,,,0.0,,,,,0,0,1,0,0.0,False
0,,0,0.0,0.0,,,0.0,,,,,0,0,1,0,0.0,False
20,3.0,0,46.85,1.0,35.0,1.0,0.0,,,,,1,0,0,0,0.0,False
0,0.0,0,0.0,0.0,0.0,0.0,0.0,0.0,0.0,0.0,0.0,0,0,0,1,0.0,False
28,2.0,0,51.61,1.0,43.0,1.0,0.0,,,,,1,0,0,0,0.0,False
36,16.0,5,50.75,8.0,302.0,0.0,0.0,55.0,24.0,44.0,0.0,0,0,0,1,0.1388888888888889,True
35,25.0,2,19.26,4.0,15.0,16.0,2.0,77.0,32.0,42.0,10.0,0,1,0,0,0.05714285714285714,True
0,0.0,0,0.0,0.0,0.0,0.0,0.0,,,,,1,0,0,0,0.0,False
22,1.0,0,52.36,0.0,6.0,0.0,0.0,,,,,1,0,0,0,0.0,False
20,5.0,3,21.3,2.0,4.0,9.0,2.0,30.0,9.0,30.0,6.0,0,1,0,0,0.15,False
0,0.0,0,0.0,0.0,0.0,0.0,0.0,0.0,0.0,0.0,0.0,0,0,0,1,0.0,False
25,4.0,2,10.92,1.0,1.0,4.0,0.0,43.0,22.0,51.0,12.0,0,1,0,0,0.08,False
0,0.0,0,0.0,0.0,0.0,0.0,0.0,,,,,1,0,0,0,0.0,False
0,0.0,0,0.0,0.0,0.0,0.0,0.0,0.0,0.0,0.0,0.0,0,0,0,1,0.0,False
21,17.0,1,17.71,0.0,23.0,11.0,3.0,45.0,16.0,36.0,5.0,0,1,0,0,0.047619047619047616,False
1,0.0,0,2.0,0.0,0.0,0.0,0.0,0.0,0.0,0.0,0.0,0,1,0,0,0.0,False
27,8.0,3,41.22,7.0,122.0,0.0,1.0,14.0,2.0,14.0,0.0,0,0,0,1,0.1111111111111111,False
0,0.0,0,0.0,0.0,0.0,0.0,0.0,0.0,0.0,0.0,0.0,0,0,0,1,0.0,False
32,4.0,0,56.56,1.0,0.0,0.0,0.0,,,,,1,0,0,0,0.0,False
0,,0,0.0,0.0,,,0.0,,,,,0,0,1,0,0.0,False
0,0.0,0,0.0,0.0,0.0,0.0,0.0,0.0,0.0,0.0,0.0,0,1,0,0,0.0,False
0,0.0,0,0.0,0.0,0.0,0.0,0.0,0.0,0.0,0.0,0.0,0,0,0,1,0.0,False
0,0.0,0,0.0,0.0,0.0,0.0,0.0,,,,,1,0,0,0,0.0,False
0,0.0,0,0.0,0.0,0.0,0.0,0.0,0.0,0.0,0.0,0.0,0,1,0,0,0.0,False
0,0.0,0,0.0,0.0,0.0,0.0,0.0,0.0,0.0,0.0,0.0,0,1,0,0,0.0,False
29,10.0,0,18.76,0.0,16.0,0.0,0.0,35.0,11.0,31.0,3.0,0,0,0,1,0.0,False
0,0.0,0,0.0,0.0,0.0,0.0,0.0,,,,,1,0,0,0,0.0,False
0,0.0,0,0.0,0.0,0.0,0.0,0.0,0.0,0.0,0.0,0.0,0,0,0,1,0.0,False
0,0.0,0,0.0,0.0,0.0,0.0,0.0,,,,,1,0,0,0,0.0,False
19,1.0,1,34.37,3.0,26.0,0.0,1.0,3.0,1.0,33.0,0.0,0,0,0,1,0.05263157894736842,False
30,6.0,1,9.1,0.0,11.0,7.0,0.0,32.0,13.0,41.0,2.0,0,0,0,1,0.03333333333333333,False
0,0.0,0,0.0,0.0,0.0,0.0,0.0,0.0,0.0,0.0,0.0,0,1,0,0,0.0,False
34,11.0,0,18.41,1.0,7.0,26.0,1.0,51.0,19.0,37.0,9.0,0,1,0,0,0.0,False
0,0.0,0,0.0,0.0,0.0,0.0,0.0,0.0,0.0,0.0,0.0,0,0,0,1,0.0,False
4,,0,26.75,0.0,,,0.0,,,,,0,0,1,0,0.0,False
0,0.0,0,0.0,0.0,0.0,0.0,0.0,,,,,1,0,0,0,0.0,False
0,0.0,0,0.0,0.0,0.0,0.0,0.0,0.0,0.0,0.0,0.0,0,1,0,0,0.0,False
27,11.0,2,57.15,2.0,25.0,2.0,0.0,27.0,5.0,19.0,0.0,0,0,0,1,0.07407407407407407,False
0,0.0,0,0.0,0.0,0.0,0.0,0.0,,,,,1,0,0,0,0.0,False
0,0.0,0,0.0,0.0,0.0,0.0,0.0,,,,,1,0,0,0,0.0,False
19,1.0,0,5.32,0.0,8.0,3.0,0.0,11.0,5.0,45.0,1.0,0,1,0,0,0.0,False
0,0.0,0,0.0,0.0,0.0,0.0,0.0,0.0,0.0,0.0,0.0,0,1,0,0,0.0,False
1,0.0,0,0.0,0.0,0.0,0.0,0.0,0.0,0.0,0.0,0.0,0,1,0,0,0.0,False
33,18.0,1,27.55,4.0,48.0,24.0,3.0,69.0,32.0,46.0,4.0,0,1,0,0,0.030303030303030304,True
0,0.0,0,0.0,0.0,0.0,0.0,0.0,0.0,0.0,0.0,0.0,0,0,0,1,0.0,False
8,1.0,0,33.63,0.0,7.0,0.0,0.0,,,,,1,0,0,0,0.0,False
0,0.0,0,0.0,0.0,0.0,0.0,0.0,,,,,1,0,0,0,0.0,False
0,0.0,0,0.0,0.0,0.0,0.0,0.0,0.0,0.0,0.0,0.0,0,1,0,0,0.0,False
0,0.0,0,0.0,0.0,0.0,0.0,0.0,0.0,0.0,0.0,0.0,0,0,0,1,0.0,False
0,,0,0.0,0.0,,,0.0,,,,,0,0,1,0,0.0,False
3,0.0,0,21.0,0.0,0.0,0.0,0.0,,,,,1,0,0,0,0.0,False
15,2.0,4,64.73,3.0,31.0,1.0,0.0,,,,,1,0,0,0,0.26666666666666666,False
0,0.0,0,0.0,0.0,0.0,0.0,0.0,0.0,0.0,0.0,0.0,0,0,0,1,0.0,False
23,16.0,3,27.48,9.0,101.0,5.0,1.0,52.0,19.0,37.0,1.0,0,0,0,1,0.13043478260869565,False
24,1.0,0,41.5,0.0,1.0,0.0,0.0,,,,,1,0,0,0,0.0,False
0,,0,0.0,0.0,,,0.0,,,,,0,0,1,0,0.0,False
36,20.0,4,43.31,6.0,59.0,3.0,2.0,53.0,21.0,40.0,3.0,0,0,0,1,0.1111111111111111,False
0,0.0,0,0.0,0.0,0.0,0.0,0.0,,,,,1,0,0,0,0.0,False
0,0.0,0,0.0,0.0,0.0,0.0,0.0,0.0,0.0,0.0,0.0,0,0,0,1,0.0,False
0,,0,0.0,0.0,,,0.0,,,,,0,0,1,0,0.0,False
32,2.0,0,60.63,2.0,10.0,2.0,0.0,,,,,1,0,0,0,0.0,False
22,4.0,1,8.41,2.0,9.0,1.0,1.0,11.0,4.0,36.0,1.0,0,0,0,1,0.045454545454545456,False
0,0.0,0,0.0,0.0,0.0,0.0,0.0,0.0,0.0,0.0,0.0,0,0,0,1,0.0,False
33,14.0,6,25.91,7.0,196.0,2.0,4.0,62.0,23.0,37.0,4.0,0,0,0,1,0.18181818181818182,False
0,0.0,0,0.0,0.0,0.0,0.0,0.0,0.0,0.0,0.0,0.0,0,0,0,1,0.0,False
0,,0,0.0,0.0,,,0.0,,,,,0,0,1,0,0.0,False
0,0.0,0,0.0,0.0,0.0,0.0,0.0,0.0,0.0,0.0,0.0,0,1,0,0,0.0,False
0,0.0,0,0.0,0.0,0.0,0.0,0.0,0.0,0.0,0.0,0.0,0,0,0,1,0.0,False
0,0.0,0,0.0,0.0,0.0,0.0,0.0,0.0,0.0,0.0,0.0,0,1,0,0,0.0,False
0,,0,0.0,0.0,,,0.0,,,,,0,0,1,0,0.0,False
0,0.0,0,0.0,0.0,0.0,0.0,0.0,0.0,0.0,0.0,0.0,0,0,0,1,0.0,False
18,3.0,0,42.17,1.0,0.0,2.0,0.0,,,,,1,0,0,0,0.0,False
0,0.0,0,0.0,0.0,0.0,0.0,0.0,0.0,0.0,0.0,0.0,0,0,0,1,0.0,False
8,0.0,0,5.5,0.0,2.0,2.0,0.0,3.0,0.0,0.0,0.0,0,0,0,1,0.0,False
21,2.0,0,22.57,1.0,21.0,3.0,0.0,,,,,1,0,0,0,0.0,False
9,0.0,0,32.67,0.0,6.0,0.0,0.0,,,,,1,0,0,0,0.0,False
29,5.0,1,69.69,0.0,6.0,0.0,0.0,,,,,1,0,0,0,0.034482758620689655,False
26,2.0,0,65.58,2.0,15.0,1.0,2.0,,,,,1,0,0,0,0.0,False
0,0.0,0,0.0,0.0,0.0,0.0,0.0,0.0,0.0,0.0,0.0,0,1,0,0,0.0,False
6,0.0,0,18.67,1.0,28.0,1.0,0.0,2.0,1.0,50.0,0.0,0,0,0,1,0.0,False
18,7.0,0,60.28,1.0,3.0,0.0,0.0,10.0,1.0,10.0,0.0,0,0,0,1,0.0,False
18,6.0,2,15.72,1.0,4.0,2.0,1.0,24.0,10.0,42.0,1.0,0,0,0,1,0.1111111111111111,False
0,0.0,0,0.0,0.0,0.0,0.0,0.0,,,,,1,0,0,0,0.0,False
0,0.0,0,0.0,0.0,0.0,0.0,0.0,,,,,1,0,0,0,0.0,False
0,0.0,0,0.0,0.0,0.0,0.0,0.0,,,,,1,0,0,0,0.0,False
37,15.0,9,62.41,25.0,252.0,5.0,1.0,,,,,1,0,0,0,0.24324324324324326,False
37,,1,33.49,0.0,,,0.0,,,,,0,0,1,0,0.02702702702702703,False
0,0.0,0,0.0,0.0,0.0,0.0,0.0,0.0,0.0,0.0,0.0,0,0,0,1,0.0,False
0,0.0,0,0.0,0.0,0.0,0.0,0.0,0.0,0.0,0.0,0.0,0,0,0,1,0.0,False
0,0.0,0,0.0,0.0,0.0,0.0,0.0,,,,,1,0,0,0,0.0,False
2,0.0,0,7.5,0.0,0.0,0.0,0.0,0.0,0.0,0.0,0.0,0,0,0,1,0.0,False
34,25.0,2,27.41,3.0,26.0,9.0,3.0,69.0,21.0,30.0,6.0,0,0,0,1,0.058823529411764705,True
0,0.0,0,0.0,0.0,0.0,0.0,0.0,,,,,1,0,0,0,0.0,False
31,13.0,0,15.13,2.0,26.0,3.0,1.0,47.0,22.0,47.0,4.0,0,1,0,0,0.0,False
0,0.0,0,0.0,0.0,0.0,0.0,0.0,0.0,0.0,0.0,0.0,0,0,0,1,0.0,False
0,0.0,0,0.0,0.0,0.0,0.0,0.0,0.0,0.0,0.0,0.0,0,0,0,1,0.0,False
20,0.0,0,55.35,1.0,0.0,0.0,0.0,,,,,1,0,0,0,0.0,False
1,0.0,0,6.0,0.0,0.0,0.0,0.0,0.0,0.0,0.0,0.0,0,1,0,0,0.0,False
0,0.0,0,0.0,0.0,0.0,0.0,0.0,,,,,1,0,0,0,0.0,False
0,0.0,0,0.0,0.0,0.0,0.0,0.0,,,,,1,0,0,0,0.0,False
0,0.0,0,0.0,0.0,0.0,0.0,0.0,0.0,0.0,0.0,0.0,0,1,0,0,0.0,False
0,0.0,0,0.0,0.0,0.0,0.0,0.0,0.0,0.0,0.0,0.0,0,0,0,1,0.0,False
30,4.0,1,15.33,0.0,44.0,5.0,0.0,22.0,12.0,55.0,1.0,0,1,0,0,0.03333333333333333,False
33,11.0,3,9.21,2.0,35.0,12.0,2.0,39.0,13.0,33.0,7.0,0,1,0,0,0.09090909090909091,False
25,21.0,2,30.96,2.0,32.0,2.0,4.0,72.0,24.0,33.0,4.0,0,1,0,0,0.08,False
0,0.0,0,0.0,0.0,0.0,0.0,0.0,0.0,0.0,0.0,0.0,0,0,0,1,0.0,False
0,0.0,0,0.0,0.0,0.0,0.0,0.0,0.0,0.0,0.0,0.0,0,0,0,1,0.0,False
0,0.0,0,0.0,0.0,0.0,0.0,0.0,0.0,0.0,0.0,0.0,0,0,0,1,0.0,False
6,0.0,0,1.83,0.0,1.0,1.0,0.0,0.0,0.0,0.0,0.0,0,1,0,0,0.0,False
5,,0,15.4,0.0,,,0.0,,,,,0,0,1,0,0.0,False
21,5.0,0,17.86,2.0,8.0,0.0,0.0,14.0,8.0,57.0,1.0,0,0,0,1,0.0,False
32,10.0,1,19.47,3.0,37.0,1.0,1.0,23.0,7.0,30.0,0.0,0,0,0,1,0.03125,False
0,0.0,0,0.0,0.0,0.0,0.0,0.0,0.0,0.0,0.0,0.0,0,0,0,1,0.0,False
0,0.0,0,0.0,0.0,0.0,0.0,0.0,0.0,0.0,0.0,0.0,0,0,0,1,0.0,False
0,0.0,0,0.0,0.0,0.0,0.0,0.0,,,,,1,0,0,0,0.0,False
0,,0,0.0,0.0,,,0.0,,,,,0,0,1,0,0.0,False
0,0.0,0,0.0,0.0,0.0,0.0,0.0,,,,,1,0,0,0,0.0,False
15,3.0,0,7.2,0.0,3.0,0.0,0.0,16.0,7.0,44.0,3.0,0,1,0,0,0.0,False
3,0.0,0,10.0,0.0,5.0,0.0,0.0,,,,,1,0,0,0,0.0,False
24,1.0,0,30.58,1.0,39.0,0.0,0.0,,,,,1,0,0,0,0.0,False
0,,0,0.0,0.0,,,0.0,,,,,0,0,1,0,0.0,False
0,0.0,0,0.0,0.0,0.0,0.0,0.0,,,,,1,0,0,0,0.0,False
27,3.0,1,8.11,1.0,3.0,15.0,2.0,35.0,15.0,43.0,8.0,0,1,0,0,0.037037037037037035,True
3,0.0,0,7.33,0.0,0.0,0.0,0.0,1.0,0.0,0.0,0.0,0,0,0,1,0.0,False
38,10.0,3,21.61,4.0,43.0,4.0,1.0,32.0,11.0,34.0,0.0,0,1,0,0,0.07894736842105263,False
29,9.0,1,30.07,3.0,62.0,1.0,0.0,,,,,1,0,0,0,0.034482758620689655,False
0,0.0,0,0.0,0.0,0.0,0.0,0.0,0.0,0.0,0.0,0.0,0,0,0,1,0.0,False
25,5.0,0,35.88,4.0,26.0,2.0,0.0,,,,,1,0,0,0,0.0,False
0,0.0,0,0.0,0.0,0.0,0.0,0.0,,,,,1,0,0,0,0.0,False
0,0.0,0,0.0,0.0,0.0,0.0,0.0,,,,,1,0,0,0,0.0,False
0,0.0,0,0.0,0.0,0.0,0.0,0.0,,,,,1,0,0,0,0.0,False
0,0.0,0,0.0,0.0,0.0,0.0,0.0,,,,,1,0,0,0,0.0,False
11,2.0,0,77.73,1.0,2.0,0.0,0.0,,,,,1,0,0,0,0.0,False
33,19.0,4,13.36,8.0,96.0,9.0,4.0,51.0,14.0,27.0,4.0,0,0,0,1,0.12121212121212122,False
0,0.0,0,0.0,0.0,0.0,0.0,0.0,,,,,1,0,0,0,0.0,False
11,2.0,0,23.0,0.0,5.0,0.0,0.0,6.0,3.0,50.0,0.0,0,0,0,1,0.0,False
0,0.0,0,0.0,0.0,0.0,0.0,0.0,0.0,0.0,0.0,0.0,0,0,0,1,0.0,False
0,0.0,0,0.0,0.0,0.0,0.0,0.0,0.0,0.0,0.0,0.0,0,0,0,1,0.0,False
0,0.0,0,0.0,0.0,0.0,0.0,0.0,0.0,0.0,0.0,0.0,0,0,0,1,0.0,False
0,,0,0.0,0.0,,,0.0,,,,,0,0,1,0,0.0,False
2,0.0,0,3.0,0.0,0.0,0.0,0.0,0.0,0.0,0.0,0.0,0,1,0,0,0.0,False
0,0.0,0,0.0,0.0,0.0,0.0,0.0,,,,,1,0,0,0,0.0,False
0,0.0,0,0.0,0.0,0.0,0.0,0.0,0.0,0.0,0.0,0.0,0,1,0,0,0.0,False
0,0.0,0,0.0,0.0,0.0,0.0,0.0,,,,,1,0,0,0,0.0,False
28,14.0,2,11.64,1.0,5.0,18.0,0.0,50.0,17.0,34.0,13.0,0,1,0,0,0.07142857142857142,False
0,0.0,0,0.0,0.0,0.0,0.0,0.0,0.0,0.0,0.0,0.0,0,1,0,0,0.0,False
23,2.0,1,12.13,2.0,11.0,1.0,0.0,4.0,1.0,25.0,0.0,0,0,0,1,0.043478260869565216,False
0,0.0,0,0.0,0.0,0.0,0.0,0.0,0.0,0.0,0.0,0.0,0,0,0,1,0.0,False
34,18.0,1,21.38,5.0,44.0,9.0,0.0,72.0,34.0,47.0,8.0,0,0,0,1,0.029411764705882353,True
0,0.0,0,0.0,0.0,0.0,0.0,0.0,0.0,0.0,0.0,0.0,0,1,0,0,0.0,False
0,0.0,0,0.0,0.0,0.0,0.0,0.0,,,,,1,0,0,0,0.0,False
0,0.0,0,0.0,0.0,0.0,0.0,0.0,0.0,0.0,0.0,0.0,0,0,0,1,0.0,False
0,0.0,0,0.0,0.0,0.0,0.0,0.0,0.0,0.0,0.0,0.0,0,1,0,0,0.0,False
0,,0,0.0,0.0,,,0.0,,,,,0,0,1,0,0.0,False
32,,0,32.13,0.0,,,0.0,,,,,0,0,1,0,0.0,False
0,,0,0.0,0.0,,,0.0,,,,,0,0,1,0,0.0,False
4,0.0,0,1.75,0.0,0.0,0.0,0.0,,,,,1,0,0,0,0.0,False
0,0.0,0,0.0,0.0,0.0,0.0,0.0,,,,,1,0,0,0,0.0,False
23,4.0,0,41.48,0.0,1.0,0.0,0.0,,,,,1,0,0,0,0.0,False
1,,0,25.0,0.0,,,0.0,,,,,0,0,1,0,0.0,False
24,1.0,2,38.63,2.0,4.0,0.0,0.0,,,,,1,0,0,0,0.08333333333333333,False
0,0.0,0,0.0,0.0,0.0,0.0,0.0,,,,,1,0,0,0,0.0,False
0,0.0,0,0.0,0.0,0.0,0.0,0.0,,,,,1,0,0,0,0.0,False
0,0.0,0,0.0,0.0,0.0,0.0,0.0,,,,,1,0,0,0,0.0,False
0,0.0,0,0.0,0.0,0.0,0.0,0.0,,,,,1,0,0,0,0.0,False
35,21.0,3,20.0,5.0,83.0,7.0,4.0,73.0,27.0,37.0,1.0,0,1,0,0,0.08571428571428572,False
18,3.0,2,47.61,0.0,16.0,0.0,0.0,15.0,9.0,60.0,1.0,0,0,0,1,0.1111111111111111,False
0,0.0,0,0.0,0.0,0.0,0.0,0.0,0.0,0.0,0.0,0.0,0,1,0,0,0.0,False
2,,0,33.0,0.0,,,0.0,,,,,0,0,1,0,0.0,False
0,,0,0.0,0.0,,,0.0,,,,,0,0,1,0,0.0,False
0,0.0,0,0.0,0.0,0.0,0.0,0.0,0.0,0.0,0.0,0.0,0,1,0,0,0.0,False
0,0.0,0,0.0,0.0,0.0,0.0,0.0,,,,,1,0,0,0,0.0,False
34,10.0,5,41.71,6.0,75.0,2.0,0.0,25.0,10.0,40.0,1.0,0,0,0,1,0.14705882352941177,False
0,0.0,0,0.0,0.0,0.0,0.0,0.0,,,,,1,0,0,0,0.0,False
0,,0,0.0,0.0,,,0.0,,,,,0,0,1,0,0.0,False
1,0.0,0,3.0,0.0,0.0,0.0,0.0,,,,,1,0,0,0,0.0,False
2,0.0,0,9.0,0.0,1.0,0.0,0.0,,,,,1,0,0,0,0.0,False
0,0.0,0,0.0,0.0,0.0,0.0,0.0,0.0,0.0,0.0,0.0,0,0,0,1,0.0,False
0,0.0,0,0.0,0.0,0.0,0.0,0.0,0.0,0.0,0.0,0.0,0,1,0,0,0.0,False
36,10.0,1,28.0,5.0,38.0,3.0,1.0,38.0,18.0,47.0,3.0,0,0,0,1,0.027777777777777776,False
0,,0,0.0,0.0,,,0.0,,,,,0,0,1,0,0.0,False
23,2.0,0,31.61,1.0,2.0,1.0,0.0,6.0,0.0,0.0,0.0,0,0,0,1,0.0,False
0,0.0,0,0.0,0.0,0.0,0.0,0.0,0.0,0.0,0.0,0.0,0,1,0,0,0.0,False
0,0.0,0,0.0,0.0,0.0,0.0,0.0,0.0,0.0,0.0,0.0,0,0,0,1,0.0,False
0,0.0,0,0.0,0.0,0.0,0.0,0.0,0.0,0.0,0.0,0.0,0,0,0,1,0.0,False
0,0.0,0,0.0,0.0,0.0,0.0,0.0,,,,,0,0,0,1,0.0,False
0,0.0,0,0.0,0.0,0.0,0.0,0.0,0.0,0.0,0.0,0.0,0,0,0,1,0.0,False
0,0.0,0,0.0,0.0,0.0,0.0,0.0,,,,,1,0,0,0,0.0,False
11,1.0,1,23.27,0.0,0.0,3.0,0.0,,,,,1,0,0,0,0.09090909090909091,False
0,0.0,0,0.0,0.0,0.0,0.0,0.0,,,,,1,0,0,0,0.0,False
36,6.0,0,48.72,1.0,1.0,2.0,1.0,,,,,1,0,0,0,0.0,False
0,0.0,0,0.0,0.0,0.0,0.0,0.0,0.0,0.0,0.0,0.0,0,0,0,1,0.0,False
38,33.0,5,18.82,9.0,159.0,10.0,3.0,75.0,24.0,32.0,5.0,0,1,0,0,0.13157894736842105,False
0,0.0,0,0.0,0.0,0.0,0.0,0.0,0.0,0.0,0.0,0.0,0,0,0,1,0.0,False
0,0.0,0,0.0,0.0,0.0,0.0,0.0,,,,,1,0,0,0,0.0,False
0,0.0,0,0.0,0.0,0.0,0.0,0.0,0.0,0.0,0.0,0.0,0,0,0,1,0.0,False
0,0.0,0,0.0,0.0,0.0,0.0,0.0,,,,,1,0,0,0,0.0,False
0,0.0,0,0.0,0.0,0.0,0.0,0.0,0.0,0.0,0.0,0.0,0,0,0,1,0.0,False
5,0.0,0,27.8,0.0,13.0,0.0,0.0,,,,,1,0,0,0,0.0,False
0,0.0,0,0.0,0.0,0.0,0.0,0.0,0.0,0.0,0.0,0.0,0,1,0,0,0.0,False
12,0.0,0,4.42,0.0,0.0,3.0,0.0,6.0,5.0,83.0,3.0,0,1,0,0,0.0,False
0,0.0,0,0.0,0.0,0.0,0.0,0.0,,,,,1,0,0,0,0.0,False
6,3.0,0,9.5,0.0,6.0,0.0,0.0,5.0,1.0,20.0,0.0,0,0,0,1,0.0,False
37,22.0,8,50.14,32.0,141.0,15.0,5.0,92.0,35.0,38.0,6.0,0,0,0,1,0.21621621621621623,False
32,7.0,5,51.0,2.0,22.0,1.0,2.0,28.0,8.0,29.0,3.0,0,0,0,1,0.15625,False
0,0.0,0,0.0,0.0,0.0,0.0,0.0,0.0,0.0,0.0,0.0,0,0,0,1,0.0,False
1,0.0,0,16.0,0.0,0.0,0.0,0.0,,,,,1,0,0,0,0.0,False
0,0.0,0,0.0,0.0,0.0,0.0,0.0,,,,,1,0,0,0,0.0,False
38,19.0,2,26.11,8.0,18.0,1.0,4.0,49.0,12.0,24.0,1.0,0,0,0,1,0.05263157894736842,False
13,4.0,1,14.31,1.0,7.0,3.0,1.0,11.0,3.0,27.0,0.0,0,0,0,1,0.07692307692307693,False
38,6.0,0,37.84,3.0,17.0,7.0,1.0,,,,,1,0,0,0,0.0,False
0,0.0,0,0.0,0.0,0.0,0.0,0.0,,,,,1,0,0,0,0.0,False
0,,0,0.0,0.0,,,0.0,,,,,0,0,1,0,0.0,False
0,0.0,0,0.0,0.0,0.0,0.0,0.0,0.0,0.0,0.0,0.0,0,1,0,0,0.0,False
0,,0,0.0,0.0,,,0.0,,,,,0,0,1,0,0.0,False
0,0.0,0,0.0,0.0,0.0,0.0,0.0,0.0,0.0,0.0,0.0,0,0,0,1,0.0,False
1,0.0,0,2.0,0.0,0.0,0.0,0.0,0.0,0.0,0.0,0.0,0,0,0,1,0.0,False
0,0.0,0,0.0,0.0,0.0,0.0,0.0,,,,,1,0,0,0,0.0,False
0,0.0,0,0.0,0.0,0.0,0.0,0.0,0.0,0.0,0.0,0.0,0,0,0,1,0.0,False
33,13.0,0,21.42,3.0,37.0,0.0,0.0,21.0,3.0,14.0,0.0,0,0,0,1,0.0,False
13,0.0,0,43.23,0.0,1.0,0.0,0.0,,,,,1,0,0,0,0.0,False
0,0.0,0,0.0,0.0,0.0,0.0,0.0,0.0,0.0,0.0,0.0,0,0,0,1,0.0,False
17,6.0,1,12.65,2.0,6.0,19.0,1.0,31.0,10.0,32.0,6.0,0,1,0,0,0.058823529411764705,False
0,0.0,0,0.0,0.0,0.0,0.0,0.0,0.0,0.0,0.0,0.0,0,1,0,0,0.0,False
0,0.0,0,0.0,0.0,0.0,0.0,0.0,,,,,1,0,0,0,0.0,False
2,0.0,0,2.5,0.0,0.0,0.0,0.0,1.0,1.0,100.0,0.0,0,1,0,0,0.0,False
5,0.0,0,7.4,0.0,3.0,0.0,0.0,1.0,0.0,0.0,0.0,0,0,0,1,0.0,False
0,0.0,0,0.0,0.0,0.0,0.0,0.0,0.0,0.0,0.0,0.0,0,0,0,1,0.0,False
0,,0,0.0,0.0,,,0.0,,,,,0,0,1,0,0.0,False
0,0.0,0,0.0,0.0,0.0,0.0,0.0,,,,,1,0,0,0,0.0,False
0,0.0,0,0.0,0.0,0.0,0.0,0.0,0.0,0.0,0.0,0.0,0,1,0,0,0.0,False
28,4.0,2,6.5,1.0,6.0,6.0,0.0,21.0,12.0,57.0,3.0,0,1,0,0,0.07142857142857142,False
0,,0,0.0,0.0,,,0.0,,,,,0,0,1,0,0.0,False
0,0.0,0,0.0,0.0,0.0,0.0,0.0,,,,,1,0,0,0,0.0,False
0,0.0,0,0.0,0.0,0.0,0.0,0.0,0.0,0.0,0.0,0.0,0,0,0,1,0.0,False
28,6.0,3,50.43,7.0,19.0,1.0,1.0,34.0,11.0,32.0,2.0,0,0,0,1,0.10714285714285714,False
0,0.0,0,0.0,0.0,0.0,0.0,0.0,,,,,1,0,0,0,0.0,False
26,3.0,1,30.04,0.0,46.0,2.0,0.0,,,,,1,0,0,0,0.038461538461538464,False
37,5.0,3,40.65,6.0,58.0,6.0,0.0,,,,,1,0,0,0,0.08108108108108109,False
0,0.0,0,0.0,0.0,0.0,0.0,0.0,0.0,0.0,0.0,0.0,0,1,0,0,0.0,False
8,2.0,0,19.5,0.0,27.0,0.0,0.0,,,,,1,0,0,0,0.0,False
0,0.0,0,0.0,0.0,0.0,0.0,0.0,,,,,1,0,0,0,0.0,False
25,3.0,0,45.68,0.0,13.0,0.0,1.0,,,,,1,0,0,0,0.0,False
14,1.0,0,13.64,1.0,4.0,0.0,0.0,,,,,1,0,0,0,0.0,False
1,0.0,0,24.0,0.0,0.0,0.0,0.0,0.0,0.0,0.0,0.0,0,0,0,1,0.0,False
0,0.0,0,0.0,0.0,0.0,0.0,0.0,,,,,1,0,0,0,0.0,False
0,0.0,0,0.0,0.0,0.0,0.0,0.0,0.0,0.0,0.0,0.0,0,0,0,1,0.0,False
0,0.0,0,0.0,0.0,0.0,0.0,0.0,0.0,0.0,0.0,0.0,0,0,0,1,0.0,False
0,0.0,0,0.0,0.0,0.0,0.0,0.0,,,,,1,0,0,0,0.0,False
23,2.0,2,33.0,1.0,92.0,3.0,1.0,,,,,1,0,0,0,0.08695652173913043,False
0,0.0,0,0.0,0.0,0.0,0.0,0.0,0.0,0.0,0.0,0.0,0,1,0,0,0.0,False
0,0.0,0,0.0,0.0,0.0,0.0,0.0,0.0,0.0,0.0,0.0,0,0,0,1,0.0,False
0,0.0,0,0.0,0.0,0.0,0.0,0.0,0.0,0.0,0.0,0.0,0,0,0,1,0.0,False
0,0.0,0,0.0,0.0,0.0,0.0,0.0,,,,,1,0,0,0,0.0,False
0,0.0,0,0.0,0.0,0.0,0.0,0.0,,,,,1,0,0,0,0.0,False
0,0.0,0,0.0,0.0,0.0,0.0,0.0,,,,,1,0,0,0,0.0,False
32,15.0,1,19.19,1.0,32.0,1.0,1.0,33.0,9.0,27.0,1.0,0,0,0,1,0.03125,False
0,,0,0.0,0.0,,,0.0,,,,,0,0,1,0,0.0,False
14,3.0,0,14.29,0.0,3.0,1.0,1.0,5.0,1.0,20.0,0.0,0,0,0,1,0.0,False
0,0.0,0,0.0,0.0,0.0,0.0,0.0,0.0,0.0,0.0,0.0,0,0,0,1,0.0,False
1,0.0,0,1.0,0.0,0.0,0.0,0.0,0.0,0.0,0.0,0.0,0,0,0,1,0.0,False
0,0.0,0,0.0,0.0,0.0,0.0,0.0,,,,,1,0,0,0,0.0,False
0,0.0,0,0.0,0.0,0.0,0.0,0.0,0.0,0.0,0.0,0.0,0,0,0,1,0.0,False
0,0.0,0,0.0,0.0,0.0,0.0,0.0,,,,,1,0,0,0,0.0,False
22,0.0,0,30.0,1.0,21.0,0.0,0.0,,,,,1,0,0,0,0.0,False
24,1.0,1,50.0,1.0,1.0,2.0,0.0,,,,,1,0,0,0,0.041666666666666664,False
11,0.0,0,12.82,1.0,1.0,0.0,0.0,0.0,0.0,0.0,0.0,0,0,0,1,0.0,False
23,3.0,0,26.22,4.0,22.0,2.0,0.0,,,,,1,0,0,0,0.0,False
26,1.0,0,43.42,0.0,0.0,1.0,0.0,,,,,1,0,0,0,0.0,False
17,1.0,2,67.53,1.0,1.0,0.0,0.0,,,,,1,0,0,0,0.11764705882352941,False
0,0.0,0,0.0,0.0,0.0,0.0,0.0,0.0,0.0,0.0,0.0,0,1,0,0,0.0,False
28,3.0,2,25.11,3.0,45.0,0.0,0.0,6.0,0.0,0.0,0.0,0,0,0,1,0.07142857142857142,False
18,2.0,0,43.56,0.0,1.0,0.0,0.0,,,,,1,0,0,0,0.0,False
0,0.0,0,0.0,0.0,0.0,0.0,0.0,0.0,0.0,0.0,0.0,0,1,0,0,0.0,False
0,0.0,0,0.0,0.0,0.0,0.0,0.0,0.0,0.0,0.0,0.0,0,0,0,1,0.0,False
14,2.0,0,6.29,0.0,6.0,9.0,1.0,9.0,2.0,22.0,2.0,0,1,0,0,0.0,False
27,2.0,1,30.0,4.0,113.0,1.0,0.0,,,,,1,0,0,0,0.037037037037037035,False
1,0.0,0,0.0,0.0,0.0,0.0,0.0,0.0,0.0,0.0,0.0,0,0,0,1,0.0,False
0,0.0,0,0.0,0.0,0.0,0.0,0.0,0.0,0.0,0.0,0.0,0,0,0,1,0.0,False
0,,0,0.0,0.0,,,0.0,,,,,0,0,1,0,0.0,False
0,0.0,0,0.0,0.0,0.0,0.0,0.0,0.0,0.0,0.0,0.0,0,0,0,1,0.0,False
0,0.0,0,0.0,0.0,0.0,0.0,0.0,0.0,0.0,0.0,0.0,0,0,0,1,0.0,False
0,0.0,0,0.0,0.0,0.0,0.0,0.0,,,,,1,0,0,0,0.0,False
0,,0,0.0,0.0,,,0.0,,,,,0,0,1,0,0.0,False
5,0.0,0,20.8,0.0,1.0,1.0,0.0,,,,,1,0,0,0,0.0,False
10,6.0,0,15.8,0.0,3.0,8.0,0.0,25.0,6.0,24.0,2.0,0,1,0,0,0.0,False
24,4.0,2,45.42,2.0,44.0,1.0,0.0,,,,,1,0,0,0,0.08333333333333333,False
0,,0,0.0,0.0,,,0.0,,,,,0,0,1,0,0.0,False
0,0.0,0,0.0,0.0,0.0,0.0,0.0,0.0,0.0,0.0,0.0,0,0,0,1,0.0,False
0,0.0,0,0.0,0.0,0.0,0.0,0.0,0.0,0.0,0.0,0.0,0,1,0,0,0.0,False
0,0.0,0,0.0,0.0,0.0,0.0,0.0,,,,,1,0,0,0,0.0,False
0,0.0,0,0.0,0.0,0.0,0.0,0.0,0.0,0.0,0.0,0.0,0,1,0,0,0.0,False
30,7.0,4,9.17,5.0,8.0,7.0,0.0,30.0,16.0,53.0,5.0,0,1,0,0,0.13333333333333333,False
0,0.0,0,0.0,0.0,0.0,0.0,0.0,,,,,1,0,0,0,0.0,False
26,3.0,0,14.27,4.0,29.0,0.0,0.0,12.0,6.0,50.0,4.0,0,0,0,1,0.0,False
32,9.0,0,18.53,2.0,56.0,4.0,1.0,43.0,18.0,42.0,3.0,0,0,0,1,0.0,False
13,3.0,2,17.38,1.0,3.0,2.0,0.0,15.0,4.0,27.0,0.0,0,0,0,1,0.15384615384615385,False
9,2.0,0,6.0,0.0,2.0,1.0,0.0,6.0,3.0,50.0,1.0,0,1,0,0,0.0,False
0,,0,0.0,0.0,,,0.0,,,,,0,0,1,0,0.0,False
36,7.0,2,15.89,3.0,33.0,0.0,0.0,18.0,6.0,33.0,1.0,0,0,0,1,0.05555555555555555,False
19,2.0,0,12.11,0.0,2.0,1.0,1.0,9.0,2.0,22.0,2.0,0,0,0,1,0.0,False
0,0.0,0,0.0,0.0,0.0,0.0,0.0,0.0,0.0,0.0,0.0,0,1,0,0,0.0,False
25,2.0,0,48.96,0.0,2.0,0.0,0.0,,,,,1,0,0,0,0.0,False
0,0.0,0,0.0,0.0,0.0,0.0,0.0,,,,,1,0,0,0,0.0,False
0,0.0,0,0.0,0.0,0.0,0.0,0.0,0.0,0.0,0.0,0.0,0,0,0,1,0.0,False
32,21.0,16,42.41,31.0,226.0,5.0,1.0,65.0,21.0,32.0,3.0,0,0,0,1,0.5,False
36,9.0,1,21.72,2.0,53.0,11.0,2.0,31.0,10.0,32.0,2.0,0,1,0,0,0.027777777777777776,False
38,,0,28.5,0.0,,,0.0,,,,,0,0,1,0,0.0,False
0,0.0,0,0.0,0.0,0.0,0.0,0.0,,,,,1,0,0,0,0.0,False
0,0.0,0,0.0,0.0,0.0,0.0,0.0,0.0,0.0,0.0,0.0,0,1,0,0,0.0,False
0,0.0,0,0.0,0.0,0.0,0.0,0.0,0.0,0.0,0.0,0.0,0,0,0,1,0.0,False
6,0.0,0,7.0,0.0,3.0,0.0,1.0,2.0,2.0,100.0,0.0,0,0,0,1,0.0,False
24,1.0,0,15.75,1.0,3.0,0.0,0.0,5.0,2.0,40.0,1.0,0,0,0,1,0.0,False
0,,0,0.0,0.0,,,0.0,,,,,0,0,1,0,0.0,False
1,1.0,0,0.0,0.0,0.0,0.0,0.0,1.0,0.0,0.0,0.0,0,1,0,0,0.0,False
0,0.0,0,0.0,0.0,0.0,0.0,0.0,0.0,0.0,0.0,0.0,0,0,0,1,0.0,False
31,7.0,2,35.32,3.0,46.0,1.0,1.0,26.0,6.0,23.0,3.0,0,0,0,1,0.06451612903225806,False
0,0.0,0,0.0,0.0,0.0,0.0,0.0,0.0,0.0,0.0,0.0,0,1,0,0,0.0,False
17,7.0,2,26.24,2.0,8.0,3.0,2.0,27.0,8.0,30.0,2.0,0,1,0,0,0.11764705882352941,False
0,0.0,0,0.0,0.0,0.0,0.0,0.0,0.0,0.0,0.0,0.0,0,0,0,1,0.0,False
0,0.0,0,0.0,0.0,0.0,0.0,0.0,0.0,0.0,0.0,0.0,0,0,0,1,0.0,False
0,0.0,0,0.0,0.0,0.0,0.0,0.0,0.0,0.0,0.0,0.0,0,1,0,0,0.0,False
3,1.0,0,46.33,0.0,1.0,0.0,0.0,,,,,1,0,0,0,0.0,False
23,6.0,0,9.35,0.0,6.0,16.0,0.0,28.0,15.0,54.0,5.0,0,1,0,0,0.0,False
0,0.0,0,0.0,0.0,0.0,0.0,0.0,0.0,0.0,0.0,0.0,0,0,0,1,0.0,False
33,8.0,1,59.94,3.0,11.0,1.0,0.0,,,,,1,0,0,0,0.030303030303030304,False
28,1.0,0,25.25,2.0,77.0,2.0,0.0,,,,,1,0,0,0,0.0,False
26,10.0,2,45.73,1.0,44.0,0.0,1.0,,,,,1,0,0,0,0.07692307692307693,False
22,8.0,4,16.95,2.0,8.0,3.0,1.0,35.0,11.0,31.0,10.0,0,1,0,0,0.18181818181818182,False
25,1.0,0,55.8,1.0,2.0,3.0,0.0,,,,,1,0,0,0,0.0,False
0,0.0,0,0.0,0.0,0.0,0.0,0.0,0.0,0.0,0.0,0.0,0,0,0,1,0.0,False
16,0.0,2,12.94,1.0,12.0,1.0,0.0,3.0,2.0,67.0,0.0,0,0,0,1,0.125,False
2,0.0,0,7.0,0.0,0.0,0.0,0.0,0.0,0.0,0.0,0.0,0,1,0,0,0.0,False
0,0.0,0,0.0,0.0,0.0,0.0,0.0,0.0,0.0,0.0,0.0,0,1,0,0,0.0,False
12,4.0,0,27.42,0.0,18.0,0.0,0.0,,,,,1,0,0,0,0.0,False
0,0.0,0,0.0,0.0,0.0,0.0,0.0,0.0,0.0,0.0,0.0,0,1,0,0,0.0,False
0,0.0,0,0.0,0.0,0.0,0.0,0.0,,,,,1,0,0,0,0.0,False
0,0.0,0,0.0,0.0,0.0,0.0,0.0,,,,,1,0,0,0,0.0,False
34,12.0,3,36.44,3.0,6.0,0.0,1.0,36.0,7.0,19.0,0.0,0,0,0,1,0.08823529411764706,False
37,12.0,6,45.86,7.0,106.0,2.0,2.0,34.0,12.0,35.0,0.0,0,0,0,1,0.16216216216216217,False
21,2.0,0,15.57,0.0,3.0,0.0,0.0,4.0,1.0,25.0,0.0,0,0,0,1,0.0,False
0,0.0,0,0.0,0.0,0.0,0.0,0.0,0.0,0.0,0.0,0.0,0,0,0,1,0.0,False
1,0.0,0,31.0,0.0,1.0,0.0,0.0,,,,,1,0,0,0,0.0,False
2,,0,20.0,0.0,,,0.0,,,,,0,0,1,0,0.0,False
5,0.0,0,4.0,0.0,0.0,0.0,0.0,,,,,1,0,0,0,0.0,False
0,0.0,0,0.0,0.0,0.0,0.0,0.0,,,,,1,0,0,0,0.0,False
36,5.0,0,89.11,1.0,2.0,1.0,0.0,,,,,1,0,0,0,0.0,False
12,2.0,0,2.17,0.0,2.0,3.0,1.0,7.0,2.0,29.0,1.0,0,1,0,0,0.0,False
3,0.0,0,2.33,0.0,3.0,0.0,0.0,0.0,0.0,0.0,0.0,0,1,0,0,0.0,False
35,,1,31.69,0.0,,,0.0,,,,,0,0,1,0,0.02857142857142857,False
35,13.0,2,11.6,1.0,4.0,13.0,0.0,39.0,15.0,38.0,4.0,0,1,0,0,0.05714285714285714,False
17,4.0,0,8.94,0.0,11.0,1.0,0.0,8.0,3.0,38.0,1.0,0,0,0,1,0.0,False
0,0.0,0,0.0,0.0,0.0,0.0,0.0,0.0,0.0,0.0,0.0,0,1,0,0,0.0,False
0,0.0,0,0.0,0.0,0.0,0.0,0.0,,,,,1,0,0,0,0.0,False
0,0.0,0,0.0,0.0,0.0,0.0,0.0,0.0,0.0,0.0,0.0,0,0,0,1,0.0,False
0,0.0,0,0.0,0.0,0.0,0.0,0.0,0.0,0.0,0.0,0.0,0,1,0,0,0.0,False
16,1.0,1,7.56,2.0,7.0,3.0,1.0,10.0,4.0,40.0,2.0,0,1,0,0,0.0625,False
0,0.0,0,0.0,0.0,0.0,0.0,0.0,0.0,0.0,0.0,0.0,0,0,0,1,0.0,False
33,10.0,1,17.61,3.0,34.0,3.0,0.0,36.0,11.0,31.0,3.0,0,0,0,1,0.030303030303030304,False
0,0.0,0,0.0,0.0,0.0,0.0,0.0,0.0,0.0,0.0,0.0,0,1,0,0,0.0,False
22,4.0,0,26.45,0.0,47.0,0.0,1.0,,,,,1,0,0,0,0.0,False
26,4.0,1,33.15,0.0,46.0,0.0,0.0,,,,,1,0,0,0,0.038461538461538464,False
36,,0,34.67,0.0,,,0.0,,,,,0,0,1,0,0.0,False
20,8.0,2,12.1,3.0,12.0,3.0,2.0,38.0,18.0,47.0,3.0,0,1,0,0,0.1,False
28,12.0,8,49.68,6.0,81.0,3.0,0.0,39.0,12.0,31.0,5.0,0,0,0,1,0.2857142857142857,False
35,12.0,5,46.31,7.0,101.0,11.0,0.0,,,,,1,0,0,0,0.14285714285714285,False
13,0.0,0,60.54,0.0,0.0,1.0,0.0,,,,,1,0,0,0,0.0,False
0,0.0,0,0.0,0.0,0.0,0.0,0.0,0.0,0.0,0.0,0.0,0,0,0,1,0.0,False
38,19.0,4,28.5,6.0,78.0,4.0,1.0,71.0,26.0,37.0,1.0,0,0,0,1,0.10526315789473684,True
36,,0,21.47,0.0,,,0.0,,,,,0,0,1,0,0.0,False
36,5.0,2,50.42,4.0,5.0,0.0,0.0,18.0,4.0,22.0,0.0,0,0,0,1,0.05555555555555555,False
13,1.0,0,10.69,0.0,2.0,0.0,0.0,11.0,4.0,36.0,1.0,0,0,0,1,0.0,False
0,0.0,0,0.0,0.0,0.0,0.0,0.0,0.0,0.0,0.0,0.0,0,1,0,0,0.0,False
22,6.0,2,12.14,3.0,20.0,0.0,0.0,15.0,2.0,13.0,0.0,0,0,0,1,0.09090909090909091,False
0,,0,0.0,0.0,,,0.0,,,,,0,0,1,0,0.0,False
31,2.0,2,59.42,1.0,0.0,0.0,0.0,,,,,1,0,0,0,0.06451612903225806,False
0,0.0,0,0.0,0.0,0.0,0.0,0.0,,,,,1,0,0,0,0.0,False
0,0.0,0,0.0,0.0,0.0,0.0,0.0,,,,,1,0,0,0,0.0,False
0,0.0,0,0.0,0.0,0.0,0.0,0.0,,,,,1,0,0,0,0.0,False
16,5.0,1,34.75,2.0,2.0,4.0,0.0,,,,,1,0,0,0,0.0625,False
19,8.0,2,11.68,0.0,2.0,5.0,3.0,36.0,17.0,47.0,5.0,0,1,0,0,0.10526315789473684,False
0,,0,0.0,0.0,,,0.0,,,,,0,0,1,0,0.0,False
0,0.0,0,0.0,0.0,0.0,0.0,0.0,0.0,0.0,0.0,0.0,0,0,0,1,0.0,False
0,0.0,0,0.0,0.0,0.0,0.0,0.0,0.0,0.0,0.0,0.0,0,0,0,1,0.0,False
0,0.0,0,0.0,0.0,0.0,0.0,0.0,0.0,0.0,0.0,0.0,0,0,0,1,0.0,False
19,1.0,1,26.37,1.0,12.0,0.0,0.0,,,,,1,0,0,0,0.05263157894736842,False
0,0.0,0,0.0,0.0,0.0,0.0,0.0,,,,,1,0,0,0,0.0,False
0,0.0,0,0.0,0.0,0.0,0.0,0.0,0.0,0.0,0.0,0.0,0,0,0,1,0.0,False
0,0.0,0,0.0,0.0,0.0,0.0,0.0,0.0,0.0,0.0,0.0,0,0,0,1,0.0,False
0,0.0,0,0.0,0.0,0.0,0.0,0.0,0.0,0.0,0.0,0.0,0,0,0,1,0.0,False
32,13.0,5,31.34,7.0,91.0,6.0,1.0,46.0,22.0,48.0,3.0,0,0,0,1,0.15625,True
17,0.0,0,58.88,0.0,3.0,1.0,1.0,,,,,1,0,0,0,0.0,False
0,0.0,0,0.0,0.0,0.0,0.0,0.0,,,,,1,0,0,0,0.0,False
0,0.0,0,0.0,0.0,0.0,0.0,0.0,,,,,1,0,0,0,0.0,False
0,0.0,0,0.0,0.0,0.0,0.0,0.0,0.0,0.0,0.0,0.0,0,0,0,1,0.0,False
32,5.0,1,21.91,2.0,59.0,1.0,1.0,27.0,7.0,26.0,0.0,0,0,0,1,0.03125,False
12,1.0,0,18.5,0.0,20.0,0.0,0.0,1.0,0.0,0.0,0.0,0,0,0,1,0.0,False
0,0.0,0,0.0,0.0,0.0,0.0,0.0,0.0,0.0,0.0,0.0,0,1,0,0,0.0,False
14,,0,20.79,0.0,,,0.0,,,,,0,0,1,0,0.0,False
0,0.0,0,0.0,0.0,0.0,0.0,0.0,,,,,1,0,0,0,0.0,False
0,0.0,0,0.0,0.0,0.0,0.0,0.0,0.0,0.0,0.0,0.0,0,0,0,1,0.0,False
0,0.0,0,0.0,0.0,0.0,0.0,0.0,,,,,1,0,0,0,0.0,False
1,0.0,0,2.0,0.0,0.0,0.0,0.0,0.0,0.0,0.0,0.0,0,0,0,1,0.0,False
8,2.0,0,13.0,0.0,13.0,1.0,0.0,6.0,1.0,17.0,0.0,0,0,0,1,0.0,False
0,0.0,0,0.0,0.0,0.0,0.0,0.0,0.0,0.0,0.0,0.0,0,0,0,1,0.0,False
35,10.0,2,21.77,4.0,14.0,1.0,1.0,26.0,5.0,19.0,2.0,0,0,0,1,0.05714285714285714,False
12,0.0,0,13.58,0.0,15.0,0.0,0.0,,,,,1,0,0,0,0.0,False
0,0.0,0,0.0,0.0,0.0,0.0,0.0,,,,,1,0,0,0,0.0,False
28,3.0,0,29.57,0.0,4.0,0.0,0.0,8.0,1.0,13.0,0.0,0,0,0,1,0.0,False
0,0.0,0,0.0,0.0,0.0,0.0,0.0,,,,,1,0,0,0,0.0,False
26,20.0,6,25.92,6.0,11.0,16.0,2.0,77.0,32.0,42.0,16.0,0,1,0,0,0.23076923076923078,True
38,6.0,0,63.05,0.0,5.0,1.0,0.0,,,,,1,0,0,0,0.0,False
36,24.0,5,27.14,11.0,113.0,8.0,3.0,79.0,32.0,41.0,6.0,0,1,0,0,0.1388888888888889,True
21,12.0,2,17.67,4.0,17.0,8.0,0.0,39.0,13.0,33.0,6.0,0,1,0,0,0.09523809523809523,False
35,11.0,1,23.11,5.0,49.0,2.0,1.0,28.0,11.0,39.0,2.0,0,0,0,1,0.02857142857142857,False
0,0.0,0,0.0,0.0,0.0,0.0,0.0,,,,,1,0,0,0,0.0,False
19,7.0,2,9.74,2.0,2.0,3.0,3.0,24.0,10.0,42.0,4.0,0,1,0,0,0.10526315789473684,False
16,3.0,1,18.63,0.0,37.0,1.0,0.0,9.0,3.0,33.0,1.0,0,0,0,1,0.0625,False
0,0.0,0,0.0,0.0,0.0,0.0,0.0,0.0,0.0,0.0,0.0,0,1,0,0,0.0,False
0,,0,0.0,0.0,,,0.0,,,,,0,0,1,0,0.0,False
0,0.0,0,0.0,0.0,0.0,0.0,0.0,0.0,0.0,0.0,0.0,0,0,0,1,0.0,False
15,4.0,2,4.27,2.0,1.0,0.0,0.0,10.0,2.0,20.0,1.0,0,1,0,0,0.13333333333333333,False
0,0.0,0,0.0,0.0,0.0,0.0,0.0,,,,,1,0,0,0,0.0,False
15,0.0,0,4.6,0.0,7.0,0.0,0.0,1.0,1.0,100.0,0.0,0,1,0,0,0.0,False
37,17.0,8,26.49,9.0,170.0,6.0,1.0,62.0,23.0,37.0,5.0,0,0,0,1,0.21621621621621623,False
0,0.0,0,0.0,0.0,0.0,0.0,0.0,,,,,1,0,0,0,0.0,False
0,0.0,0,0.0,0.0,0.0,0.0,0.0,0.0,0.0,0.0,0.0,0,0,0,1,0.0,False
0,0.0,0,0.0,0.0,0.0,0.0,0.0,,,,,1,0,0,0,0.0,False
4,1.0,1,14.25,0.0,2.0,1.0,0.0,2.0,1.0,50.0,0.0,0,1,0,0,0.25,False
0,0.0,0,0.0,0.0,0.0,0.0,0.0,0.0,0.0,0.0,0.0,0,1,0,0,0.0,False
0,0.0,0,0.0,0.0,0.0,0.0,0.0,,,,,1,0,0,0,0.0,False
0,0.0,0,0.0,0.0,0.0,0.0,0.0,,,,,1,0,0,0,0.0,False
0,,0,0.0,0.0,,,0.0,,,,,0,0,1,0,0.0,False
14,3.0,1,28.79,1.0,2.0,0.0,1.0,6.0,1.0,17.0,0.0,0,0,0,1,0.07142857142857142,False
0,0.0,0,0.0,0.0,0.0,0.0,0.0,0.0,0.0,0.0,0.0,0,0,0,1,0.0,False
24,8.0,4,18.88,3.0,42.0,3.0,0.0,22.0,8.0,36.0,1.0,0,1,0,0,0.16666666666666666,False
13,2.0,1,17.38,0.0,7.0,1.0,0.0,,,,,1,0,0,0,0.07692307692307693,False
0,0.0,0,0.0,0.0,0.0,0.0,0.0,0.0,0.0,0.0,0.0,0,1,0,0,0.0,False
0,,0,0.0,0.0,,,0.0,,,,,0,0,1,0,0.0,False
0,0.0,0,0.0,0.0,0.0,0.0,0.0,0.0,0.0,0.0,0.0,0,0,0,1,0.0,False
21,1.0,0,62.9,0.0,4.0,1.0,0.0,,,,,1,0,0,0,0.0,False
13,6.0,1,13.23,1.0,27.0,5.0,0.0,19.0,6.0,32.0,0.0,0,1,0,0,0.07692307692307693,False
0,0.0,0,0.0,0.0,0.0,0.0,0.0,,,,,1,0,0,0,0.0,False
0,,0,0.0,0.0,,,0.0,,,,,0,0,1,0,0.0,False
0,0.0,0,0.0,0.0,0.0,0.0,0.0,,,,,1,0,0,0,0.0,False
0,0.0,0,0.0,0.0,0.0,0.0,0.0,0.0,0.0,0.0,0.0,0,0,0,1,0.0,False
0,0.0,0,0.0,0.0,0.0,0.0,0.0,0.0,0.0,0.0,0.0,0,1,0,0,0.0,False
0,,0,0.0,0.0,,,0.0,,,,,0,0,1,0,0.0,False
0,,0,0.0,0.0,,,0.0,,,,,0,0,1,0,0.0,False
33,20.0,1,19.94,5.0,173.0,13.0,0.0,59.0,24.0,41.0,5.0,0,1,0,0,0.030303030303030304,False
28,12.0,7,35.32,12.0,53.0,3.0,2.0,41.0,16.0,39.0,2.0,0,0,0,1,0.25,False
0,0.0,0,0.0,0.0,0.0,0.0,0.0,,,,,1,0,0,0,0.0,False
0,0.0,0,0.0,0.0,0.0,0.0,0.0,,,,,1,0,0,0,0.0,False
0,0.0,0,0.0,0.0,0.0,0.0,0.0,0.0,0.0,0.0,0.0,0,0,0,1,0.0,False
37,13.0,8,54.78,16.0,224.0,10.0,0.0,39.0,19.0,49.0,3.0,0,0,0,1,0.21621621621621623,False
27,,0,25.96,0.0,,,0.0,,,,,0,0,1,0,0.0,False
37,3.0,0,59.49,1.0,0.0,0.0,0.0,,,,,1,0,0,0,0.0,False
33,2.0,1,36.64,1.0,10.0,0.0,0.0,15.0,6.0,40.0,0.0,0,0,0,1,0.030303030303030304,False
0,0.0,0,0.0,0.0,0.0,0.0,0.0,,,,,1,0,0,0,0.0,False
31,13.0,4,49.68,6.0,30.0,6.0,3.0,54.0,20.0,37.0,9.0,0,0,0,1,0.12903225806451613,False
0,,0,0.0,0.0,,,0.0,,,,,0,0,1,0,0.0,False
6,4.0,0,11.83,0.0,4.0,0.0,0.0,6.0,1.0,17.0,0.0,0,0,0,1,0.0,False
0,0.0,0,0.0,0.0,0.0,0.0,0.0,,,,,1,0,0,0,0.0,False
1,1.0,0,4.0,0.0,0.0,0.0,0.0,1.0,0.0,0.0,0.0,0,0,0,1,0.0,False
35,16.0,8,13.71,11.0,12.0,8.0,5.0,123.0,60.0,49.0,28.0,0,1,0,0,0.22857142857142856,True
9,2.0,0,39.44,5.0,34.0,1.0,0.0,,,,,1,0,0,0,0.0,False
0,0.0,0,0.0,0.0,0.0,0.0,0.0,0.0,0.0,0.0,0.0,0,0,0,1,0.0,False
0,0.0,0,0.0,0.0,0.0,0.0,0.0,,,,,1,0,0,0,0.0,False
0,0.0,0,0.0,0.0,0.0,0.0,0.0,0.0,0.0,0.0,0.0,0,0,0,1,0.0,False
0,0.0,0,0.0,0.0,0.0,0.0,0.0,,,,,1,0,0,0,0.0,False
0,0.0,0,0.0,0.0,0.0,0.0,0.0,,,,,1,0,0,0,0.0,False
3,0.0,0,4.33,0.0,1.0,0.0,0.0,0.0,0.0,0.0,0.0,0,0,0,1,0.0,False
36,12.0,7,25.92,9.0,186.0,3.0,1.0,39.0,14.0,36.0,4.0,0,1,0,0,0.19444444444444445,False
0,0.0,0,0.0,0.0,0.0,0.0,0.0,,,,,1,0,0,0,0.0,False
0,0.0,0,0.0,0.0,0.0,0.0,0.0,,,,,1,0,0,0,0.0,False
35,9.0,1,24.8,5.0,14.0,28.0,1.0,71.0,33.0,46.0,14.0,0,0,0,1,0.02857142857142857,False
0,0.0,0,0.0,0.0,0.0,0.0,0.0,0.0,0.0,0.0,0.0,0,0,0,1,0.0,False
0,0.0,0,0.0,0.0,0.0,0.0,0.0,0.0,0.0,0.0,0.0,0,0,0,1,0.0,False
0,,0,0.0,0.0,,,0.0,,,,,0,0,1,0,0.0,False
0,0.0,0,0.0,0.0,0.0,0.0,0.0,,,,,1,0,0,0,0.0,False
0,,0,0.0,0.0,,,0.0,,,,,0,0,1,0,0.0,False
0,,0,0.0,0.0,,,0.0,,,,,0,0,1,0,0.0,False
0,0.0,0,0.0,0.0,0.0,0.0,0.0,0.0,0.0,0.0,0.0,0,1,0,0,0.0,False
35,5.0,2,44.14,7.0,45.0,3.0,2.0,23.0,6.0,26.0,0.0,0,0,0,1,0.05714285714285714,False
0,0.0,0,0.0,0.0,0.0,0.0,0.0,0.0,0.0,0.0,0.0,0,0,0,1,0.0,False
4,,0,21.0,0.0,,,0.0,,,,,0,0,1,0,0.0,False
37,11.0,2,26.3,5.0,87.0,2.0,0.0,,,,,1,0,0,0,0.05405405405405406,False
0,0.0,0,0.0,0.0,0.0,0.0,0.0,0.0,0.0,0.0,0.0,0,0,0,1,0.0,False
26,4.0,1,27.96,1.0,27.0,1.0,0.0,,,,,1,0,0,0,0.038461538461538464,False
0,0.0,0,0.0,0.0,0.0,0.0,0.0,,,,,1,0,0,0,0.0,False
0,,0,0.0,0.0,,,0.0,,,,,0,0,1,0,0.0,False
0,0.0,0,0.0,0.0,0.0,0.0,0.0,0.0,0.0,0.0,0.0,0,0,0,1,0.0,False
1,0.0,0,3.0,0.0,0.0,0.0,0.0,0.0,0.0,0.0,0.0,0,0,0,1,0.0,False
0,0.0,0,0.0,0.0,0.0,0.0,0.0,0.0,0.0,0.0,0.0,0,1,0,0,0.0,False
0,0.0,0,0.0,0.0,0.0,0.0,0.0,,,,,1,0,0,0,0.0,False
6,1.0,0,15.83,0.0,1.0,0.0,0.0,2.0,0.0,0.0,0.0,0,0,0,1,0.0,False
0,0.0,0,0.0,0.0,0.0,0.0,0.0,,,,,1,0,0,0,0.0,False
14,2.0,0,31.29,0.0,0.0,0.0,0.0,,,,,1,0,0,0,0.0,False
8,2.0,0,24.5,0.0,2.0,0.0,0.0,,,,,1,0,0,0,0.0,False
0,,0,0.0,0.0,,,0.0,,,,,0,0,1,0,0.0,False
0,0.0,0,0.0,0.0,0.0,0.0,0.0,0.0,0.0,0.0,0.0,0,0,0,1,0.0,False
0,0.0,0,0.0,0.0,0.0,0.0,0.0,0.0,0.0,0.0,0.0,0,1,0,0,0.0,False
27,2.0,1,13.22,1.0,12.0,0.0,0.0,6.0,4.0,67.0,1.0,0,0,0,1,0.037037037037037035,False
0,0.0,0,0.0,0.0,0.0,0.0,0.0,0.0,0.0,0.0,0.0,0,1,0,0,0.0,False
21,2.0,1,23.95,1.0,60.0,1.0,0.0,,,,,1,0,0,0,0.047619047619047616,False
0,0.0,0,0.0,0.0,0.0,0.0,0.0,,,,,1,0,0,0,0.0,False
1,0.0,0,11.0,0.0,2.0,0.0,0.0,0.0,0.0,0.0,0.0,0,0,0,1,0.0,False
27,5.0,1,9.78,1.0,10.0,1.0,0.0,18.0,7.0,39.0,0.0,0,1,0,0,0.037037037037037035,False
0,0.0,0,0.0,0.0,0.0,0.0,0.0,0.0,0.0,0.0,0.0,0,1,0,0,0.0,False
35,9.0,5,64.46,5.0,15.0,1.0,1.0,33.0,9.0,27.0,0.0,0,0,0,1,0.14285714285714285,False
0,0.0,0,0.0,0.0,0.0,0.0,0.0,0.0,0.0,0.0,0.0,0,0,0,1,0.0,False
28,6.0,5,10.89,7.0,6.0,12.0,2.0,39.0,14.0,36.0,6.0,0,1,0,0,0.17857142857142858,False
35,11.0,2,8.74,2.0,4.0,14.0,0.0,42.0,18.0,43.0,6.0,0,1,0,0,0.05714285714285714,False
0,0.0,0,0.0,0.0,0.0,0.0,0.0,,,,,1,0,0,0,0.0,False
0,0.0,0,0.0,0.0,0.0,0.0,0.0,0.0,0.0,0.0,0.0,0,0,0,1,0.0,False
22,18.0,1,16.0,2.0,7.0,5.0,1.0,51.0,25.0,49.0,5.0,0,1,0,0,0.045454545454545456,True
0,0.0,0,0.0,0.0,0.0,0.0,0.0,0.0,0.0,0.0,0.0,0,1,0,0,0.0,False
12,,0,27.17,0.0,,,0.0,,,,,0,0,1,0,0.0,False
38,12.0,7,36.63,8.0,104.0,4.0,1.0,42.0,15.0,36.0,3.0,0,1,0,0,0.18421052631578946,False
36,8.0,2,10.64,3.0,53.0,2.0,2.0,29.0,10.0,34.0,1.0,0,0,0,1,0.05555555555555555,False
0,,0,0.0,0.0,,,0.0,,,,,0,0,1,0,0.0,False
16,6.0,1,53.25,3.0,91.0,4.0,1.0,,,,,1,0,0,0,0.0625,False
35,3.0,1,27.91,2.0,22.0,2.0,0.0,14.0,5.0,36.0,0.0,0,0,0,1,0.02857142857142857,False
12,0.0,0,26.25,0.0,0.0,1.0,0.0,,,,,1,0,0,0,0.0,False
0,,0,0.0,0.0,,,0.0,,,,,0,0,1,0,0.0,False
0,0.0,0,0.0,0.0,0.0,0.0,0.0,,,,,1,0,0,0,0.0,False
0,0.0,0,0.0,0.0,0.0,0.0,0.0,0.0,0.0,0.0,0.0,0,0,0,1,0.0,False
0,0.0,0,0.0,0.0,0.0,0.0,0.0,0.0,0.0,0.0,0.0,0,0,0,1,0.0,False
37,5.0,6,32.89,4.0,158.0,1.0,1.0,23.0,7.0,30.0,0.0,0,0,0,1,0.16216216216216217,False
0,0.0,0,0.0,0.0,0.0,0.0,0.0,0.0,0.0,0.0,0.0,0,1,0,0,0.0,False
15,3.0,1,12.6,4.0,5.0,9.0,0.0,20.0,9.0,45.0,4.0,0,1,0,0,0.06666666666666667,False
17,11.0,1,64.41,0.0,45.0,4.0,0.0,,,,,1,0,0,0,0.058823529411764705,False
16,18.0,0,20.56,1.0,19.0,7.0,2.0,46.0,16.0,35.0,5.0,0,1,0,0,0.0,False
11,2.0,0,28.36,0.0,8.0,0.0,0.0,4.0,2.0,50.0,0.0,0,0,0,1,0.0,False
31,6.0,2,31.94,3.0,59.0,1.0,0.0,16.0,3.0,19.0,0.0,0,0,0,1,0.06451612903225806,False
35,12.0,0,36.2,0.0,3.0,1.0,0.0,39.0,9.0,23.0,1.0,0,0,0,1,0.0,False
0,,0,0.0,0.0,,,0.0,,,,,0,0,1,0,0.0,False
32,13.0,1,38.44,4.0,16.0,1.0,4.0,51.0,20.0,39.0,4.0,0,1,0,0,0.03125,False
0,0.0,0,0.0,0.0,0.0,0.0,0.0,,,,,1,0,0,0,0.0,False
38,9.0,3,11.55,4.0,59.0,18.0,2.0,55.0,27.0,49.0,7.0,0,1,0,0,0.07894736842105263,False
9,,0,26.44,0.0,,,0.0,,,,,0,0,1,0,0.0,False
18,9.0,1,36.56,1.0,9.0,2.0,0.0,15.0,5.0,33.0,0.0,0,0,0,1,0.05555555555555555,False
18,3.0,0,38.44,1.0,18.0,1.0,0.0,,,,,1,0,0,0,0.0,False
32,4.0,1,50.31,0.0,4.0,0.0,1.0,11.0,3.0,27.0,0.0,0,0,0,1,0.03125,False
36,,0,28.14,0.0,,,0.0,,,,,0,0,1,0,0.0,False
3,0.0,0,1.0,0.0,0.0,0.0,0.0,1.0,1.0,100.0,0.0,0,1,0,0,0.0,False
0,0.0,0,0.0,0.0,0.0,0.0,0.0,,,,,1,0,0,0,0.0,False
14,2.0,0,48.71,0.0,21.0,2.0,0.0,,,,,1,0,0,0,0.0,False
0,0.0,0,0.0,0.0,0.0,0.0,0.0,,,,,1,0,0,0,0.0,False
1,0.0,0,4.0,0.0,0.0,0.0,0.0,1.0,0.0,0.0,1.0,0,1,0,0,0.0,False
24,0.0,1,39.17,1.0,1.0,0.0,0.0,4.0,1.0,25.0,0.0,0,0,0,1,0.041666666666666664,False
38,30.0,3,22.39,14.0,37.0,16.0,2.0,130.0,63.0,48.0,12.0,0,1,0,0,0.07894736842105263,True
7,3.0,1,46.43,4.0,11.0,1.0,0.0,8.0,1.0,13.0,0.0,0,0,0,1,0.14285714285714285,False
0,0.0,0,0.0,0.0,0.0,0.0,0.0,,,,,1,0,0,0,0.0,False
0,,0,0.0,0.0,,,0.0,,,,,0,0,1,0,0.0,False
0,0.0,0,0.0,0.0,0.0,0.0,0.0,,,,,1,0,0,0,0.0,False
0,0.0,0,0.0,0.0,0.0,0.0,0.0,0.0,0.0,0.0,0.0,0,0,0,1,0.0,False
0,0.0,0,0.0,0.0,0.0,0.0,0.0,0.0,0.0,0.0,0.0,0,1,0,0,0.0,False
0,0.0,0,0.0,0.0,0.0,0.0,0.0,0.0,0.0,0.0,0.0,0,1,0,0,0.0,False
12,2.0,2,35.67,2.0,4.0,0.0,0.0,,,,,1,0,0,0,0.16666666666666666,False
17,1.0,3,11.06,2.0,24.0,2.0,1.0,9.0,2.0,22.0,1.0,0,0,0,1,0.17647058823529413,False
0,,0,0.0,0.0,,,0.0,,,,,0,0,1,0,0.0,False
27,3.0,2,36.81,2.0,23.0,0.0,0.0,,,,,1,0,0,0,0.07407407407407407,False
8,6.0,0,20.5,0.0,2.0,0.0,0.0,10.0,0.0,0.0,0.0,0,0,0,1,0.0,False
1,,0,17.0,0.0,,,0.0,,,,,0,0,1,0,0.0,False
23,2.0,2,45.09,0.0,14.0,0.0,0.0,,,,,1,0,0,0,0.08695652173913043,False
0,0.0,0,0.0,0.0,0.0,0.0,0.0,0.0,0.0,0.0,0.0,0,0,0,1,0.0,False
0,0.0,0,0.0,0.0,0.0,0.0,0.0,0.0,0.0,0.0,0.0,0,0,0,1,0.0,False
0,0.0,0,0.0,0.0,0.0,0.0,0.0,,,,,1,0,0,0,0.0,False
29,,0,30.86,0.0,,,0.0,,,,,0,0,1,0,0.0,False
0,0.0,0,0.0,0.0,0.0,0.0,0.0,,,,,1,0,0,0,0.0,False
0,0.0,0,0.0,0.0,0.0,0.0,0.0,0.0,0.0,0.0,0.0,0,0,0,1,0.0,False
0,,0,0.0,0.0,,,0.0,,,,,0,0,1,0,0.0,False
0,0.0,0,0.0,0.0,0.0,0.0,0.0,0.0,0.0,0.0,0.0,0,0,0,1,0.0,False
37,1.0,0,56.54,0.0,5.0,0.0,1.0,,,,,1,0,0,0,0.0,False
0,0.0,0,0.0,0.0,0.0,0.0,0.0,,,,,1,0,0,0,0.0,False
0,0.0,0,0.0,0.0,0.0,0.0,0.0,,,,,1,0,0,0,0.0,False
7,0.0,0,28.0,0.0,1.0,0.0,0.0,,,,,1,0,0,0,0.0,False
0,,0,0.0,0.0,,,0.0,,,,,0,0,1,0,0.0,False
14,2.0,0,9.71,0.0,8.0,0.0,0.0,4.0,1.0,25.0,0.0,0,0,0,1,0.0,False
0,0.0,0,0.0,0.0,0.0,0.0,0.0,0.0,0.0,0.0,0.0,0,1,0,0,0.0,False
0,0.0,0,0.0,0.0,0.0,0.0,0.0,0.0,0.0,0.0,0.0,0,1,0,0,0.0,False
36,4.0,0,44.14,0.0,1.0,1.0,0.0,,,,,1,0,0,0,0.0,False
0,0.0,0,0.0,0.0,0.0,0.0,0.0,,,,,1,0,0,0,0.0,False
18,5.0,0,62.78,1.0,1.0,1.0,0.0,,,,,1,0,0,0,0.0,False
0,0.0,0,0.0,0.0,0.0,0.0,0.0,,,,,1,0,0,0,0.0,False
38,2.0,0,49.26,2.0,4.0,0.0,0.0,,,,,1,0,0,0,0.0,False
23,1.0,1,63.04,0.0,4.0,0.0,0.0,,,,,1,0,0,0,0.043478260869565216,False
0,0.0,0,0.0,0.0,0.0,0.0,0.0,,,,,1,0,0,0,0.0,False
21,1.0,0,11.67,1.0,0.0,1.0,0.0,6.0,5.0,83.0,0.0,0,0,0,1,0.0,False
27,11.0,2,48.48,4.0,6.0,0.0,0.0,23.0,2.0,9.0,2.0,0,0,0,1,0.07407407407407407,False
0,,0,0.0,0.0,,,0.0,,,,,0,0,1,0,0.0,False
0,0.0,0,0.0,0.0,0.0,0.0,0.0,0.0,0.0,0.0,0.0,0,0,0,1,0.0,False
1,0.0,0,0.0,0.0,0.0,0.0,0.0,,,,,1,0,0,0,0.0,False
0,0.0,0,0.0,0.0,0.0,0.0,0.0,0.0,0.0,0.0,0.0,0,0,0,1,0.0,False
26,2.0,1,32.04,2.0,35.0,1.0,0.0,,,,,1,0,0,0,0.038461538461538464,False
12,1.0,1,30.33,1.0,29.0,0.0,1.0,,,,,1,0,0,0,0.08333333333333333,False
30,21.0,7,22.53,6.0,62.0,3.0,0.0,43.0,10.0,23.0,1.0,0,0,0,1,0.23333333333333334,False
0,0.0,0,0.0,0.0,0.0,0.0,0.0,0.0,0.0,0.0,0.0,0,1,0,0,0.0,False
3,0.0,0,9.0,0.0,2.0,0.0,0.0,,,,,1,0,0,0,0.0,False
0,0.0,0,0.0,0.0,0.0,0.0,0.0,0.0,0.0,0.0,0.0,0,1,0,0,0.0,False
0,0.0,0,0.0,0.0,0.0,0.0,0.0,,,,,1,0,0,0,0.0,False
0,0.0,0,0.0,0.0,0.0,0.0,0.0,,,,,1,0,0,0,0.0,False
16,0.0,1,19.38,0.0,3.0,0.0,0.0,8.0,5.0,63.0,1.0,0,0,0,1,0.0625,False
20,1.0,0,11.6,0.0,31.0,0.0,0.0,,,,,1,0,0,0,0.0,False
0,,0,0.0,0.0,,,0.0,,,,,0,0,1,0,0.0,False
0,0.0,0,0.0,0.0,0.0,0.0,0.0,0.0,0.0,0.0,0.0,0,1,0,0,0.0,False
10,2.0,0,17.3,1.0,2.0,2.0,0.0,3.0,1.0,33.0,0.0,0,0,0,1,0.0,False
12,3.0,0,78.92,0.0,6.0,1.0,0.0,,,,,1,0,0,0,0.0,False
5,0.0,0,11.0,0.0,4.0,0.0,0.0,,,,,1,0,0,0,0.0,False
0,0.0,0,0.0,0.0,0.0,0.0,0.0,,,,,1,0,0,0,0.0,False
7,1.0,0,13.29,0.0,0.0,0.0,0.0,,,,,1,0,0,0,0.0,False
29,6.0,0,34.17,0.0,3.0,0.0,0.0,12.0,3.0,25.0,0.0,0,0,0,1,0.0,False
0,0.0,0,0.0,0.0,0.0,0.0,0.0,,,,,1,0,0,0,0.0,False
0,0.0,0,0.0,0.0,0.0,0.0,0.0,,,,,1,0,0,0,0.0,False
0,,0,0.0,0.0,,,0.0,,,,,0,0,1,0,0.0,False
1,0.0,0,11.0,0.0,1.0,0.0,0.0,,,,,1,0,0,0,0.0,False
26,7.0,2,55.31,1.0,16.0,0.0,0.0,,,,,1,0,0,0,0.07692307692307693,False
36,,0,33.47,0.0,,,0.0,,,,,0,0,1,0,0.0,False
0,0.0,0,0.0,0.0,0.0,0.0,0.0,0.0,0.0,0.0,0.0,0,1,0,0,0.0,False
0,0.0,0,0.0,0.0,0.0,0.0,0.0,0.0,0.0,0.0,0.0,0,0,0,1,0.0,False
37,3.0,0,42.89,4.0,11.0,2.0,0.0,35.0,12.0,34.0,3.0,0,0,0,1,0.0,False
0,0.0,0,0.0,0.0,0.0,0.0,0.0,0.0,0.0,0.0,0.0,0,0,0,1,0.0,False
14,1.0,0,45.57,2.0,5.0,0.0,0.0,,,,,1,0,0,0,0.0,False
1,0.0,0,6.0,0.0,0.0,0.0,1.0,1.0,0.0,0.0,0.0,0,0,0,1,0.0,False
10,3.0,1,7.6,2.0,8.0,1.0,0.0,7.0,2.0,29.0,2.0,0,1,0,0,0.1,False
0,0.0,0,0.0,0.0,0.0,0.0,0.0,0.0,0.0,0.0,0.0,0,0,0,1,0.0,False
20,0.0,0,46.4,0.0,1.0,0.0,0.0,,,,,1,0,0,0,0.0,False
0,0.0,0,0.0,0.0,0.0,0.0,0.0,0.0,0.0,0.0,0.0,0,0,0,1,0.0,False
17,6.0,0,16.59,0.0,5.0,2.0,0.0,10.0,2.0,20.0,0.0,0,0,0,1,0.0,False
0,,0,0.0,0.0,,,0.0,,,,,0,0,1,0,0.0,False
27,3.0,0,56.22,0.0,0.0,0.0,1.0,,,,,1,0,0,0,0.0,False
2,0.0,0,9.5,0.0,0.0,0.0,0.0,,,,,1,0,0,0,0.0,False
8,1.0,0,53.38,0.0,1.0,0.0,0.0,,,,,1,0,0,0,0.0,False
25,,0,24.64,0.0,,,0.0,,,,,0,0,1,0,0.0,False
0,0.0,0,0.0,0.0,0.0,0.0,0.0,0.0,0.0,0.0,0.0,0,0,0,1,0.0,False
0,0.0,0,0.0,0.0,0.0,0.0,0.0,0.0,0.0,0.0,0.0,0,1,0,0,0.0,False
25,5.0,1,34.04,2.0,19.0,1.0,0.0,9.0,2.0,22.0,1.0,0,0,0,1,0.04,False
0,0.0,0,0.0,0.0,0.0,0.0,0.0,0.0,0.0,0.0,0.0,0,1,0,0,0.0,False
0,,0,0.0,0.0,,,0.0,,,,,0,0,1,0,0.0,False
0,0.0,0,0.0,0.0,0.0,0.0,0.0,0.0,0.0,0.0,0.0,0,1,0,0,0.0,False
0,0.0,0,0.0,0.0,0.0,0.0,0.0,,,,,1,0,0,0,0.0,False
33,15.0,4,34.09,6.0,30.0,5.0,1.0,33.0,7.0,21.0,5.0,0,0,0,1,0.12121212121212122,False
0,0.0,0,0.0,0.0,0.0,0.0,0.0,0.0,0.0,0.0,0.0,0,1,0,0,0.0,False
0,,0,0.0,0.0,,,0.0,,,,,0,0,1,0,0.0,False
2,0.0,0,2.0,0.0,0.0,0.0,0.0,0.0,0.0,0.0,0.0,0,1,0,0,0.0,False
15,2.0,0,5.0,0.0,9.0,0.0,0.0,4.0,1.0,25.0,0.0,0,1,0,0,0.0,False
28,15.0,3,40.18,3.0,22.0,1.0,2.0,53.0,16.0,30.0,3.0,0,0,0,1,0.10714285714285714,False
0,0.0,0,0.0,0.0,0.0,0.0,0.0,,,,,1,0,0,0,0.0,False
0,0.0,0,0.0,0.0,0.0,0.0,0.0,0.0,0.0,0.0,0.0,0,1,0,0,0.0,False
12,2.0,0,18.0,0.0,2.0,0.0,0.0,5.0,1.0,20.0,0.0,0,0,0,1,0.0,False
21,1.0,1,23.9,0.0,7.0,1.0,0.0,,,,,1,0,0,0,0.047619047619047616,False
0,0.0,0,0.0,0.0,0.0,0.0,0.0,0.0,0.0,0.0,0.0,0,1,0,0,0.0,False
0,0.0,0,0.0,0.0,0.0,0.0,0.0,,,,,1,0,0,0,0.0,False
0,0.0,0,0.0,0.0,0.0,0.0,0.0,,,,,1,0,0,0,0.0,False
0,0.0,0,0.0,0.0,0.0,0.0,0.0,,,,,1,0,0,0,0.0,False
35,20.0,2,51.51,4.0,29.0,0.0,1.0,86.0,34.0,40.0,5.0,0,0,0,1,0.05714285714285714,True
30,32.0,9,33.77,12.0,123.0,6.0,1.0,85.0,29.0,34.0,6.0,0,0,0,1,0.3,True
12,2.0,0,21.67,0.0,19.0,2.0,0.0,12.0,6.0,50.0,0.0,0,1,0,0,0.0,False
0,0.0,0,0.0,0.0,0.0,0.0,0.0,0.0,0.0,0.0,0.0,0,0,0,1,0.0,False
16,2.0,0,35.88,0.0,1.0,0.0,0.0,,,,,1,0,0,0,0.0,False
30,15.0,10,34.43,9.0,96.0,7.0,1.0,43.0,13.0,30.0,4.0,0,1,0,0,0.3333333333333333,False
1,0.0,0,8.0,0.0,0.0,0.0,0.0,0.0,0.0,0.0,0.0,0,0,0,1,0.0,False
22,0.0,0,28.36,0.0,20.0,0.0,0.0,1.0,1.0,100.0,0.0,0,0,0,1,0.0,False
22,2.0,0,30.36,1.0,15.0,3.0,1.0,,,,,1,0,0,0,0.0,False
0,0.0,0,0.0,0.0,0.0,0.0,0.0,0.0,0.0,0.0,0.0,0,1,0,0,0.0,False
27,2.0,1,18.67,1.0,6.0,0.0,1.0,9.0,3.0,33.0,0.0,0,0,0,1,0.037037037037037035,False
4,0.0,0,6.25,0.0,1.0,0.0,0.0,,,,,1,0,0,0,0.0,False
22,2.0,2,4.68,3.0,1.0,3.0,0.0,17.0,5.0,29.0,0.0,0,1,0,0,0.09090909090909091,False
0,0.0,0,0.0,0.0,0.0,0.0,0.0,,,,,1,0,0,0,0.0,False
0,,0,0.0,0.0,,,0.0,,,,,0,0,1,0,0.0,False
33,22.0,7,33.36,17.0,155.0,12.0,0.0,74.0,34.0,46.0,11.0,0,0,0,1,0.21212121212121213,False
1,0.0,0,1.0,0.0,0.0,0.0,0.0,0.0,0.0,0.0,0.0,0,0,0,1,0.0,False
0,0.0,0,0.0,0.0,0.0,0.0,0.0,,,,,1,0,0,0,0.0,False
19,4.0,1,34.05,0.0,3.0,1.0,0.0,9.0,2.0,22.0,0.0,0,0,0,1,0.05263157894736842,False
0,0.0,0,0.0,0.0,0.0,0.0,0.0,0.0,0.0,0.0,0.0,0,1,0,0,0.0,False
1,0.0,0,3.0,0.0,0.0,0.0,0.0,0.0,0.0,0.0,0.0,0,1,0,0,0.0,False
0,,0,0.0,0.0,,,0.0,,,,,0,0,1,0,0.0,False
21,6.0,2,15.24,2.0,4.0,7.0,0.0,27.0,13.0,48.0,8.0,0,1,0,0,0.09523809523809523,False
0,,0,0.0,0.0,,,0.0,,,,,0,0,1,0,0.0,False
0,0.0,0,0.0,0.0,0.0,0.0,0.0,,,,,1,0,0,0,0.0,False
0,0.0,0,0.0,0.0,0.0,0.0,0.0,0.0,0.0,0.0,0.0,0,1,0,0,0.0,False
0,0.0,0,0.0,0.0,0.0,0.0,0.0,0.0,0.0,0.0,0.0,0,0,0,1,0.0,False
29,8.0,0,5.03,0.0,3.0,8.0,1.0,27.0,7.0,26.0,3.0,0,1,0,0,0.0,False
17,9.0,0,13.06,1.0,8.0,3.0,0.0,26.0,7.0,27.0,1.0,0,1,0,0,0.0,False
34,10.0,1,28.65,2.0,43.0,2.0,1.0,28.0,9.0,32.0,3.0,0,0,0,1,0.029411764705882353,False
0,0.0,0,0.0,0.0,0.0,0.0,0.0,0.0,0.0,0.0,0.0,0,0,0,1,0.0,False
14,0.0,0,62.79,1.0,1.0,1.0,1.0,,,,,1,0,0,0,0.0,False
1,0.0,0,6.0,0.0,0.0,0.0,0.0,0.0,0.0,0.0,0.0,0,0,0,1,0.0,False
0,,0,0.0,0.0,,,0.0,,,,,0,0,1,0,0.0,False
0,0.0,0,0.0,0.0,0.0,0.0,0.0,0.0,0.0,0.0,0.0,0,0,0,1,0.0,False
27,7.0,0,9.15,0.0,3.0,1.0,0.0,32.0,16.0,50.0,7.0,0,1,0,0,0.0,False
0,0.0,0,0.0,0.0,0.0,0.0,0.0,0.0,0.0,0.0,0.0,0,0,0,1,0.0,False
0,0.0,0,0.0,0.0,0.0,0.0,0.0,,,,,1,0,0,0,0.0,False
0,0.0,0,0.0,0.0,0.0,0.0,0.0,,,,,1,0,0,0,0.0,False
6,0.0,1,10.67,1.0,7.0,0.0,0.0,,,,,1,0,0,0,0.16666666666666666,False
0,0.0,0,0.0,0.0,0.0,0.0,0.0,,,,,1,0,0,0,0.0,False
0,0.0,0,0.0,0.0,0.0,0.0,0.0,,,,,1,0,0,0,0.0,False
38,12.0,8,21.29,14.0,156.0,6.0,2.0,71.0,33.0,46.0,11.0,0,0,0,1,0.21052631578947367,False
0,0.0,0,0.0,0.0,0.0,0.0,0.0,,,,,1,0,0,0,0.0,False
0,0.0,0,0.0,0.0,0.0,0.0,0.0,0.0,0.0,0.0,0.0,0,0,0,1,0.0,False
4,0.0,0,13.0,0.0,0.0,0.0,0.0,0.0,0.0,0.0,0.0,0,0,0,1,0.0,False
0,0.0,0,0.0,0.0,0.0,0.0,0.0,0.0,0.0,0.0,0.0,0,0,0,1,0.0,False
0,0.0,0,0.0,0.0,0.0,0.0,0.0,0.0,0.0,0.0,0.0,0,0,0,1,0.0,False
0,0.0,0,0.0,0.0,0.0,0.0,0.0,,,,,1,0,0,0,0.0,False
0,0.0,0,0.0,0.0,0.0,0.0,0.0,0.0,0.0,0.0,0.0,0,0,0,1,0.0,False
0,0.0,0,0.0,0.0,0.0,0.0,0.0,0.0,0.0,0.0,0.0,0,0,0,1,0.0,False
6,,0,36.17,0.0,,,0.0,,,,,0,0,1,0,0.0,False
0,0.0,0,0.0,0.0,0.0,0.0,0.0,0.0,0.0,0.0,0.0,0,0,0,1,0.0,False
0,0.0,0,0.0,0.0,0.0,0.0,0.0,0.0,0.0,0.0,0.0,0,1,0,0,0.0,False
0,,0,0.0,0.0,,,0.0,,,,,0,0,1,0,0.0,False
34,13.0,3,28.53,6.0,50.0,0.0,1.0,42.0,11.0,26.0,2.0,0,0,0,1,0.08823529411764706,False
20,0.0,0,34.95,2.0,2.0,0.0,1.0,,,,,1,0,0,0,0.0,False
19,3.0,1,31.05,0.0,9.0,1.0,0.0,13.0,2.0,15.0,0.0,0,0,0,1,0.05263157894736842,False
0,0.0,0,0.0,0.0,0.0,0.0,0.0,0.0,0.0,0.0,0.0,0,0,0,1,0.0,False
36,21.0,3,20.97,11.0,194.0,1.0,1.0,46.0,15.0,33.0,1.0,0,1,0,0,0.08333333333333333,False
0,0.0,0,0.0,0.0,0.0,0.0,0.0,0.0,0.0,0.0,0.0,0,1,0,0,0.0,False
24,2.0,0,17.75,2.0,4.0,0.0,0.0,13.0,6.0,46.0,2.0,0,0,0,1,0.0,False
37,3.0,2,44.81,3.0,7.0,1.0,1.0,,,,,1,0,0,0,0.05405405405405406,False
0,0.0,0,0.0,0.0,0.0,0.0,0.0,0.0,0.0,0.0,0.0,0,0,0,1,0.0,False
10,,0,24.2,0.0,,,0.0,,,,,0,0,1,0,0.0,False
0,0.0,0,0.0,0.0,0.0,0.0,0.0,,,,,1,0,0,0,0.0,False
26,1.0,0,39.31,0.0,0.0,0.0,0.0,,,,,1,0,0,0,0.0,False
34,,0,24.76,0.0,,,0.0,,,,,0,0,1,0,0.0,False
0,0.0,0,0.0,0.0,0.0,0.0,0.0,,,,,1,0,0,0,0.0,False
1,0.0,0,1.0,0.0,0.0,0.0,0.0,0.0,0.0,0.0,0.0,0,1,0,0,0.0,False
18,2.0,0,14.0,0.0,6.0,0.0,0.0,7.0,0.0,0.0,0.0,0,0,0,1,0.0,False
0,0.0,0,0.0,0.0,0.0,0.0,0.0,0.0,0.0,0.0,0.0,0,1,0,0,0.0,False
0,0.0,0,0.0,0.0,0.0,0.0,0.0,0.0,0.0,0.0,0.0,0,0,0,1,0.0,False
31,1.0,1,19.58,2.0,52.0,0.0,0.0,7.0,1.0,14.0,0.0,0,0,0,1,0.03225806451612903,False
7,0.0,0,45.86,0.0,1.0,0.0,0.0,,,,,1,0,0,0,0.0,False
0,0.0,0,0.0,0.0,0.0,0.0,0.0,0.0,0.0,0.0,0.0,0,0,0,1,0.0,False
35,3.0,2,53.91,2.0,3.0,3.0,0.0,,,,,1,0,0,0,0.05714285714285714,False
36,3.0,2,33.28,2.0,70.0,2.0,0.0,,,,,1,0,0,0,0.05555555555555555,False
33,10.0,5,27.7,9.0,41.0,6.0,2.0,52.0,21.0,40.0,12.0,0,0,0,1,0.15151515151515152,False
24,17.0,1,20.38,5.0,4.0,14.0,1.0,93.0,35.0,38.0,13.0,0,1,0,0,0.041666666666666664,True
0,0.0,0,0.0,0.0,0.0,0.0,0.0,0.0,0.0,0.0,0.0,0,0,0,1,0.0,False
5,0.0,0,12.0,0.0,0.0,0.0,0.0,0.0,0.0,0.0,0.0,0,0,0,1,0.0,False
38,28.0,12,29.47,15.0,38.0,22.0,4.0,125.0,47.0,38.0,20.0,0,1,0,0,0.3157894736842105,True
37,15.0,1,59.7,3.0,17.0,0.0,2.0,28.0,8.0,29.0,0.0,0,0,0,1,0.02702702702702703,False
0,0.0,0,0.0,0.0,0.0,0.0,0.0,,,,,1,0,0,0,0.0,False
0,0.0,0,0.0,0.0,0.0,0.0,0.0,,,,,1,0,0,0,0.0,False
0,0.0,0,0.0,0.0,0.0,0.0,0.0,0.0,0.0,0.0,0.0,0,0,0,1,0.0,False
0,0.0,0,0.0,0.0,0.0,0.0,0.0,0.0,0.0,0.0,0.0,0,0,0,1,0.0,False
27,1.0,0,13.0,1.0,7.0,0.0,0.0,23.0,9.0,39.0,6.0,0,1,0,0,0.0,False
1,0.0,0,2.0,0.0,0.0,0.0,0.0,0.0,0.0,0.0,0.0,0,0,0,1,0.0,False
19,3.0,3,30.47,2.0,48.0,0.0,1.0,,,,,1,0,0,0,0.15789473684210525,False
0,0.0,0,0.0,0.0,0.0,0.0,0.0,0.0,0.0,0.0,0.0,0,1,0,0,0.0,False
0,0.0,0,0.0,0.0,0.0,0.0,0.0,0.0,0.0,0.0,0.0,0,0,0,1,0.0,False
0,0.0,0,0.0,0.0,0.0,0.0,0.0,0.0,0.0,0.0,0.0,0,0,0,1,0.0,False
0,0.0,0,0.0,0.0,0.0,0.0,0.0,,,,,1,0,0,0,0.0,False
0,0.0,0,0.0,0.0,0.0,0.0,0.0,0.0,0.0,0.0,0.0,0,1,0,0,0.0,False
0,,0,0.0,0.0,,,0.0,,,,,0,0,1,0,0.0,False
24,13.0,2,29.38,3.0,64.0,1.0,1.0,33.0,9.0,27.0,0.0,0,0,0,1,0.08333333333333333,False
0,,0,0.0,0.0,,,0.0,,,,,0,0,1,0,0.0,False
3,0.0,0,2.67,0.0,0.0,0.0,0.0,0.0,0.0,0.0,0.0,0,1,0,0,0.0,False
15,2.0,2,12.27,0.0,25.0,1.0,0.0,14.0,5.0,36.0,5.0,0,0,0,1,0.13333333333333333,False
0,0.0,0,0.0,0.0,0.0,0.0,0.0,,,,,1,0,0,0,0.0,False
0,0.0,0,0.0,0.0,0.0,0.0,0.0,0.0,0.0,0.0,0.0,0,0,0,1,0.0,False
0,,0,0.0,0.0,,,0.0,,,,,0,0,1,0,0.0,False
0,0.0,0,0.0,0.0,0.0,0.0,0.0,,,,,1,0,0,0,0.0,False
0,0.0,0,0.0,0.0,0.0,0.0,0.0,0.0,0.0,0.0,0.0,0,1,0,0,0.0,False
0,0.0,0,0.0,0.0,0.0,0.0,0.0,0.0,0.0,0.0,0.0,0,1,0,0,0.0,False
6,0.0,1,12.5,2.0,3.0,2.0,0.0,2.0,1.0,50.0,0.0,0,0,0,1,0.16666666666666666,False
34,3.0,0,29.41,1.0,57.0,0.0,0.0,,,,,1,0,0,0,0.0,False
0,0.0,0,0.0,0.0,0.0,0.0,0.0,0.0,0.0,0.0,0.0,0,0,0,1,0.0,False
17,,0,27.29,0.0,,,0.0,,,,,0,0,1,0,0.0,False
27,2.0,0,33.11,0.0,2.0,0.0,0.0,7.0,2.0,29.0,0.0,0,0,0,1,0.0,False
0,0.0,0,0.0,0.0,0.0,0.0,0.0,0.0,0.0,0.0,0.0,0,0,0,1,0.0,False
11,4.0,2,9.82,1.0,12.0,0.0,0.0,12.0,7.0,58.0,1.0,0,1,0,0,0.18181818181818182,False
36,5.0,1,33.58,0.0,60.0,0.0,0.0,,,,,1,0,0,0,0.027777777777777776,False
27,,0,25.78,0.0,,,0.0,,,,,0,0,1,0,0.0,False
14,0.0,0,21.36,0.0,2.0,0.0,0.0,,,,,1,0,0,0,0.0,False
0,0.0,0,0.0,0.0,0.0,0.0,0.0,0.0,0.0,0.0,0.0,0,0,0,1,0.0,False
30,15.0,1,8.33,2.0,5.0,8.0,1.0,41.0,14.0,34.0,11.0,0,1,0,0,0.03333333333333333,False
0,0.0,0,0.0,0.0,0.0,0.0,0.0,,,,,1,0,0,0,0.0,False
0,0.0,0,0.0,0.0,0.0,0.0,0.0,0.0,0.0,0.0,0.0,0,1,0,0,0.0,False
0,0.0,0,0.0,0.0,0.0,0.0,0.0,0.0,0.0,0.0,0.0,0,0,0,1,0.0,False
0,0.0,0,0.0,0.0,0.0,0.0,0.0,,,,,1,0,0,0,0.0,False
29,13.0,3,12.79,11.0,18.0,17.0,5.0,84.0,37.0,44.0,20.0,0,1,0,0,0.10344827586206896,False
0,0.0,0,0.0,0.0,0.0,0.0,0.0,0.0,0.0,0.0,0.0,0,1,0,0,0.0,False
0,0.0,0,0.0,0.0,0.0,0.0,0.0,,,,,1,0,0,0,0.0,False
1,0.0,0,0.0,0.0,0.0,0.0,0.0,0.0,0.0,0.0,0.0,0,0,0,1,0.0,False
22,4.0,3,36.05,4.0,11.0,0.0,1.0,19.0,10.0,53.0,0.0,0,0,0,1,0.13636363636363635,False
0,0.0,0,0.0,0.0,0.0,0.0,0.0,,,,,1,0,0,0,0.0,False
0,0.0,0,0.0,0.0,0.0,0.0,0.0,0.0,0.0,0.0,0.0,0,0,0,1,0.0,False
0,0.0,0,0.0,0.0,0.0,0.0,0.0,0.0,0.0,0.0,0.0,0,0,0,1,0.0,False
0,0.0,0,0.0,0.0,0.0,0.0,0.0,0.0,0.0,0.0,0.0,0,1,0,0,0.0,False
0,0.0,0,0.0,0.0,0.0,0.0,0.0,0.0,0.0,0.0,0.0,0,1,0,0,0.0,False
0,,0,0.0,0.0,,,0.0,,,,,0,0,1,0,0.0,False
2,0.0,0,14.5,0.0,0.0,0.0,0.0,,,,,1,0,0,0,0.0,False
16,0.0,0,25.94,1.0,0.0,0.0,0.0,,,,,1,0,0,0,0.0,False
0,0.0,0,0.0,0.0,0.0,0.0,0.0,,,,,1,0,0,0,0.0,False
0,0.0,0,0.0,0.0,0.0,0.0,0.0,0.0,0.0,0.0,0.0,0,0,0,1,0.0,False
0,0.0,0,0.0,0.0,0.0,0.0,0.0,0.0,0.0,0.0,0.0,0,1,0,0,0.0,False
0,0.0,0,0.0,0.0,0.0,0.0,0.0,0.0,0.0,0.0,0.0,0,1,0,0,0.0,False
0,0.0,0,0.0,0.0,0.0,0.0,0.0,0.0,0.0,0.0,0.0,0,0,0,1,0.0,False
0,,0,0.0,0.0,,,0.0,,,,,0,0,1,0,0.0,False
0,0.0,0,0.0,0.0,0.0,0.0,0.0,0.0,0.0,0.0,0.0,0,1,0,0,0.0,False
0,0.0,0,0.0,0.0,0.0,0.0,0.0,0.0,0.0,0.0,0.0,0,1,0,0,0.0,False
0,0.0,0,0.0,0.0,0.0,0.0,0.0,0.0,0.0,0.0,0.0,0,1,0,0,0.0,False
37,22.0,11,31.3,11.0,242.0,7.0,2.0,51.0,14.0,27.0,1.0,0,0,0,1,0.2972972972972973,False
4,,0,27.75,0.0,,,0.0,,,,,0,0,1,0,0.0,False
0,0.0,0,0.0,0.0,0.0,0.0,0.0,0.0,0.0,0.0,0.0,0,0,0,1,0.0,False
0,0.0,0,0.0,0.0,0.0,0.0,0.0,,,,,1,0,0,0,0.0,False
33,6.0,2,29.39,2.0,5.0,2.0,0.0,34.0,6.0,18.0,4.0,0,0,0,1,0.06060606060606061,False
2,0.0,0,3.0,0.0,0.0,0.0,0.0,0.0,0.0,0.0,0.0,0,0,0,1,0.0,False
11,2.0,0,8.27,1.0,0.0,6.0,1.0,11.0,5.0,45.0,1.0,0,1,0,0,0.0,False
0,0.0,0,0.0,0.0,0.0,0.0,0.0,0.0,0.0,0.0,0.0,0,0,0,1,0.0,False
21,2.0,2,12.05,1.0,2.0,2.0,0.0,9.0,4.0,44.0,3.0,0,0,0,1,0.09523809523809523,False
0,0.0,0,0.0,0.0,0.0,0.0,0.0,0.0,0.0,0.0,0.0,0,0,0,1,0.0,False
0,0.0,0,0.0,0.0,0.0,0.0,0.0,0.0,0.0,0.0,0.0,0,1,0,0,0.0,False
1,0.0,0,2.0,0.0,0.0,1.0,0.0,0.0,0.0,0.0,0.0,0,1,0,0,0.0,False
3,,0,50.33,0.0,,,0.0,,,,,0,0,1,0,0.0,False
0,0.0,0,0.0,0.0,0.0,0.0,0.0,0.0,0.0,0.0,0.0,0,1,0,0,0.0,False
0,0.0,0,0.0,0.0,0.0,0.0,0.0,0.0,0.0,0.0,0.0,0,0,0,1,0.0,False
19,8.0,3,15.53,4.0,30.0,8.0,0.0,26.0,5.0,19.0,3.0,0,1,0,0,0.15789473684210525,False
0,0.0,0,0.0,0.0,0.0,0.0,0.0,0.0,0.0,0.0,0.0,0,0,0,1,0.0,False
9,1.0,0,11.11,2.0,2.0,1.0,0.0,7.0,3.0,43.0,2.0,0,0,0,1,0.0,False
0,0.0,0,0.0,0.0,0.0,0.0,0.0,0.0,0.0,0.0,0.0,0,0,0,1,0.0,False
0,0.0,0,0.0,0.0,0.0,0.0,0.0,,,,,1,0,0,0,0.0,False
1,0.0,0,3.0,0.0,0.0,0.0,0.0,0.0,0.0,0.0,0.0,0,0,0,1,0.0,False
0,0.0,0,0.0,0.0,0.0,0.0,0.0,0.0,0.0,0.0,0.0,0,0,0,1,0.0,False
14,6.0,1,13.21,1.0,7.0,1.0,0.0,11.0,4.0,36.0,1.0,0,0,0,1,0.07142857142857142,False
0,0.0,0,0.0,0.0,0.0,0.0,0.0,,,,,1,0,0,0,0.0,False
0,0.0,0,0.0,0.0,0.0,0.0,0.0,,,,,1,0,0,0,0.0,False
0,0.0,0,0.0,0.0,0.0,0.0,0.0,0.0,0.0,0.0,0.0,0,1,0,0,0.0,False
33,10.0,0,58.97,2.0,9.0,0.0,2.0,28.0,4.0,14.0,1.0,0,0,0,1,0.0,False
0,0.0,0,0.0,0.0,0.0,0.0,0.0,,,,,1,0,0,0,0.0,False
0,0.0,0,0.0,0.0,0.0,0.0,0.0,0.0,0.0,0.0,0.0,0,0,0,1,0.0,False
0,0.0,0,0.0,0.0,0.0,0.0,0.0,0.0,0.0,0.0,0.0,0,0,0,1,0.0,False
0,0.0,0,0.0,0.0,0.0,0.0,0.0,,,,,1,0,0,0,0.0,False
7,1.0,0,19.14,0.0,0.0,0.0,0.0,2.0,1.0,50.0,0.0,0,0,0,1,0.0,False
0,0.0,0,0.0,0.0,0.0,0.0,0.0,0.0,0.0,0.0,0.0,0,0,0,1,0.0,False
18,8.0,0,17.33,4.0,66.0,2.0,0.0,17.0,3.0,18.0,1.0,0,1,0,0,0.0,False
4,0.0,0,3.75,0.0,0.0,0.0,0.0,0.0,0.0,0.0,0.0,0,0,0,1,0.0,False
0,0.0,0,0.0,0.0,0.0,0.0,0.0,0.0,0.0,0.0,0.0,0,1,0,0,0.0,False
8,2.0,1,19.0,3.0,17.0,0.0,1.0,8.0,2.0,25.0,1.0,0,1,0,0,0.125,False
34,4.0,8,23.0,11.0,196.0,6.0,3.0,29.0,8.0,28.0,5.0,0,0,0,1,0.23529411764705882,False
0,0.0,0,0.0,0.0,0.0,0.0,0.0,0.0,0.0,0.0,0.0,0,1,0,0,0.0,False
29,17.0,2,22.76,4.0,77.0,3.0,0.0,,,,,1,0,0,0,0.06896551724137931,False
1,0.0,0,20.0,0.0,0.0,0.0,0.0,0.0,0.0,0.0,0.0,0,0,0,1,0.0,False
1,1.0,0,4.0,0.0,0.0,0.0,0.0,1.0,0.0,0.0,0.0,0,0,0,1,0.0,False
20,5.0,0,17.9,0.0,19.0,2.0,1.0,21.0,8.0,38.0,1.0,0,0,0,1,0.0,False
2,1.0,0,41.0,0.0,0.0,0.0,0.0,,,,,1,0,0,0,0.0,False
0,0.0,0,0.0,0.0,0.0,0.0,0.0,0.0,0.0,0.0,0.0,0,0,0,1,0.0,False
37,,1,31.24,0.0,,,0.0,,,,,0,0,1,0,0.02702702702702703,False
30,3.0,0,36.4,0.0,10.0,0.0,0.0,,,,,1,0,0,0,0.0,False
0,,0,0.0,0.0,,,0.0,,,,,0,0,1,0,0.0,False
0,0.0,0,0.0,0.0,0.0,0.0,0.0,0.0,0.0,0.0,0.0,0,1,0,0,0.0,False
0,0.0,0,0.0,0.0,0.0,0.0,0.0,0.0,0.0,0.0,0.0,0,0,0,1,0.0,False
0,0.0,0,0.0,0.0,0.0,0.0,0.0,0.0,0.0,0.0,0.0,0,1,0,0,0.0,False
37,,0,17.78,0.0,,,0.0,,,,,0,0,1,0,0.0,False
15,6.0,3,31.87,4.0,77.0,1.0,1.0,,,,,1,0,0,0,0.2,False
0,0.0,0,0.0,0.0,0.0,0.0,0.0,0.0,0.0,0.0,0.0,0,0,0,1,0.0,False
0,0.0,0,0.0,0.0,0.0,0.0,0.0,0.0,0.0,0.0,0.0,0,1,0,0,0.0,False
22,2.0,0,11.27,1.0,15.0,1.0,0.0,5.0,2.0,40.0,1.0,0,0,0,1,0.0,False
0,0.0,0,0.0,0.0,0.0,0.0,0.0,0.0,0.0,0.0,0.0,0,1,0,0,0.0,False
1,0.0,0,13.0,0.0,1.0,0.0,0.0,0.0,0.0,0.0,0.0,0,0,0,1,0.0,False
24,5.0,1,11.5,0.0,18.0,0.0,2.0,19.0,6.0,32.0,2.0,0,0,0,1,0.041666666666666664,False
0,0.0,0,0.0,0.0,0.0,0.0,0.0,,,,,1,0,0,0,0.0,False
0,0.0,0,0.0,0.0,0.0,0.0,0.0,,,,,1,0,0,0,0.0,False
0,0.0,0,0.0,0.0,0.0,0.0,0.0,0.0,0.0,0.0,0.0,0,0,0,1,0.0,False
0,0.0,0,0.0,0.0,0.0,0.0,0.0,,,,,1,0,0,0,0.0,False
0,0.0,0,0.0,0.0,0.0,0.0,0.0,0.0,0.0,0.0,0.0,0,0,0,1,0.0,False
0,0.0,0,0.0,0.0,0.0,0.0,0.0,0.0,0.0,0.0,0.0,0,0,0,1,0.0,False
0,0.0,0,0.0,0.0,0.0,0.0,0.0,,,,,1,0,0,0,0.0,False
38,,0,24.58,0.0,,,0.0,,,,,0,0,1,0,0.0,False
35,9.0,7,24.69,8.0,18.0,2.0,2.0,33.0,13.0,39.0,4.0,0,0,0,1,0.2,False
0,,0,0.0,0.0,,,0.0,,,,,0,0,1,0,0.0,False
0,0.0,0,0.0,0.0,0.0,0.0,0.0,0.0,0.0,0.0,0.0,0,0,0,1,0.0,False
0,0.0,0,0.0,0.0,0.0,0.0,0.0,0.0,0.0,0.0,0.0,0,1,0,0,0.0,False
35,27.0,5,22.26,5.0,24.0,15.0,2.0,108.0,50.0,46.0,22.0,0,1,0,0,0.14285714285714285,True
38,,0,38.82,0.0,,,0.0,,,,,0,0,1,0,0.0,False
0,0.0,0,0.0,0.0,0.0,0.0,0.0,0.0,0.0,0.0,0.0,0,0,0,1,0.0,False
33,0.0,0,57.64,0.0,4.0,1.0,0.0,,,,,1,0,0,0,0.0,False
1,0.0,0,0.0,0.0,1.0,0.0,0.0,0.0,0.0,0.0,0.0,0,0,0,1,0.0,False
37,7.0,4,32.89,3.0,54.0,4.0,0.0,20.0,8.0,40.0,2.0,0,0,0,1,0.10810810810810811,False
0,0.0,0,0.0,0.0,0.0,0.0,0.0,,,,,1,0,0,0,0.0,False
28,7.0,1,23.86,1.0,75.0,2.0,0.0,,,,,1,0,0,0,0.03571428571428571,False
0,0.0,0,0.0,0.0,0.0,0.0,0.0,,,,,1,0,0,0,0.0,False
10,1.0,1,25.4,0.0,16.0,0.0,0.0,,,,,1,0,0,0,0.1,False
37,10.0,2,56.3,3.0,44.0,1.0,1.0,36.0,9.0,25.0,1.0,0,0,0,1,0.05405405405405406,False
0,0.0,0,0.0,0.0,0.0,0.0,0.0,0.0,0.0,0.0,0.0,0,0,0,1,0.0,False
27,5.0,3,9.74,1.0,16.0,9.0,2.0,27.0,14.0,52.0,4.0,0,1,0,0,0.1111111111111111,False
6,0.0,0,6.83,0.0,0.0,0.0,0.0,1.0,0.0,0.0,0.0,0,0,0,1,0.0,False
7,0.0,0,4.14,0.0,2.0,0.0,0.0,0.0,0.0,0.0,0.0,0,0,0,1,0.0,False
25,8.0,4,21.84,4.0,12.0,5.0,0.0,39.0,25.0,64.0,6.0,0,1,0,0,0.16,True
0,0.0,0,0.0,0.0,0.0,0.0,0.0,,,,,1,0,0,0,0.0,False
34,5.0,8,53.94,11.0,195.0,7.0,0.0,,,,,1,0,0,0,0.23529411764705882,False
35,0.0,1,41.89,0.0,134.0,3.0,1.0,,,,,1,0,0,0,0.02857142857142857,False
4,,0,25.5,0.0,,,0.0,,,,,0,0,1,0,0.0,False
0,0.0,0,0.0,0.0,0.0,0.0,0.0,0.0,0.0,0.0,0.0,0,0,0,1,0.0,False
32,14.0,2,37.84,4.0,76.0,0.0,0.0,35.0,13.0,37.0,2.0,0,0,0,1,0.0625,False
2,,0,29.0,0.0,,,0.0,,,,,0,0,1,0,0.0,False
0,0.0,0,0.0,0.0,0.0,0.0,0.0,0.0,0.0,0.0,0.0,0,0,0,1,0.0,False
0,0.0,0,0.0,0.0,0.0,0.0,0.0,,,,,1,0,0,0,0.0,False
36,17.0,6,82.69,9.0,6.0,3.0,1.0,50.0,14.0,28.0,4.0,0,0,0,1,0.16666666666666666,False
31,20.0,1,16.68,3.0,21.0,10.0,0.0,67.0,27.0,40.0,4.0,0,1,0,0,0.03225806451612903,True
0,0.0,0,0.0,0.0,0.0,0.0,0.0,0.0,0.0,0.0,0.0,0,1,0,0,0.0,False
0,0.0,0,0.0,0.0,0.0,0.0,0.0,0.0,0.0,0.0,0.0,0,0,0,1,0.0,False
20,0.0,0,13.15,3.0,20.0,0.0,0.0,,,,,1,0,0,0,0.0,False
0,0.0,0,0.0,0.0,0.0,0.0,0.0,0.0,0.0,0.0,0.0,0,1,0,0,0.0,False
27,1.0,1,58.67,2.0,0.0,0.0,2.0,,,,,1,0,0,0,0.037037037037037035,False
1,0.0,0,29.0,0.0,1.0,0.0,0.0,0.0,0.0,0.0,0.0,0,0,0,1,0.0,False
1,0.0,0,3.0,0.0,1.0,0.0,0.0,0.0,0.0,0.0,0.0,0,0,0,1,0.0,False
7,1.0,0,4.0,0.0,0.0,2.0,0.0,4.0,1.0,25.0,1.0,0,1,0,0,0.0,False
0,0.0,0,0.0,0.0,0.0,0.0,0.0,,,,,1,0,0,0,0.0,False
20,1.0,1,21.4,1.0,27.0,0.0,0.0,3.0,2.0,67.0,0.0,0,0,0,1,0.05,False
26,3.0,0,79.69,1.0,1.0,0.0,0.0,,,,,1,0,0,0,0.0,False
35,19.0,1,58.11,1.0,53.0,1.0,2.0,66.0,16.0,24.0,0.0,0,0,0,1,0.02857142857142857,False
2,0.0,0,9.0,0.0,2.0,0.0,0.0,,,,,1,0,0,0,0.0,False
0,,0,0.0,0.0,,,0.0,,,,,0,0,1,0,0.0,False
0,0.0,0,0.0,0.0,0.0,0.0,0.0,,,,,1,0,0,0,0.0,False
0,,0,0.0,0.0,,,0.0,,,,,0,0,1,0,0.0,False
11,2.0,1,5.55,0.0,0.0,1.0,0.0,4.0,0.0,0.0,0.0,0,1,0,0,0.09090909090909091,False
11,4.0,1,26.91,3.0,4.0,1.0,0.0,11.0,3.0,27.0,0.0,0,0,0,1,0.09090909090909091,False
0,0.0,0,0.0,0.0,0.0,0.0,0.0,0.0,0.0,0.0,0.0,0,0,0,1,0.0,False
0,0.0,0,0.0,0.0,0.0,0.0,0.0,0.0,0.0,0.0,0.0,0,1,0,0,0.0,False
25,9.0,5,16.2,8.0,32.0,2.0,1.0,28.0,13.0,46.0,0.0,0,1,0,0,0.2,False
0,0.0,0,0.0,0.0,0.0,0.0,0.0,,,,,1,0,0,0,0.0,False
38,29.0,11,32.5,8.0,172.0,9.0,3.0,89.0,32.0,36.0,3.0,0,1,0,0,0.2894736842105263,True
27,0.0,1,69.04,1.0,1.0,0.0,0.0,,,,,1,0,0,0,0.037037037037037035,False
22,2.0,1,49.55,1.0,13.0,1.0,0.0,,,,,1,0,0,0,0.045454545454545456,False
0,,0,0.0,0.0,,,0.0,,,,,0,0,1,0,0.0,False
15,0.0,0,26.6,0.0,0.0,0.0,0.0,2.0,1.0,50.0,0.0,0,0,0,1,0.0,False
0,0.0,0,0.0,0.0,0.0,0.0,0.0,,,,,1,0,0,0,0.0,False
0,0.0,0,0.0,0.0,0.0,0.0,0.0,,,,,1,0,0,0,0.0,False
0,0.0,0,0.0,0.0,0.0,0.0,0.0,,,,,1,0,0,0,0.0,False
23,,0,29.26,0.0,,,0.0,,,,,0,0,1,0,0.0,False
26,7.0,3,28.81,6.0,17.0,8.0,0.0,21.0,11.0,52.0,2.0,0,1,0,0,0.11538461538461539,False
0,0.0,0,0.0,0.0,0.0,0.0,0.0,,,,,1,0,0,0,0.0,False
0,0.0,0,0.0,0.0,0.0,0.0,0.0,,,,,1,0,0,0,0.0,False
2,0.0,0,3.5,0.0,0.0,0.0,0.0,0.0,0.0,0.0,0.0,0,0,0,1,0.0,False
0,0.0,0,0.0,0.0,0.0,0.0,0.0,0.0,0.0,0.0,0.0,0,1,0,0,0.0,False
13,7.0,0,24.15,1.0,46.0,3.0,0.0,20.0,5.0,25.0,3.0,0,0,0,1,0.0,False
0,,0,0.0,0.0,,,0.0,,,,,0,0,1,0,0.0,False
9,1.0,1,7.11,0.0,3.0,0.0,0.0,5.0,2.0,40.0,0.0,0,1,0,0,0.1111111111111111,False
0,0.0,0,0.0,0.0,0.0,0.0,0.0,,,,,1,0,0,0,0.0,False
0,0.0,0,0.0,0.0,0.0,0.0,0.0,0.0,0.0,0.0,0.0,0,0,0,1,0.0,False
0,0.0,0,0.0,0.0,0.0,0.0,0.0,0.0,0.0,0.0,0.0,0,1,0,0,0.0,False
0,0.0,0,0.0,0.0,0.0,0.0,0.0,,,,,1,0,0,0,0.0,False
16,8.0,0,10.94,1.0,1.0,6.0,0.0,30.0,10.0,33.0,3.0,0,1,0,0,0.0,False
0,0.0,0,0.0,0.0,0.0,0.0,0.0,0.0,0.0,0.0,0.0,1,0,0,0,0.0,False
0,0.0,0,0.0,0.0,0.0,0.0,0.0,0.0,0.0,0.0,0.0,0,1,0,0,0.0,False
18,2.0,1,8.67,3.0,15.0,6.0,0.0,12.0,4.0,33.0,2.0,0,0,0,1,0.05555555555555555,False
36,11.0,3,50.42,3.0,18.0,6.0,2.0,,,,,1,0,0,0,0.08333333333333333,False
0,,0,0.0,0.0,,,0.0,,,,,0,0,1,0,0.0,False
34,9.0,1,25.12,3.0,16.0,0.0,1.0,28.0,9.0,32.0,2.0,0,0,0,1,0.029411764705882353,False
0,,0,0.0,0.0,,,0.0,,,,,0,0,1,0,0.0,False
0,0.0,0,0.0,0.0,0.0,0.0,0.0,0.0,0.0,0.0,0.0,0,0,0,1,0.0,False
11,1.0,0,5.09,0.0,1.0,1.0,0.0,3.0,1.0,33.0,0.0,0,1,0,0,0.0,False
31,1.0,0,41.65,1.0,8.0,0.0,0.0,,,,,1,0,0,0,0.0,False
0,0.0,0,0.0,0.0,0.0,0.0,0.0,0.0,0.0,0.0,0.0,0,0,0,1,0.0,False
0,0.0,0,0.0,0.0,0.0,0.0,0.0,,,,,1,0,0,0,0.0,False
0,0.0,0,0.0,0.0,0.0,0.0,0.0,0.0,0.0,0.0,0.0,0,0,0,1,0.0,False
0,0.0,0,0.0,0.0,0.0,0.0,0.0,0.0,0.0,0.0,0.0,0,0,0,1,0.0,False
0,,0,0.0,0.0,,,0.0,,,,,0,0,1,0,0.0,False
31,4.0,2,58.23,7.0,89.0,1.0,0.0,,,,,1,0,0,0,0.06451612903225806,False
11,3.0,0,28.55,1.0,13.0,0.0,0.0,6.0,0.0,0.0,0.0,0,0,0,1,0.0,False
0,0.0,0,0.0,0.0,0.0,0.0,0.0,,,,,1,0,0,0,0.0,False
0,0.0,0,0.0,0.0,0.0,0.0,0.0,0.0,0.0,0.0,0.0,0,1,0,0,0.0,False
0,0.0,0,0.0,0.0,0.0,0.0,0.0,0.0,0.0,0.0,0.0,0,1,0,0,0.0,False
0,0.0,0,0.0,0.0,0.0,0.0,0.0,,,,,1,0,0,0,0.0,False
11,4.0,0,5.55,0.0,1.0,1.0,0.0,8.0,1.0,13.0,1.0,0,1,0,0,0.0,False
0,0.0,0,0.0,0.0,0.0,0.0,0.0,0.0,0.0,0.0,0.0,0,0,0,1,0.0,False
0,0.0,0,0.0,0.0,0.0,0.0,0.0,0.0,0.0,0.0,0.0,0,0,0,1,0.0,False
0,,0,0.0,0.0,,,0.0,,,,,0,0,1,0,0.0,False
19,6.0,0,17.32,0.0,7.0,5.0,1.0,28.0,11.0,39.0,2.0,0,1,0,0,0.0,False
0,0.0,0,0.0,0.0,0.0,0.0,0.0,0.0,0.0,0.0,0.0,0,0,0,1,0.0,False
23,3.0,0,32.91,0.0,10.0,0.0,0.0,7.0,3.0,43.0,0.0,0,0,0,1,0.0,False
0,,0,0.0,0.0,,,0.0,,,,,0,0,1,0,0.0,False
0,,0,0.0,0.0,,,0.0,,,,,0,0,1,0,0.0,False
0,0.0,0,0.0,0.0,0.0,0.0,0.0,0.0,0.0,0.0,0.0,0,1,0,0,0.0,False
0,0.0,0,0.0,0.0,0.0,0.0,0.0,0.0,0.0,0.0,0.0,0,0,0,1,0.0,False
0,0.0,0,0.0,0.0,0.0,0.0,0.0,0.0,0.0,0.0,0.0,0,0,0,1,0.0,False
12,2.0,2,6.67,2.0,5.0,1.0,0.0,4.0,1.0,25.0,0.0,0,0,0,1,0.16666666666666666,False
0,,0,0.0,0.0,,,0.0,,,,,0,0,1,0,0.0,False
0,0.0,0,0.0,0.0,0.0,0.0,0.0,0.0,0.0,0.0,0.0,0,0,0,1,0.0,False
33,23.0,7,15.58,6.0,13.0,11.0,1.0,76.0,29.0,38.0,5.0,0,1,0,0,0.21212121212121213,False
19,2.0,0,10.47,0.0,4.0,2.0,0.0,11.0,7.0,64.0,0.0,0,1,0,0,0.0,False
36,25.0,6,21.81,8.0,113.0,18.0,5.0,81.0,40.0,49.0,9.0,0,1,0,0,0.16666666666666666,True
0,,0,0.0,0.0,,,0.0,,,,,0,0,1,0,0.0,False
0,0.0,0,0.0,0.0,0.0,0.0,0.0,0.0,0.0,0.0,0.0,0,1,0,0,0.0,False
36,7.0,3,27.06,3.0,20.0,2.0,1.0,34.0,13.0,38.0,2.0,0,0,0,1,0.08333333333333333,False
26,0.0,0,34.62,0.0,2.0,1.0,0.0,1.0,0.0,0.0,0.0,0,0,0,1,0.0,False
0,0.0,0,0.0,0.0,0.0,0.0,0.0,,,,,1,0,0,0,0.0,False
12,2.0,1,45.67,0.0,0.0,1.0,2.0,,,,,1,0,0,0,0.08333333333333333,False
0,0.0,0,0.0,0.0,0.0,0.0,0.0,0.0,0.0,0.0,0.0,0,0,0,1,0.0,False
7,1.0,0,43.71,0.0,0.0,0.0,0.0,,,,,1,0,0,0,0.0,False
4,0.0,0,2.25,0.0,0.0,0.0,0.0,,,,,1,0,0,0,0.0,False
0,0.0,0,0.0,0.0,0.0,0.0,0.0,0.0,0.0,0.0,0.0,0,0,0,1,0.0,False
10,0.0,0,9.6,0.0,10.0,1.0,0.0,,,,,1,0,0,0,0.0,False
4,0.0,0,6.75,0.0,1.0,0.0,0.0,1.0,0.0,0.0,0.0,0,0,0,1,0.0,False
3,2.0,0,6.67,0.0,3.0,0.0,1.0,2.0,0.0,0.0,0.0,0,1,0,0,0.0,False
15,,1,32.67,0.0,,,0.0,,,,,0,0,1,0,0.06666666666666667,False
0,,0,0.0,0.0,,,0.0,,,,,0,0,1,0,0.0,False
0,,0,0.0,0.0,,,0.0,,,,,0,0,1,0,0.0,False
17,0.0,0,33.29,0.0,2.0,0.0,0.0,,,,,1,0,0,0,0.0,False
28,13.0,3,22.5,7.0,46.0,11.0,3.0,42.0,18.0,43.0,8.0,0,1,0,0,0.10714285714285714,False
0,0.0,0,0.0,0.0,0.0,0.0,0.0,,,,,1,0,0,0,0.0,False
0,0.0,0,0.0,0.0,0.0,0.0,0.0,0.0,0.0,0.0,0.0,0,1,0,0,0.0,False
0,,0,0.0,0.0,,,0.0,,,,,0,0,1,0,0.0,False
23,2.0,2,65.7,2.0,6.0,1.0,1.0,,,,,1,0,0,0,0.08695652173913043,False
0,,0,0.0,0.0,,,0.0,,,,,0,0,1,0,0.0,False
0,,0,0.0,0.0,,,0.0,,,,,0,0,1,0,0.0,False
0,0.0,0,0.0,0.0,0.0,0.0,0.0,0.0,0.0,0.0,0.0,0,1,0,0,0.0,False
29,6.0,1,36.97,2.0,21.0,0.0,0.0,,,,,1,0,0,0,0.034482758620689655,False
0,0.0,0,0.0,0.0,0.0,0.0,0.0,0.0,0.0,0.0,0.0,0,0,0,1,0.0,False
18,5.0,1,13.56,2.0,18.0,2.0,0.0,24.0,7.0,29.0,1.0,0,0,0,1,0.05555555555555555,False
28,11.0,2,14.04,2.0,14.0,8.0,0.0,29.0,9.0,31.0,2.0,0,1,0,0,0.07142857142857142,False
20,1.0,0,3.85,0.0,3.0,2.0,0.0,9.0,2.0,22.0,1.0,0,1,0,0,0.0,False
0,0.0,0,0.0,0.0,0.0,0.0,0.0,0.0,0.0,0.0,0.0,0,1,0,0,0.0,False
0,0.0,0,0.0,0.0,0.0,0.0,0.0,,,,,1,0,0,0,0.0,False
0,0.0,0,0.0,0.0,0.0,0.0,0.0,,,,,1,0,0,0,0.0,False
4,0.0,0,22.75,0.0,1.0,0.0,0.0,,,,,1,0,0,0,0.0,False
17,1.0,0,19.29,1.0,34.0,0.0,0.0,,,,,1,0,0,0,0.0,False
38,9.0,1,42.63,6.0,0.0,2.0,2.0,,,,,1,0,0,0,0.02631578947368421,False
0,0.0,0,0.0,0.0,0.0,0.0,0.0,0.0,0.0,0.0,0.0,0,1,0,0,0.0,False
23,10.0,4,25.91,4.0,93.0,4.0,0.0,37.0,15.0,41.0,1.0,0,0,0,1,0.17391304347826086,False
0,0.0,0,0.0,0.0,0.0,0.0,0.0,0.0,0.0,0.0,0.0,0,1,0,0,0.0,False
0,0.0,0,0.0,0.0,0.0,0.0,0.0,0.0,0.0,0.0,0.0,0,1,0,0,0.0,False
0,0.0,0,0.0,0.0,0.0,0.0,0.0,0.0,0.0,0.0,0.0,0,0,0,1,0.0,False
31,3.0,5,35.94,3.0,99.0,0.0,0.0,,,,,1,0,0,0,0.16129032258064516,False
27,5.0,2,75.22,1.0,2.0,0.0,1.0,,,,,1,0,0,0,0.07407407407407407,False
17,1.0,0,31.0,2.0,9.0,0.0,0.0,,,,,1,0,0,0,0.0,False
0,0.0,0,0.0,0.0,0.0,0.0,0.0,,,,,1,0,0,0,0.0,False
31,14.0,2,50.19,10.0,45.0,1.0,3.0,31.0,10.0,32.0,1.0,0,0,0,1,0.06451612903225806,False
27,1.0,1,14.89,0.0,24.0,1.0,0.0,,,,,1,0,0,0,0.037037037037037035,False
0,0.0,0,0.0,0.0,0.0,0.0,0.0,,,,,1,0,0,0,0.0,False
19,1.0,0,15.32,0.0,29.0,0.0,0.0,,,,,1,0,0,0,0.0,False
21,2.0,1,19.62,1.0,12.0,0.0,0.0,,,,,1,0,0,0,0.047619047619047616,False
6,1.0,0,28.5,0.0,0.0,1.0,0.0,,,,,1,0,0,0,0.0,False
33,16.0,4,22.3,12.0,34.0,27.0,4.0,94.0,42.0,45.0,16.0,0,1,0,0,0.12121212121212122,True
0,0.0,0,0.0,0.0,0.0,0.0,0.0,0.0,0.0,0.0,0.0,0,0,0,1,0.0,False
0,0.0,0,0.0,0.0,0.0,0.0,0.0,0.0,0.0,0.0,0.0,0,1,0,0,0.0,False
0,0.0,0,0.0,0.0,0.0,0.0,0.0,0.0,0.0,0.0,0.0,0,1,0,0,0.0,False
17,0.0,0,29.24,0.0,9.0,1.0,0.0,,,,,1,0,0,0,0.0,False
0,0.0,0,0.0,0.0,0.0,0.0,0.0,0.0,0.0,0.0,0.0,0,0,0,1,0.0,False
8,5.0,0,8.5,0.0,5.0,3.0,0.0,9.0,3.0,33.0,0.0,0,1,0,0,0.0,False
12,,0,26.08,0.0,,,0.0,,,,,0,0,1,0,0.0,False
0,0.0,0,0.0,0.0,0.0,0.0,0.0,0.0,0.0,0.0,0.0,0,0,0,1,0.0,False
0,0.0,0,0.0,0.0,0.0,0.0,0.0,0.0,0.0,0.0,0.0,0,0,0,1,0.0,False
0,0.0,0,0.0,0.0,0.0,0.0,0.0,0.0,0.0,0.0,0.0,0,1,0,0,0.0,False
38,8.0,7,54.32,24.0,393.0,7.0,1.0,,,,,1,0,0,0,0.18421052631578946,False
36,17.0,12,23.92,9.0,90.0,8.0,3.0,55.0,23.0,42.0,3.0,0,1,0,0,0.3333333333333333,False
0,,0,0.0,0.0,,,0.0,,,,,0,0,1,0,0.0,False
0,0.0,0,0.0,0.0,0.0,0.0,0.0,,,,,1,0,0,0,0.0,False
20,4.0,4,22.2,1.0,85.0,0.0,0.0,,,,,1,0,0,0,0.2,False
0,0.0,0,0.0,0.0,0.0,0.0,0.0,,,,,1,0,0,0,0.0,False
0,0.0,0,0.0,0.0,0.0,0.0,0.0,,,,,1,0,0,0,0.0,False
0,,0,0.0,0.0,,,0.0,,,,,0,0,1,0,0.0,False
0,0.0,0,0.0,0.0,0.0,0.0,0.0,,,,,1,0,0,0,0.0,False
0,0.0,0,0.0,0.0,0.0,0.0,0.0,0.0,0.0,0.0,0.0,0,1,0,0,0.0,False
0,,0,0.0,0.0,,,0.0,,,,,0,0,1,0,0.0,False
0,0.0,0,0.0,0.0,0.0,0.0,0.0,,,,,1,0,0,0,0.0,False
22,8.0,0,7.36,1.0,1.0,7.0,2.0,27.0,12.0,44.0,6.0,0,1,0,0,0.0,False
0,0.0,0,0.0,0.0,0.0,0.0,0.0,0.0,0.0,0.0,0.0,0,0,0,1,0.0,False
0,0.0,0,0.0,0.0,0.0,0.0,0.0,0.0,0.0,0.0,0.0,0,1,0,0,0.0,False
1,0.0,0,22.0,0.0,1.0,0.0,0.0,,,,,1,0,0,0,0.0,False
7,2.0,0,8.43,0.0,0.0,1.0,0.0,2.0,0.0,0.0,0.0,0,0,0,1,0.0,False
0,0.0,0,0.0,0.0,0.0,0.0,0.0,,,,,1,0,0,0,0.0,False
0,,0,0.0,0.0,,,0.0,,,,,0,0,1,0,0.0,False
32,7.0,1,80.66,1.0,1.0,3.0,0.0,,,,,1,0,0,0,0.03125,False
8,0.0,0,30.75,0.0,0.0,0.0,0.0,,,,,1,0,0,0,0.0,False
0,,0,0.0,0.0,,,0.0,,,,,0,0,1,0,0.0,False
24,2.0,0,45.79,0.0,1.0,2.0,0.0,,,,,1,0,0,0,0.0,False
37,3.0,4,6.89,2.0,7.0,29.0,1.0,28.0,15.0,54.0,10.0,0,1,0,0,0.10810810810810811,False
31,3.0,1,41.84,2.0,23.0,0.0,0.0,,,,,1,0,0,0,0.03225806451612903,False
0,0.0,0,0.0,0.0,0.0,0.0,0.0,,,,,1,0,0,0,0.0,False
0,0.0,0,0.0,0.0,0.0,0.0,0.0,0.0,0.0,0.0,0.0,0,0,0,1,0.0,False
12,1.0,0,12.08,0.0,4.0,0.0,0.0,,,,,1,0,0,0,0.0,False
0,,0,0.0,0.0,,,0.0,,,,,0,0,1,0,0.0,False
0,0.0,0,0.0,0.0,0.0,0.0,0.0,0.0,0.0,0.0,0.0,0,0,0,1,0.0,False
0,0.0,0,0.0,0.0,0.0,0.0,0.0,,,,,1,0,0,0,0.0,False
0,0.0,0,0.0,0.0,0.0,0.0,0.0,0.0,0.0,0.0,0.0,0,0,0,1,0.0,False
0,,0,0.0,0.0,,,0.0,,,,,0,0,1,0,0.0,False
20,5.0,2,12.0,3.0,21.0,15.0,1.0,20.0,8.0,40.0,3.0,0,1,0,0,0.1,False
27,0.0,0,64.04,0.0,28.0,0.0,0.0,,,,,1,0,0,0,0.0,False
31,3.0,0,32.74,2.0,50.0,1.0,1.0,,,,,1,0,0,0,0.0,False
0,0.0,0,0.0,0.0,0.0,0.0,0.0,,,,,1,0,0,0,0.0,False
0,,0,0.0,0.0,,,0.0,,,,,0,0,1,0,0.0,False
19,7.0,0,37.11,1.0,14.0,0.0,0.0,,,,,1,0,0,0,0.0,False
0,0.0,0,0.0,0.0,0.0,0.0,0.0,0.0,0.0,0.0,0.0,0,0,0,1,0.0,False
28,5.0,0,35.79,0.0,36.0,0.0,0.0,,,,,1,0,0,0,0.0,False
38,11.0,4,50.53,9.0,241.0,0.0,2.0,44.0,20.0,45.0,2.0,0,0,0,1,0.10526315789473684,False
0,0.0,0,0.0,0.0,0.0,0.0,0.0,0.0,0.0,0.0,0.0,0,0,0,1,0.0,False
37,16.0,6,14.89,4.0,9.0,18.0,5.0,86.0,47.0,55.0,20.0,0,1,0,0,0.16216216216216217,True
0,0.0,0,0.0,0.0,0.0,0.0,0.0,,,,,1,0,0,0,0.0,False
0,0.0,0,0.0,0.0,0.0,0.0,0.0,,,,,1,0,0,0,0.0,False
27,2.0,0,62.07,1.0,2.0,1.0,0.0,,,,,1,0,0,0,0.0,False
17,3.0,1,12.18,1.0,0.0,5.0,0.0,14.0,5.0,36.0,3.0,0,1,0,0,0.058823529411764705,False
0,0.0,0,0.0,0.0,0.0,0.0,0.0,0.0,0.0,0.0,0.0,0,0,0,1,0.0,False
31,13.0,3,14.16,8.0,0.0,5.0,1.0,62.0,23.0,37.0,10.0,0,1,0,0,0.0967741935483871,False
0,0.0,0,0.0,0.0,0.0,0.0,0.0,,,,,1,0,0,0,0.0,False
0,0.0,0,0.0,0.0,0.0,0.0,0.0,0.0,0.0,0.0,0.0,0,0,0,1,0.0,False
0,0.0,0,0.0,0.0,0.0,0.0,0.0,0.0,0.0,0.0,0.0,0,0,0,1,0.0,False
0,0.0,0,0.0,0.0,0.0,0.0,0.0,0.0,0.0,0.0,0.0,0,1,0,0,0.0,False
0,0.0,0,0.0,0.0,0.0,0.0,0.0,0.0,0.0,0.0,0.0,0,1,0,0,0.0,False
0,0.0,0,0.0,0.0,0.0,0.0,0.0,0.0,0.0,0.0,0.0,0,0,0,1,0.0,False
38,2.0,5,51.34,6.0,57.0,1.0,0.0,,,,,1,0,0,0,0.13157894736842105,False
0,,0,0.0,0.0,,,0.0,,,,,0,0,1,0,0.0,False
2,,0,37.5,0.0,,,0.0,,,,,0,0,1,0,0.0,False
0,,0,0.0,0.0,,,0.0,,,,,0,0,1,0,0.0,False
0,0.0,0,0.0,0.0,0.0,0.0,0.0,,,,,1,0,0,0,0.0,False
27,13.0,5,31.33,8.0,60.0,4.0,2.0,41.0,18.0,44.0,2.0,0,1,0,0,0.18518518518518517,False
35,21.0,6,25.37,12.0,51.0,3.0,0.0,58.0,17.0,29.0,8.0,0,0,0,1,0.17142857142857143,False
0,,0,0.0,0.0,,,0.0,,,,,0,0,1,0,0.0,False
29,6.0,3,12.97,2.0,22.0,2.0,1.0,18.0,4.0,22.0,1.0,0,0,0,1,0.10344827586206896,False
0,0.0,0,0.0,0.0,0.0,0.0,0.0,0.0,0.0,0.0,0.0,1,0,0,0,0.0,False
0,0.0,0,0.0,0.0,0.0,0.0,0.0,,,,,1,0,0,0,0.0,False
0,0.0,0,0.0,0.0,0.0,0.0,0.0,0.0,0.0,0.0,0.0,0,0,0,1,0.0,False
38,3.0,3,8.61,3.0,12.0,19.0,1.0,32.0,15.0,47.0,3.0,0,0,0,1,0.07894736842105263,False
16,4.0,0,40.25,1.0,7.0,1.0,0.0,,,,,1,0,0,0,0.0,False
0,0.0,0,0.0,0.0,0.0,0.0,0.0,0.0,0.0,0.0,0.0,0,1,0,0,0.0,False
25,3.0,0,7.04,0.0,0.0,6.0,0.0,12.0,5.0,42.0,3.0,0,1,0,0,0.0,False
0,0.0,0,0.0,0.0,0.0,0.0,0.0,0.0,0.0,0.0,0.0,0,0,0,1,0.0,False
0,,0,0.0,0.0,,,0.0,,,,,0,0,1,0,0.0,False
0,0.0,0,0.0,0.0,0.0,0.0,0.0,,,,,1,0,0,0,0.0,False
30,0.0,0,36.37,1.0,4.0,0.0,0.0,,,,,1,0,0,0,0.0,False
0,,0,0.0,0.0,,,0.0,,,,,0,0,1,0,0.0,False
0,0.0,0,0.0,0.0,0.0,0.0,0.0,0.0,0.0,0.0,0.0,0,1,0,0,0.0,False
37,14.0,7,42.46,6.0,39.0,5.0,1.0,40.0,14.0,35.0,3.0,0,0,0,1,0.1891891891891892,False
0,0.0,0,0.0,0.0,0.0,0.0,0.0,,,,,1,0,0,0,0.0,False
0,0.0,0,0.0,0.0,0.0,0.0,0.0,0.0,0.0,0.0,0.0,0,1,0,0,0.0,False
0,0.0,0,0.0,0.0,0.0,0.0,0.0,0.0,0.0,0.0,0.0,0,0,0,1,0.0,False
0,0.0,0,0.0,0.0,0.0,0.0,0.0,0.0,0.0,0.0,0.0,0,0,0,1,0.0,False
26,7.0,2,22.19,2.0,8.0,1.0,0.0,26.0,5.0,19.0,1.0,0,0,0,1,0.07692307692307693,False
29,7.0,0,33.31,1.0,42.0,1.0,0.0,,,,,1,0,0,0,0.0,False
0,0.0,0,0.0,0.0,0.0,0.0,0.0,0.0,0.0,0.0,0.0,0,1,0,0,0.0,False
5,0.0,0,39.8,0.0,0.0,0.0,0.0,,,,,1,0,0,0,0.0,False
27,26.0,2,22.37,3.0,39.0,14.0,3.0,66.0,22.0,33.0,6.0,0,1,0,0,0.07407407407407407,False
7,1.0,0,25.43,0.0,1.0,0.0,0.0,2.0,0.0,0.0,0.0,0,0,0,1,0.0,False
0,0.0,0,0.0,0.0,0.0,0.0,0.0,0.0,0.0,0.0,0.0,0,0,0,1,0.0,False
18,1.0,0,24.67,0.0,3.0,2.0,0.0,,,,,1,0,0,0,0.0,False
19,1.0,1,24.05,3.0,18.0,0.0,0.0,,,,,1,0,0,0,0.05263157894736842,False
0,0.0,0,0.0,0.0,0.0,0.0,0.0,0.0,0.0,0.0,0.0,0,1,0,0,0.0,False
0,0.0,0,0.0,0.0,0.0,0.0,0.0,0.0,0.0,0.0,0.0,0,0,0,1,0.0,False
27,8.0,2,63.56,2.0,37.0,1.0,0.0,,,,,1,0,0,0,0.07407407407407407,False
18,8.0,3,17.56,6.0,66.0,3.0,0.0,16.0,3.0,19.0,0.0,0,0,0,1,0.16666666666666666,False
25,3.0,0,33.04,0.0,0.0,0.0,0.0,,,,,1,0,0,0,0.0,False
0,,0,0.0,0.0,,,0.0,,,,,0,0,1,0,0.0,False
37,33.0,7,45.65,14.0,91.0,1.0,0.0,93.0,33.0,35.0,4.0,0,0,0,1,0.1891891891891892,True
0,0.0,0,0.0,0.0,0.0,0.0,0.0,,,,,1,0,0,0,0.0,False
20,1.0,1,22.55,1.0,13.0,2.0,0.0,,,,,1,0,0,0,0.05,False
0,0.0,0,0.0,0.0,0.0,0.0,0.0,,,,,1,0,0,0,0.0,False
0,0.0,0,0.0,0.0,0.0,0.0,0.0,0.0,0.0,0.0,0.0,0,1,0,0,0.0,False
1,0.0,0,1.0,0.0,0.0,0.0,0.0,,,,,1,0,0,0,0.0,False
3,0.0,0,23.0,0.0,1.0,0.0,0.0,0.0,0.0,0.0,0.0,0,0,0,1,0.0,False
20,2.0,0,60.55,0.0,1.0,0.0,1.0,,,,,1,0,0,0,0.0,False
0,0.0,0,0.0,0.0,0.0,0.0,0.0,,,,,1,0,0,0,0.0,False
27,7.0,0,7.3,0.0,5.0,13.0,2.0,31.0,14.0,45.0,4.0,0,1,0,0,0.0,True
0,0.0,0,0.0,0.0,0.0,0.0,0.0,,,,,1,0,0,0,0.0,False
31,7.0,1,24.1,6.0,76.0,17.0,1.0,52.0,22.0,42.0,4.0,0,1,0,0,0.03225806451612903,False
0,0.0,0,0.0,0.0,0.0,0.0,0.0,0.0,0.0,0.0,0.0,0,1,0,0,0.0,False
0,,0,0.0,0.0,,,0.0,,,,,0,0,1,0,0.0,False
0,0.0,0,0.0,0.0,0.0,0.0,0.0,0.0,0.0,0.0,0.0,0,0,0,1,0.0,False
21,3.0,0,55.43,0.0,5.0,0.0,0.0,,,,,1,0,0,0,0.0,False
1,0.0,0,8.0,0.0,0.0,0.0,0.0,0.0,0.0,0.0,0.0,0,0,0,1,0.0,False
0,0.0,0,0.0,0.0,0.0,0.0,0.0,0.0,0.0,0.0,0.0,0,1,0,0,0.0,False
20,4.0,0,8.95,0.0,6.0,1.0,0.0,9.0,2.0,22.0,0.0,0,0,0,1,0.0,False
31,4.0,0,30.81,1.0,6.0,2.0,1.0,,,,,1,0,0,0,0.0,False
22,5.0,1,28.77,0.0,28.0,2.0,0.0,,,,,1,0,0,0,0.045454545454545456,False
33,5.0,1,31.45,3.0,41.0,8.0,0.0,,,,,1,0,0,0,0.030303030303030304,False
28,3.0,1,25.79,5.0,22.0,1.0,0.0,,,,,1,0,0,0,0.03571428571428571,False
30,4.0,0,76.53,0.0,9.0,0.0,0.0,,,,,1,0,0,0,0.0,False
29,8.0,2,61.03,3.0,11.0,0.0,0.0,,,,,1,0,0,0,0.06896551724137931,False
13,3.0,0,46.0,0.0,3.0,0.0,0.0,,,,,1,0,0,0,0.0,False
1,0.0,0,10.0,0.0,0.0,0.0,0.0,0.0,0.0,0.0,0.0,0,0,0,1,0.0,False
2,0.0,0,8.5,0.0,0.0,0.0,0.0,,,,,1,0,0,0,0.0,False
0,0.0,0,0.0,0.0,0.0,0.0,0.0,,,,,1,0,0,0,0.0,False
28,14.0,4,60.18,17.0,168.0,2.0,3.0,,,,,1,0,0,0,0.14285714285714285,False
28,,0,35.61,0.0,,,0.0,,,,,0,0,1,0,0.0,False
0,0.0,0,0.0,0.0,0.0,0.0,0.0,,,,,1,0,0,0,0.0,False
0,0.0,0,0.0,0.0,0.0,0.0,0.0,0.0,0.0,0.0,0.0,0,1,0,0,0.0,False
0,0.0,0,0.0,0.0,0.0,0.0,0.0,,,,,1,0,0,0,0.0,False
0,0.0,0,0.0,0.0,0.0,0.0,0.0,0.0,0.0,0.0,0.0,0,0,0,1,0.0,False
33,9.0,1,23.24,6.0,24.0,10.0,2.0,41.0,12.0,29.0,4.0,0,0,0,1,0.030303030303030304,False
36,23.0,9,30.83,7.0,137.0,2.0,2.0,98.0,40.0,41.0,10.0,0,1,0,0,0.25,True
0,0.0,0,0.0,0.0,0.0,0.0,0.0,0.0,0.0,0.0,0.0,0,0,0,1,0.0,False
0,0.0,0,0.0,0.0,0.0,0.0,0.0,,,,,1,0,0,0,0.0,False
34,10.0,1,14.35,2.0,8.0,2.0,1.0,49.0,22.0,45.0,6.0,0,1,0,0,0.029411764705882353,False
0,0.0,0,0.0,0.0,0.0,0.0,0.0,,,,,1,0,0,0,0.0,False
0,0.0,0,0.0,0.0,0.0,0.0,0.0,,,,,1,0,0,0,0.0,False
21,1.0,0,30.71,0.0,7.0,0.0,1.0,3.0,0.0,0.0,0.0,0,0,0,1,0.0,False
0,,0,0.0,0.0,,,0.0,,,,,0,0,1,0,0.0,False
38,5.0,3,56.61,4.0,31.0,1.0,0.0,,,,,1,0,0,0,0.07894736842105263,False
21,5.0,2,19.81,2.0,19.0,1.0,0.0,19.0,5.0,26.0,1.0,0,0,0,1,0.09523809523809523,False
12,2.0,0,21.58,0.0,26.0,0.0,0.0,8.0,4.0,50.0,0.0,0,0,0,1,0.0,False
37,12.0,7,28.73,9.0,220.0,3.0,3.0,52.0,16.0,31.0,3.0,0,0,0,1,0.1891891891891892,False
1,1.0,0,6.0,0.0,0.0,0.0,0.0,2.0,0.0,0.0,0.0,0,0,0,1,0.0,False
0,,0,0.0,0.0,,,0.0,,,,,0,0,1,0,0.0,False
0,0.0,0,0.0,0.0,0.0,0.0,0.0,0.0,0.0,0.0,0.0,0,1,0,0,0.0,False
0,0.0,0,0.0,0.0,0.0,0.0,0.0,0.0,0.0,0.0,0.0,0,0,0,1,0.0,False
15,4.0,2,23.47,3.0,29.0,1.0,0.0,,,,,1,0,0,0,0.13333333333333333,False
0,0.0,0,0.0,0.0,0.0,0.0,0.0,,,,,1,0,0,0,0.0,False
0,0.0,0,0.0,0.0,0.0,0.0,0.0,0.0,0.0,0.0,0.0,0,1,0,0,0.0,False
12,1.0,2,32.58,1.0,22.0,0.0,0.0,,,,,1,0,0,0,0.16666666666666666,False
0,,0,0.0,0.0,,,0.0,,,,,0,0,1,0,0.0,False
20,3.0,3,8.6,2.0,1.0,13.0,0.0,22.0,11.0,50.0,4.0,0,1,0,0,0.15,False
0,0.0,0,0.0,0.0,0.0,0.0,0.0,0.0,0.0,0.0,0.0,0,0,0,1,0.0,False
35,12.0,7,23.17,7.0,97.0,7.0,1.0,48.0,20.0,42.0,4.0,0,1,0,0,0.2,False
0,0.0,0,0.0,0.0,0.0,0.0,0.0,,,,,1,0,0,0,0.0,False
0,0.0,0,0.0,0.0,0.0,0.0,0.0,,,,,1,0,0,0,0.0,False
3,0.0,0,14.33,0.0,2.0,2.0,0.0,2.0,1.0,50.0,0.0,0,1,0,0,0.0,False
26,6.0,2,10.31,1.0,27.0,9.0,0.0,30.0,14.0,47.0,6.0,0,1,0,0,0.07692307692307693,False
29,17.0,1,19.34,7.0,16.0,2.0,1.0,43.0,16.0,37.0,4.0,0,1,0,0,0.034482758620689655,False
0,0.0,0,0.0,0.0,0.0,0.0,0.0,0.0,0.0,0.0,0.0,0,0,0,1,0.0,False
12,0.0,0,35.67,1.0,7.0,0.0,0.0,1.0,1.0,100.0,0.0,0,0,0,1,0.0,False
30,15.0,1,11.1,6.0,5.0,13.0,1.0,42.0,11.0,26.0,6.0,0,1,0,0,0.03333333333333333,False
31,,0,23.16,0.0,,,0.0,,,,,0,0,1,0,0.0,False
0,0.0,0,0.0,0.0,0.0,0.0,0.0,0.0,0.0,0.0,0.0,0,0,0,1,0.0,False
0,0.0,0,0.0,0.0,0.0,0.0,0.0,,,,,1,0,0,0,0.0,False
0,0.0,0,0.0,0.0,0.0,0.0,0.0,,,,,1,0,0,0,0.0,False
18,2.0,1,64.72,2.0,2.0,1.0,0.0,,,,,1,0,0,0,0.05555555555555555,False
35,16.0,9,20.03,12.0,75.0,11.0,2.0,53.0,18.0,34.0,1.0,0,0,0,1,0.2571428571428571,True
0,0.0,0,0.0,0.0,0.0,0.0,0.0,,,,,1,0,0,0,0.0,False
1,0.0,0,10.0,0.0,0.0,0.0,0.0,0.0,0.0,0.0,0.0,0,0,0,1,0.0,False
5,1.0,0,3.8,0.0,0.0,1.0,0.0,1.0,0.0,0.0,0.0,0,1,0,0,0.0,False
0,,0,0.0,0.0,,,0.0,,,,,0,0,1,0,0.0,False
13,0.0,1,24.54,1.0,18.0,1.0,0.0,,,,,1,0,0,0,0.07692307692307693,False
27,6.0,0,28.63,1.0,0.0,0.0,0.0,21.0,5.0,24.0,0.0,0,0,0,1,0.0,False
0,0.0,0,0.0,0.0,0.0,0.0,0.0,0.0,0.0,0.0,0.0,0,1,0,0,0.0,False
6,0.0,0,9.17,0.0,4.0,0.0,0.0,,,,,1,0,0,0,0.0,False
0,0.0,0,0.0,0.0,0.0,0.0,0.0,,,,,1,0,0,0,0.0,False
0,0.0,0,0.0,0.0,0.0,0.0,0.0,0.0,0.0,0.0,0.0,0,1,0,0,0.0,False
0,0.0,0,0.0,0.0,0.0,0.0,0.0,0.0,0.0,0.0,0.0,0,1,0,0,0.0,False
10,0.0,1,8.6,1.0,3.0,0.0,0.0,2.0,2.0,100.0,0.0,0,0,0,1,0.1,False
6,2.0,0,31.17,0.0,30.0,0.0,0.0,,,,,1,0,0,0,0.0,False
32,19.0,4,43.91,6.0,45.0,0.0,3.0,66.0,19.0,29.0,1.0,0,0,0,1,0.125,False
0,0.0,0,0.0,0.0,0.0,0.0,0.0,0.0,0.0,0.0,0.0,0,1,0,0,0.0,False
0,0.0,0,0.0,0.0,0.0,0.0,0.0,0.0,0.0,0.0,0.0,0,1,0,0,0.0,False
0,0.0,0,0.0,0.0,0.0,0.0,0.0,0.0,0.0,0.0,0.0,0,1,0,0,0.0,False
8,0.0,0,15.25,0.0,4.0,2.0,0.0,,,,,1,0,0,0,0.0,False
29,1.0,0,57.48,0.0,3.0,2.0,1.0,,,,,1,0,0,0,0.0,False
0,0.0,0,0.0,0.0,0.0,0.0,0.0,0.0,0.0,0.0,0.0,0,0,0,1,0.0,False
0,0.0,0,0.0,0.0,0.0,0.0,0.0,0.0,0.0,0.0,0.0,0,1,0,0,0.0,False
0,,0,0.0,0.0,,,0.0,,,,,0,0,1,0,0.0,False
0,,0,0.0,0.0,,,0.0,,,,,0,0,1,0,0.0,False
0,,0,0.0,0.0,,,0.0,,,,,0,0,1,0,0.0,False
0,0.0,0,0.0,0.0,0.0,0.0,0.0,,,,,1,0,0,0,0.0,False
1,0.0,0,4.0,0.0,0.0,0.0,0.0,,,,,1,0,0,0,0.0,False
0,,0,0.0,0.0,,,0.0,,,,,0,0,1,0,0.0,False
21,0.0,0,37.57,0.0,13.0,0.0,0.0,,,,,1,0,0,0,0.0,False
22,5.0,1,12.77,1.0,30.0,2.0,0.0,15.0,5.0,33.0,0.0,0,0,0,1,0.045454545454545456,False
15,2.0,0,9.07,0.0,0.0,2.0,0.0,8.0,3.0,38.0,2.0,0,0,0,1,0.0,False
0,,0,0.0,0.0,,,0.0,,,,,0,0,1,0,0.0,False
0,0.0,0,0.0,0.0,0.0,0.0,0.0,,,,,1,0,0,0,0.0,False
13,4.0,1,18.31,2.0,17.0,1.0,0.0,19.0,6.0,32.0,2.0,0,1,0,0,0.07692307692307693,False
23,5.0,1,34.22,0.0,9.0,0.0,1.0,18.0,5.0,28.0,1.0,0,0,0,1,0.043478260869565216,False
5,,0,27.0,0.0,,,0.0,,,,,0,0,1,0,0.0,False
37,8.0,2,41.81,5.0,12.0,2.0,1.0,25.0,3.0,12.0,2.0,0,0,0,1,0.05405405405405406,False
0,,0,0.0,0.0,,,0.0,,,,,0,0,1,0,0.0,False
33,8.0,9,55.27,13.0,83.0,3.0,1.0,34.0,15.0,44.0,3.0,0,0,0,1,0.2727272727272727,False
17,2.0,1,5.18,0.0,8.0,0.0,0.0,8.0,4.0,50.0,0.0,0,0,0,1,0.058823529411764705,False
30,4.0,0,5.8,3.0,5.0,10.0,0.0,43.0,13.0,30.0,8.0,0,1,0,0,0.0,False
0,,0,0.0,0.0,,,0.0,,,,,0,0,1,0,0.0,False
15,3.0,1,57.0,1.0,0.0,0.0,0.0,,,,,1,0,0,0,0.06666666666666667,False
0,0.0,0,0.0,0.0,0.0,0.0,0.0,,,,,1,0,0,0,0.0,False
0,0.0,0,0.0,0.0,0.0,0.0,0.0,0.0,0.0,0.0,0.0,0,0,0,1,0.0,False
0,0.0,0,0.0,0.0,0.0,0.0,0.0,0.0,0.0,0.0,0.0,0,1,0,0,0.0,False
29,8.0,2,17.28,7.0,29.0,0.0,1.0,30.0,8.0,27.0,1.0,0,0,0,1,0.06896551724137931,False
0,,0,0.0,0.0,,,0.0,,,,,0,0,1,0,0.0,False
28,6.0,0,65.5,0.0,1.0,0.0,0.0,24.0,5.0,21.0,1.0,0,0,0,1,0.0,False
0,0.0,0,0.0,0.0,0.0,0.0,0.0,0.0,0.0,0.0,0.0,0,1,0,0,0.0,False
0,0.0,0,0.0,0.0,0.0,0.0,0.0,0.0,0.0,0.0,0.0,0,0,0,1,0.0,False
14,1.0,1,12.0,2.0,5.0,0.0,0.0,4.0,2.0,50.0,1.0,0,0,0,1,0.07142857142857142,False
34,10.0,0,22.71,0.0,40.0,4.0,0.0,,,,,1,0,0,0,0.0,False
0,0.0,0,0.0,0.0,0.0,0.0,0.0,,,,,1,0,0,0,0.0,False
20,2.0,1,30.55,4.0,1.0,1.0,0.0,,,,,1,0,0,0,0.05,False
0,,0,0.0,0.0,,,0.0,,,,,0,0,1,0,0.0,False
17,2.0,2,59.71,2.0,0.0,1.0,0.0,,,,,1,0,0,0,0.11764705882352941,False
0,,0,0.0,0.0,,,0.0,,,,,0,0,1,0,0.0,False
34,20.0,6,18.29,12.0,75.0,20.0,5.0,84.0,37.0,44.0,13.0,0,1,0,0,0.17647058823529413,True
0,0.0,0,0.0,0.0,0.0,0.0,0.0,0.0,0.0,0.0,0.0,0,0,0,1,0.0,False
11,4.0,3,39.73,2.0,18.0,2.0,0.0,,,,,1,0,0,0,0.2727272727272727,False
35,3.0,0,39.17,1.0,1.0,5.0,0.0,,,,,1,0,0,0,0.0,False
14,9.0,1,18.07,3.0,9.0,11.0,1.0,35.0,19.0,54.0,5.0,0,1,0,0,0.07142857142857142,False
13,1.0,0,5.62,0.0,3.0,1.0,0.0,7.0,3.0,43.0,0.0,0,1,0,0,0.0,False
0,0.0,0,0.0,0.0,0.0,0.0,0.0,0.0,0.0,0.0,0.0,0,0,0,1,0.0,False
21,4.0,1,5.67,1.0,2.0,6.0,1.0,13.0,2.0,15.0,2.0,0,1,0,0,0.047619047619047616,False
0,0.0,0,0.0,0.0,0.0,0.0,0.0,,,,,1,0,0,0,0.0,False
13,1.0,1,8.62,2.0,15.0,1.0,1.0,13.0,5.0,38.0,3.0,0,0,0,1,0.07692307692307693,False
19,10.0,0,12.05,1.0,10.0,6.0,2.0,26.0,7.0,27.0,3.0,0,1,0,0,0.0,False
33,5.0,2,31.15,0.0,57.0,2.0,0.0,28.0,11.0,39.0,1.0,0,0,0,1,0.06060606060606061,False
35,27.0,8,54.6,21.0,223.0,13.0,3.0,95.0,41.0,43.0,7.0,0,0,0,1,0.22857142857142856,True
37,16.0,8,61.19,12.0,32.0,0.0,1.0,48.0,16.0,33.0,2.0,0,0,0,1,0.21621621621621623,False
0,0.0,0,0.0,0.0,0.0,0.0,0.0,0.0,0.0,0.0,0.0,0,0,0,1,0.0,False
32,15.0,0,14.28,1.0,62.0,11.0,0.0,44.0,16.0,36.0,4.0,0,1,0,0,0.0,False
0,0.0,0,0.0,0.0,0.0,0.0,0.0,,,,,1,0,0,0,0.0,False
0,0.0,0,0.0,0.0,0.0,0.0,0.0,0.0,0.0,0.0,0.0,0,0,0,1,0.0,False
12,0.0,0,39.67,0.0,2.0,0.0,0.0,,,,,1,0,0,0,0.0,False
27,7.0,1,17.37,3.0,6.0,3.0,1.0,21.0,9.0,43.0,2.0,0,0,0,1,0.037037037037037035,False
0,0.0,0,0.0,0.0,0.0,0.0,0.0,0.0,0.0,0.0,0.0,0,0,0,1,0.0,False
22,6.0,4,30.91,3.0,13.0,1.0,0.0,,,,,1,0,0,0,0.18181818181818182,False
33,6.0,2,45.45,3.0,11.0,4.0,0.0,,,,,1,0,0,0,0.06060606060606061,False
0,,0,0.0,0.0,,,0.0,,,,,0,0,1,0,0.0,False
0,0.0,0,0.0,0.0,0.0,0.0,0.0,0.0,0.0,0.0,0.0,0,1,0,0,0.0,False
0,0.0,0,0.0,0.0,0.0,0.0,0.0,,,,,1,0,0,0,0.0,False
0,0.0,0,0.0,0.0,0.0,0.0,0.0,0.0,0.0,0.0,0.0,0,0,0,1,0.0,False
34,3.0,4,36.5,5.0,25.0,0.0,1.0,17.0,8.0,47.0,0.0,0,0,0,1,0.11764705882352941,False
32,8.0,2,13.56,4.0,3.0,24.0,3.0,73.0,31.0,42.0,16.0,0,1,0,0,0.0625,False
0,0.0,0,0.0,0.0,0.0,0.0,0.0,,,,,1,0,0,0,0.0,False
1,0.0,0,0.0,0.0,0.0,0.0,0.0,0.0,0.0,0.0,0.0,0,1,0,0,0.0,False
0,0.0,0,0.0,0.0,0.0,0.0,0.0,0.0,0.0,0.0,0.0,0,0,0,1,0.0,False
0,0.0,0,0.0,0.0,0.0,0.0,0.0,0.0,0.0,0.0,0.0,0,1,0,0,0.0,False
13,0.0,0,4.69,1.0,1.0,6.0,0.0,9.0,5.0,56.0,0.0,0,1,0,0,0.0,False
0,0.0,0,0.0,0.0,0.0,0.0,0.0,0.0,0.0,0.0,0.0,0,0,0,1,0.0,False
0,,0,0.0,0.0,,,0.0,,,,,0,0,1,0,0.0,False
11,0.0,0,5.91,0.0,0.0,0.0,0.0,0.0,0.0,0.0,0.0,0,0,0,1,0.0,False
25,11.0,2,56.24,2.0,13.0,6.0,0.0,39.0,9.0,23.0,4.0,0,0,0,1,0.08,False
1,0.0,0,0.0,0.0,0.0,0.0,0.0,,,,,1,0,0,0,0.0,False
29,10.0,2,35.45,6.0,39.0,0.0,0.0,,,,,1,0,0,0,0.06896551724137931,False
0,,0,0.0,0.0,,,0.0,,,,,0,0,1,0,0.0,False
34,4.0,3,39.71,1.0,50.0,3.0,1.0,,,,,1,0,0,0,0.08823529411764706,False
0,0.0,0,0.0,0.0,0.0,0.0,0.0,0.0,0.0,0.0,0.0,0,0,0,1,0.0,False
3,0.0,0,19.67,0.0,4.0,0.0,0.0,,,,,1,0,0,0,0.0,False
0,0.0,0,0.0,0.0,0.0,0.0,0.0,,,,,1,0,0,0,0.0,False
13,0.0,0,58.46,0.0,0.0,0.0,0.0,,,,,1,0,0,0,0.0,False
5,0.0,1,22.6,0.0,0.0,0.0,0.0,,,,,1,0,0,0,0.2,False
0,0.0,0,0.0,0.0,0.0,0.0,0.0,0.0,0.0,0.0,0.0,0,0,0,1,0.0,False
0,0.0,0,0.0,0.0,0.0,0.0,0.0,,,,,1,0,0,0,0.0,False
0,0.0,0,0.0,0.0,0.0,0.0,0.0,0.0,0.0,0.0,0.0,0,0,0,1,0.0,False
0,0.0,0,0.0,0.0,0.0,0.0,0.0,,,,,1,0,0,0,0.0,False
13,4.0,1,31.15,3.0,43.0,4.0,0.0,,,,,1,0,0,0,0.07692307692307693,False
0,0.0,0,0.0,0.0,0.0,0.0,0.0,0.0,0.0,0.0,0.0,0,1,0,0,0.0,False
8,1.0,0,6.63,0.0,4.0,1.0,0.0,3.0,1.0,33.0,0.0,0,0,0,1,0.0,False
3,1.0,0,7.33,0.0,0.0,2.0,0.0,2.0,0.0,0.0,0.0,0,1,0,0,0.0,False
33,16.0,0,15.12,0.0,35.0,4.0,0.0,31.0,7.0,23.0,1.0,0,0,0,1,0.0,False
0,0.0,0,0.0,0.0,0.0,0.0,0.0,0.0,0.0,0.0,0.0,0,0,0,1,0.0,False
37,14.0,5,32.97,10.0,73.0,5.0,0.0,43.0,13.0,30.0,0.0,0,0,0,1,0.13513513513513514,False
9,1.0,1,14.78,0.0,1.0,0.0,0.0,3.0,2.0,67.0,0.0,0,0,0,1,0.1111111111111111,False
0,0.0,0,0.0,0.0,0.0,0.0,0.0,0.0,0.0,0.0,0.0,0,1,0,0,0.0,False
0,0.0,0,0.0,0.0,0.0,0.0,0.0,0.0,0.0,0.0,0.0,0,0,0,1,0.0,False
5,1.0,0,9.8,0.0,0.0,0.0,0.0,2.0,0.0,0.0,0.0,0,0,0,1,0.0,False
0,0.0,0,0.0,0.0,0.0,0.0,0.0,,,,,1,0,0,0,0.0,False
19,1.0,0,28.05,0.0,9.0,0.0,1.0,,,,,1,0,0,0,0.0,False
0,0.0,0,0.0,0.0,0.0,0.0,0.0,,,,,1,0,0,0,0.0,False
0,0.0,0,0.0,0.0,0.0,0.0,0.0,0.0,0.0,0.0,0.0,0,0,0,1,0.0,False
12,0.0,0,18.33,1.0,13.0,0.0,0.0,,,,,1,0,0,0,0.0,False
32,2.0,1,45.88,5.0,4.0,3.0,0.0,,,,,1,0,0,0,0.03125,False
0,0.0,0,0.0,0.0,0.0,0.0,0.0,0.0,0.0,0.0,0.0,0,0,0,1,0.0,False
23,3.0,1,45.78,3.0,12.0,4.0,0.0,,,,,1,0,0,0,0.043478260869565216,False
0,0.0,0,0.0,0.0,0.0,0.0,0.0,0.0,0.0,0.0,0.0,0,1,0,0,0.0,False
33,3.0,3,40.7,3.0,132.0,2.0,0.0,12.0,4.0,33.0,0.0,0,0,0,1,0.09090909090909091,False
0,0.0,0,0.0,0.0,0.0,0.0,0.0,0.0,0.0,0.0,0.0,0,1,0,0,0.0,False
4,0.0,0,8.0,0.0,1.0,0.0,0.0,0.0,0.0,0.0,0.0,0,0,0,1,0.0,False
7,1.0,0,6.86,0.0,1.0,3.0,0.0,4.0,1.0,25.0,0.0,0,1,0,0,0.0,False
0,0.0,0,0.0,0.0,0.0,0.0,0.0,0.0,0.0,0.0,0.0,0,1,0,0,0.0,False
36,2.0,7,34.14,6.0,106.0,1.0,1.0,,,,,1,0,0,0,0.19444444444444445,False
0,0.0,0,0.0,0.0,0.0,0.0,0.0,0.0,0.0,0.0,0.0,0,0,0,1,0.0,False
0,0.0,0,0.0,0.0,0.0,0.0,0.0,0.0,0.0,0.0,0.0,0,0,0,1,0.0,False
0,,0,0.0,0.0,,,0.0,,,,,0,0,1,0,0.0,False
0,0.0,0,0.0,0.0,0.0,0.0,0.0,0.0,0.0,0.0,0.0,0,0,0,1,0.0,False
0,0.0,0,0.0,0.0,0.0,0.0,0.0,,,,,1,0,0,0,0.0,False
0,,0,0.0,0.0,,,0.0,,,,,0,0,1,0,0.0,False
11,0.0,0,22.45,1.0,11.0,1.0,0.0,,,,,1,0,0,0,0.0,False
21,2.0,2,50.33,1.0,16.0,1.0,0.0,,,,,1,0,0,0,0.09523809523809523,False
25,7.0,3,53.64,3.0,26.0,0.0,0.0,16.0,5.0,31.0,0.0,0,0,0,1,0.12,False
0,,0,0.0,0.0,,,0.0,,,,,0,0,1,0,0.0,False
0,0.0,0,0.0,0.0,0.0,0.0,0.0,0.0,0.0,0.0,0.0,0,0,0,1,0.0,False
0,,0,0.0,0.0,,,0.0,,,,,0,0,1,0,0.0,False
1,0.0,0,7.0,0.0,1.0,0.0,0.0,,,,,1,0,0,0,0.0,False
0,0.0,0,0.0,0.0,0.0,0.0,0.0,,,,,1,0,0,0,0.0,False
0,0.0,0,0.0,0.0,0.0,0.0,0.0,0.0,0.0,0.0,0.0,0,1,0,0,0.0,False
9,2.0,1,36.11,2.0,3.0,0.0,0.0,6.0,1.0,17.0,0.0,0,0,0,1,0.1111111111111111,False
23,3.0,2,17.13,5.0,29.0,3.0,0.0,9.0,4.0,44.0,1.0,0,0,0,1,0.08695652173913043,False
0,0.0,0,0.0,0.0,0.0,0.0,0.0,0.0,0.0,0.0,0.0,0,0,0,1,0.0,False
29,7.0,2,25.0,2.0,26.0,2.0,0.0,23.0,7.0,30.0,1.0,0,0,0,1,0.06896551724137931,False
14,8.0,0,10.0,1.0,10.0,3.0,2.0,25.0,9.0,36.0,5.0,0,1,0,0,0.0,False
2,0.0,0,3.5,0.0,0.0,0.0,0.0,0.0,0.0,0.0,0.0,0,1,0,0,0.0,False
0,,0,0.0,0.0,,,0.0,,,,,0,0,1,0,0.0,False
3,0.0,0,4.33,0.0,6.0,0.0,0.0,0.0,0.0,0.0,0.0,0,0,0,1,0.0,False
9,2.0,0,10.22,0.0,4.0,0.0,0.0,4.0,1.0,25.0,0.0,0,0,0,1,0.0,False
0,0.0,0,0.0,0.0,0.0,0.0,0.0,0.0,0.0,0.0,0.0,0,1,0,0,0.0,False
25,3.0,1,50.88,2.0,1.0,4.0,0.0,,,,,1,0,0,0,0.04,False
0,0.0,0,0.0,0.0,0.0,0.0,0.0,0.0,0.0,0.0,0.0,0,0,0,1,0.0,False
18,14.0,10,44.67,21.0,136.0,1.0,0.0,44.0,17.0,39.0,1.0,0,0,0,1,0.5555555555555556,False
33,7.0,2,13.39,3.0,35.0,4.0,1.0,33.0,8.0,24.0,3.0,0,1,0,0,0.06060606060606061,False
0,0.0,0,0.0,0.0,0.0,0.0,0.0,,,,,1,0,0,0,0.0,False
0,,0,0.0,0.0,,,0.0,,,,,0,0,1,0,0.0,False
2,0.0,0,0.5,0.0,0.0,0.0,0.0,1.0,0.0,0.0,0.0,0,1,0,0,0.0,False
12,0.0,0,26.5,0.0,5.0,0.0,0.0,,,,,1,0,0,0,0.0,False
0,0.0,0,0.0,0.0,0.0,0.0,0.0,0.0,0.0,0.0,0.0,0,0,0,1,0.0,False
8,1.0,0,7.0,0.0,0.0,0.0,0.0,2.0,1.0,50.0,0.0,0,0,0,1,0.0,False
0,,0,0.0,0.0,,,0.0,,,,,0,0,1,0,0.0,False
0,0.0,0,0.0,0.0,0.0,0.0,0.0,0.0,0.0,0.0,0.0,0,1,0,0,0.0,False
0,0.0,0,0.0,0.0,0.0,0.0,0.0,0.0,0.0,0.0,0.0,0,0,0,1,0.0,False
0,0.0,0,0.0,0.0,0.0,0.0,0.0,0.0,0.0,0.0,0.0,0,0,0,1,0.0,False
0,,0,0.0,0.0,,,0.0,,,,,0,0,1,0,0.0,False
38,15.0,8,14.97,13.0,45.0,6.0,1.0,54.0,23.0,43.0,7.0,0,1,0,0,0.21052631578947367,False
9,3.0,1,18.56,1.0,1.0,0.0,0.0,10.0,4.0,40.0,0.0,0,1,0,0,0.1111111111111111,False
37,29.0,5,27.54,5.0,26.0,20.0,3.0,94.0,32.0,34.0,13.0,0,1,0,0,0.13513513513513514,False
0,0.0,0,0.0,0.0,0.0,0.0,0.0,0.0,0.0,0.0,0.0,0,0,0,1,0.0,False
27,2.0,0,49.59,0.0,1.0,1.0,0.0,,,,,1,0,0,0,0.0,False
0,0.0,0,0.0,0.0,0.0,0.0,0.0,0.0,0.0,0.0,0.0,0,1,0,0,0.0,False
0,0.0,0,0.0,0.0,0.0,0.0,0.0,0.0,0.0,0.0,0.0,0,1,0,0,0.0,False
4,0.0,0,35.25,0.0,0.0,2.0,0.0,,,,,1,0,0,0,0.0,False
33,7.0,3,30.7,5.0,154.0,3.0,0.0,,,,,1,0,0,0,0.09090909090909091,False
36,10.0,3,41.44,5.0,80.0,2.0,2.0,,,,,1,0,0,0,0.08333333333333333,False
21,11.0,3,18.29,4.0,9.0,3.0,0.0,41.0,20.0,49.0,3.0,0,1,0,0,0.14285714285714285,True
18,1.0,0,59.78,0.0,0.0,0.0,0.0,,,,,1,0,0,0,0.0,False
31,1.0,0,70.9,0.0,10.0,4.0,0.0,,,,,1,0,0,0,0.0,False
1,0.0,0,4.0,0.0,0.0,0.0,0.0,0.0,0.0,0.0,0.0,0,1,0,0,0.0,False
12,0.0,0,4.5,1.0,7.0,0.0,0.0,5.0,2.0,40.0,1.0,0,1,0,0,0.0,False
0,0.0,0,0.0,0.0,0.0,0.0,0.0,,,,,1,0,0,0,0.0,False
30,1.0,0,18.8,3.0,13.0,5.0,1.0,,,,,1,0,0,0,0.0,False
29,22.0,8,27.1,5.0,61.0,5.0,2.0,55.0,19.0,35.0,1.0,0,1,0,0,0.27586206896551724,False
26,8.0,2,31.88,2.0,6.0,2.0,0.0,22.0,6.0,27.0,1.0,0,0,0,1,0.07692307692307693,False
0,0.0,0,0.0,0.0,0.0,0.0,0.0,0.0,0.0,0.0,0.0,0,0,0,1,0.0,False
3,0.0,0,0.33,0.0,0.0,0.0,0.0,0.0,0.0,0.0,0.0,0,1,0,0,0.0,False
0,0.0,0,0.0,0.0,0.0,0.0,0.0,,,,,1,0,0,0,0.0,False
11,2.0,0,38.27,1.0,1.0,0.0,0.0,6.0,2.0,33.0,0.0,0,0,0,1,0.0,False
37,13.0,8,29.41,10.0,340.0,13.0,0.0,26.0,8.0,31.0,2.0,0,0,0,1,0.21621621621621623,False
35,20.0,5,56.37,10.0,115.0,0.0,1.0,48.0,17.0,35.0,3.0,0,0,0,1,0.14285714285714285,False
0,0.0,0,0.0,0.0,0.0,0.0,0.0,0.0,0.0,0.0,0.0,0,0,0,1,0.0,False
26,2.0,0,35.04,1.0,28.0,0.0,0.0,14.0,3.0,21.0,0.0,0,0,0,1,0.0,False
0,0.0,0,0.0,0.0,0.0,0.0,0.0,,,,,1,0,0,0,0.0,False
9,0.0,0,41.0,0.0,0.0,1.0,0.0,,,,,1,0,0,0,0.0,False
0,0.0,0,0.0,0.0,0.0,0.0,0.0,,,,,1,0,0,0,0.0,False
23,,0,22.0,0.0,,,0.0,,,,,0,0,1,0,0.0,False
0,0.0,0,0.0,0.0,0.0,0.0,0.0,0.0,0.0,0.0,0.0,0,1,0,0,0.0,False
0,0.0,0,0.0,0.0,0.0,0.0,0.0,,,,,1,0,0,0,0.0,False
5,0.0,0,4.4,0.0,0.0,0.0,0.0,,,,,1,0,0,0,0.0,False
33,10.0,1,97.33,1.0,7.0,1.0,1.0,,,,,1,0,0,0,0.030303030303030304,False
23,3.0,0,4.96,0.0,6.0,4.0,1.0,20.0,7.0,35.0,1.0,0,1,0,0,0.0,False
0,0.0,0,0.0,0.0,0.0,0.0,0.0,0.0,0.0,0.0,0.0,0,0,0,1,0.0,False
3,0.0,0,5.67,0.0,0.0,0.0,0.0,1.0,1.0,100.0,0.0,0,0,0,1,0.0,False
0,0.0,0,0.0,0.0,0.0,0.0,0.0,,,,,1,0,0,0,0.0,False
0,,0,0.0,0.0,,,0.0,,,,,0,0,1,0,0.0,False
0,0.0,0,0.0,0.0,0.0,0.0,0.0,0.0,0.0,0.0,0.0,0,1,0,0,0.0,False
0,0.0,0,0.0,0.0,0.0,0.0,0.0,0.0,0.0,0.0,0.0,0,0,0,1,0.0,False
33,,0,33.24,0.0,,,0.0,,,,,0,0,1,0,0.0,False
30,18.0,0,11.27,1.0,10.0,9.0,3.0,51.0,19.0,37.0,6.0,0,1,0,0,0.0,False
0,0.0,0,0.0,0.0,0.0,0.0,0.0,0.0,0.0,0.0,0.0,0,1,0,0,0.0,False
6,1.0,0,30.5,0.0,0.0,0.0,0.0,,,,,1,0,0,0,0.0,False
0,0.0,0,0.0,0.0,0.0,0.0,0.0,,,,,1,0,0,0,0.0,False
8,0.0,0,27.13,0.0,0.0,0.0,0.0,,,,,1,0,0,0,0.0,False
36,11.0,9,17.89,14.0,58.0,19.0,3.0,54.0,23.0,43.0,10.0,0,1,0,0,0.25,False
34,19.0,6,26.59,5.0,62.0,1.0,3.0,49.0,17.0,35.0,1.0,0,0,0,1,0.17647058823529413,False
0,0.0,0,0.0,0.0,0.0,0.0,0.0,0.0,0.0,0.0,0.0,0,1,0,0,0.0,False
36,5.0,2,39.83,2.0,49.0,1.0,1.0,,,,,1,0,0,0,0.05555555555555555,False
22,1.0,0,43.09,1.0,14.0,0.0,0.0,,,,,1,0,0,0,0.0,False
0,,0,0.0,0.0,,,0.0,,,,,0,0,1,0,0.0,False
34,,0,37.41,0.0,,,0.0,,,,,0,0,1,0,0.0,False
12,6.0,2,13.92,4.0,8.0,1.0,0.0,28.0,8.0,29.0,2.0,0,1,0,0,0.16666666666666666,False
29,4.0,0,45.0,2.0,4.0,0.0,1.0,10.0,3.0,30.0,0.0,0,0,0,1,0.0,False
22,5.0,2,34.27,3.0,43.0,1.0,0.0,13.0,4.0,31.0,0.0,0,0,0,1,0.09090909090909091,False
16,2.0,0,50.63,0.0,5.0,0.0,0.0,,,,,1,0,0,0,0.0,False
19,2.0,3,43.16,4.0,65.0,5.0,0.0,,,,,1,0,0,0,0.15789473684210525,False
23,0.0,1,35.91,1.0,0.0,0.0,0.0,,,,,1,0,0,0,0.043478260869565216,False
27,28.0,4,29.26,7.0,107.0,11.0,0.0,83.0,34.0,41.0,4.0,0,0,0,1,0.14814814814814814,True
10,,0,19.4,0.0,,,0.0,,,,,0,0,1,0,0.0,False
0,0.0,0,0.0,0.0,0.0,0.0,0.0,0.0,0.0,0.0,0.0,0,0,0,1,0.0,False
0,0.0,0,0.0,0.0,0.0,0.0,0.0,0.0,0.0,0.0,0.0,0,0,0,1,0.0,False
8,1.0,0,9.38,0.0,0.0,5.0,0.0,7.0,3.0,43.0,2.0,0,1,0,0,0.0,False
11,1.0,2,12.18,2.0,15.0,2.0,0.0,7.0,2.0,29.0,0.0,0,0,0,1,0.18181818181818182,False
0,0.0,0,0.0,0.0,0.0,0.0,0.0,,,,,1,0,0,0,0.0,False
5,1.0,0,4.6,0.0,3.0,0.0,0.0,2.0,0.0,0.0,0.0,0,0,0,1,0.0,False
19,12.0,0,10.74,1.0,3.0,2.0,0.0,26.0,11.0,42.0,4.0,0,1,0,0,0.0,False
0,0.0,0,0.0,0.0,0.0,0.0,0.0,,,,,1,0,0,0,0.0,False
7,2.0,0,30.43,0.0,0.0,0.0,1.0,,,,,1,0,0,0,0.0,False
27,4.0,0,11.11,1.0,1.0,5.0,2.0,33.0,20.0,61.0,4.0,0,1,0,0,0.0,False
28,12.0,2,64.11,5.0,45.0,4.0,3.0,47.0,16.0,34.0,6.0,0,0,0,1,0.07142857142857142,False
0,0.0,0,0.0,0.0,0.0,0.0,0.0,,,,,1,0,0,0,0.0,False
4,0.0,0,10.0,1.0,0.0,0.0,0.0,0.0,0.0,0.0,0.0,0,0,0,1,0.0,False
37,,1,39.08,0.0,,,0.0,,,,,0,0,1,0,0.02702702702702703,False
35,41.0,8,47.71,10.0,89.0,5.0,1.0,105.0,48.0,46.0,7.0,0,0,0,1,0.22857142857142856,True
30,,0,31.43,0.0,,,0.0,,,,,0,0,1,0,0.0,False
15,2.0,1,11.2,3.0,3.0,9.0,0.0,19.0,10.0,53.0,5.0,0,1,0,0,0.06666666666666667,False
0,0.0,0,0.0,0.0,0.0,0.0,0.0,,,,,1,0,0,0,0.0,False
0,0.0,0,0.0,0.0,0.0,0.0,0.0,0.0,0.0,0.0,0.0,0,0,0,1,0.0,False
15,0.0,0,13.33,1.0,8.0,1.0,0.0,7.0,3.0,43.0,0.0,0,0,0,1,0.0,False
4,1.0,1,8.25,1.0,0.0,0.0,0.0,1.0,0.0,0.0,0.0,0,0,0,1,0.25,False
0,,0,0.0,0.0,,,0.0,,,,,0,0,1,0,0.0,False
24,4.0,3,18.83,1.0,3.0,14.0,0.0,34.0,17.0,50.0,6.0,0,1,0,0,0.125,False
0,0.0,0,0.0,0.0,0.0,0.0,0.0,0.0,0.0,0.0,0.0,0,0,0,1,0.0,False
0,,0,0.0,0.0,,,0.0,,,,,0,0,1,0,0.0,False
0,0.0,0,0.0,0.0,0.0,0.0,0.0,,,,,1,0,0,0,0.0,False
0,0.0,0,0.0,0.0,0.0,0.0,0.0,0.0,0.0,0.0,0.0,0,0,0,1,0.0,False
0,0.0,0,0.0,0.0,0.0,0.0,0.0,0.0,0.0,0.0,0.0,0,0,0,1,0.0,False
0,0.0,0,0.0,0.0,0.0,0.0,0.0,0.0,0.0,0.0,0.0,0,0,0,1,0.0,False
0,0.0,0,0.0,0.0,0.0,0.0,0.0,0.0,0.0,0.0,0.0,0,0,0,1,0.0,False
0,0.0,0,0.0,0.0,0.0,0.0,0.0,,,,,1,0,0,0,0.0,False
0,0.0,0,0.0,0.0,0.0,0.0,0.0,,,,,1,0,0,0,0.0,False
0,0.0,0,0.0,0.0,0.0,0.0,0.0,0.0,0.0,0.0,0.0,0,0,0,1,0.0,False
0,0.0,0,0.0,0.0,0.0,0.0,0.0,0.0,0.0,0.0,0.0,0,0,0,1,0.0,False
0,0.0,0,0.0,0.0,0.0,0.0,0.0,,,,,1,0,0,0,0.0,False
27,16.0,5,18.15,6.0,9.0,16.0,2.0,55.0,19.0,35.0,7.0,0,1,0,0,0.18518518518518517,False
36,6.0,0,59.56,2.0,4.0,1.0,0.0,,,,,1,0,0,0,0.0,False
35,19.0,4,23.06,7.0,109.0,9.0,1.0,58.0,22.0,38.0,5.0,0,1,0,0,0.11428571428571428,False
35,17.0,5,15.29,5.0,21.0,8.0,0.0,66.0,24.0,36.0,6.0,0,1,0,0,0.14285714285714285,False
37,12.0,7,52.16,11.0,64.0,1.0,3.0,48.0,18.0,38.0,5.0,0,0,0,1,0.1891891891891892,False
0,0.0,0,0.0,0.0,0.0,0.0,0.0,0.0,0.0,0.0,0.0,0,1,0,0,0.0,False
36,40.0,4,23.17,6.0,58.0,15.0,0.0,100.0,28.0,28.0,7.0,0,1,0,0,0.1111111111111111,False
37,10.0,2,30.03,7.0,112.0,3.0,4.0,41.0,11.0,27.0,1.0,0,0,0,1,0.05405405405405406,False
0,,0,0.0,0.0,,,0.0,,,,,0,0,1,0,0.0,False
0,0.0,0,0.0,0.0,0.0,0.0,0.0,0.0,0.0,0.0,0.0,0,0,0,1,0.0,False
0,0.0,0,0.0,0.0,0.0,0.0,0.0,,,,,1,0,0,0,0.0,False
0,0.0,0,0.0,0.0,0.0,0.0,0.0,0.0,0.0,0.0,0.0,0,1,0,0,0.0,False
19,1.0,0,19.37,1.0,42.0,2.0,0.0,9.0,2.0,22.0,0.0,0,1,0,0,0.0,False
37,25.0,10,34.65,16.0,182.0,6.0,2.0,71.0,15.0,21.0,5.0,0,0,0,1,0.2702702702702703,False
0,0.0,0,0.0,0.0,0.0,0.0,0.0,0.0,0.0,0.0,0.0,0,0,0,1,0.0,False
11,0.0,0,13.09,0.0,11.0,1.0,1.0,4.0,1.0,25.0,1.0,0,1,0,0,0.0,False
0,0.0,0,0.0,0.0,0.0,0.0,0.0,0.0,0.0,0.0,0.0,0,1,0,0,0.0,False
11,1.0,0,11.18,0.0,1.0,0.0,0.0,,,,,1,0,0,0,0.0,False
11,0.0,0,11.64,0.0,49.0,0.0,0.0,,,,,1,0,0,0,0.0,False
0,,0,0.0,0.0,,,0.0,,,,,0,0,1,0,0.0,False
30,11.0,1,68.83,3.0,34.0,0.0,0.0,25.0,5.0,20.0,0.0,0,0,0,1,0.03333333333333333,False
15,5.0,0,22.8,0.0,21.0,2.0,0.0,,,,,1,0,0,0,0.0,False
0,0.0,0,0.0,0.0,0.0,0.0,0.0,0.0,0.0,0.0,0.0,0,1,0,0,0.0,False
0,0.0,0,0.0,0.0,0.0,0.0,0.0,0.0,0.0,0.0,0.0,0,0,0,1,0.0,False
32,5.0,1,35.91,2.0,39.0,0.0,0.0,,,,,1,0,0,0,0.03125,False
0,0.0,0,0.0,0.0,0.0,0.0,0.0,0.0,0.0,0.0,0.0,0,1,0,0,0.0,False
1,0.0,0,6.0,0.0,0.0,0.0,0.0,0.0,0.0,0.0,0.0,0,1,0,0,0.0,False
0,0.0,0,0.0,0.0,0.0,0.0,0.0,,,,,1,0,0,0,0.0,False
0,,0,0.0,0.0,,,0.0,,,,,0,0,1,0,0.0,False
0,0.0,0,0.0,0.0,0.0,0.0,0.0,0.0,0.0,0.0,0.0,0,1,0,0,0.0,False
1,0.0,0,0.0,0.0,0.0,0.0,0.0,0.0,0.0,0.0,0.0,0,0,0,1,0.0,False
0,,0,0.0,0.0,,,0.0,,,,,0,0,1,0,0.0,False
26,7.0,0,18.96,1.0,4.0,0.0,1.0,23.0,8.0,35.0,1.0,0,0,0,1,0.0,False
0,0.0,0,0.0,0.0,0.0,0.0,0.0,0.0,0.0,0.0,0.0,0,1,0,0,0.0,False
9,,0,30.11,0.0,,,0.0,,,,,0,0,1,0,0.0,False
20,12.0,1,27.6,3.0,16.0,2.0,0.0,22.0,5.0,23.0,0.0,0,0,0,1,0.05,False
0,0.0,0,0.0,0.0,0.0,0.0,0.0,,,,,1,0,0,0,0.0,False
0,0.0,0,0.0,0.0,0.0,0.0,0.0,,,,,1,0,0,0,0.0,False
0,0.0,0,0.0,0.0,0.0,0.0,0.0,0.0,0.0,0.0,0.0,0,0,0,1,0.0,False
36,20.0,10,81.31,11.0,238.0,3.0,1.0,55.0,20.0,36.0,9.0,0,0,0,1,0.2777777777777778,False
0,,0,0.0,0.0,,,0.0,,,,,0,0,1,0,0.0,False
26,3.0,3,17.88,5.0,70.0,2.0,1.0,15.0,6.0,40.0,3.0,0,0,0,1,0.11538461538461539,False
25,1.0,1,51.96,1.0,3.0,0.0,0.0,,,,,1,0,0,0,0.04,False
25,11.0,0,35.2,1.0,11.0,0.0,0.0,26.0,7.0,27.0,0.0,0,0,0,1,0.0,False
0,0.0,0,0.0,0.0,0.0,0.0,0.0,0.0,0.0,0.0,0.0,0,0,0,1,0.0,False
0,,0,0.0,0.0,,,0.0,,,,,0,0,1,0,0.0,False
0,0.0,0,0.0,0.0,0.0,0.0,0.0,0.0,0.0,0.0,0.0,0,0,0,1,0.0,False
27,2.0,6,45.11,8.0,64.0,6.0,0.0,,,,,1,0,0,0,0.2222222222222222,False
28,6.0,1,61.86,2.0,33.0,2.0,0.0,,,,,1,0,0,0,0.03571428571428571,False
31,23.0,5,12.29,6.0,5.0,6.0,2.0,121.0,59.0,49.0,34.0,0,1,0,0,0.16129032258064516,True
0,0.0,0,0.0,0.0,0.0,0.0,0.0,,,,,1,0,0,0,0.0,False
2,0.0,0,1.0,0.0,0.0,0.0,0.0,0.0,0.0,0.0,0.0,0,1,0,0,0.0,False
18,6.0,0,26.0,0.0,23.0,0.0,0.0,,,,,1,0,0,0,0.0,False
36,15.0,6,27.28,10.0,115.0,6.0,0.0,49.0,15.0,31.0,1.0,0,0,0,1,0.16666666666666666,False
0,0.0,0,0.0,0.0,0.0,0.0,0.0,0.0,0.0,0.0,0.0,0,0,0,1,0.0,False
0,0.0,0,0.0,0.0,0.0,0.0,0.0,0.0,0.0,0.0,0.0,0,0,0,1,0.0,False
0,0.0,0,0.0,0.0,0.0,0.0,0.0,0.0,0.0,0.0,0.0,0,0,0,1,0.0,False
0,0.0,0,0.0,0.0,0.0,0.0,0.0,0.0,0.0,0.0,0.0,0,0,0,1,0.0,False
1,0.0,0,14.0,0.0,0.0,0.0,0.0,1.0,1.0,100.0,1.0,0,0,0,1,0.0,False
0,0.0,0,0.0,0.0,0.0,0.0,0.0,0.0,0.0,0.0,0.0,0,0,0,1,0.0,False
0,0.0,0,0.0,0.0,0.0,0.0,0.0,,,,,1,0,0,0,0.0,False
10,1.0,0,25.4,1.0,9.0,0.0,0.0,,,,,1,0,0,0,0.0,False
0,0.0,0,0.0,0.0,0.0,0.0,0.0,,,,,1,0,0,0,0.0,False
37,18.0,7,25.19,8.0,12.0,15.0,1.0,69.0,28.0,41.0,13.0,0,0,0,1,0.1891891891891892,True
0,0.0,0,0.0,0.0,0.0,0.0,0.0,0.0,0.0,0.0,0.0,0,0,0,1,0.0,False
0,,0,0.0,0.0,,,0.0,,,,,0,0,1,0,0.0,False
0,0.0,0,0.0,0.0,0.0,0.0,0.0,,,,,1,0,0,0,0.0,False
0,,0,0.0,0.0,,,0.0,,,,,0,0,1,0,0.0,False
0,,0,0.0,0.0,,,0.0,,,,,0,0,1,0,0.0,False
18,,0,23.89,0.0,,,0.0,,,,,0,0,1,0,0.0,False
0,0.0,0,0.0,0.0,0.0,0.0,0.0,0.0,0.0,0.0,0.0,0,0,0,1,0.0,False
0,,0,0.0,0.0,,,0.0,,,,,0,0,1,0,0.0,False
5,0.0,1,31.2,2.0,11.0,2.0,0.0,,,,,1,0,0,0,0.2,False
0,0.0,0,0.0,0.0,0.0,0.0,0.0,0.0,0.0,0.0,0.0,0,0,0,1,0.0,False
0,0.0,0,0.0,0.0,0.0,0.0,0.0,0.0,0.0,0.0,0.0,0,0,0,1,0.0,False
0,0.0,0,0.0,0.0,0.0,0.0,0.0,0.0,0.0,0.0,0.0,0,0,0,1,0.0,False
9,2.0,0,28.0,0.0,5.0,0.0,0.0,,,,,1,0,0,0,0.0,False
5,0.0,0,6.8,0.0,0.0,0.0,0.0,,,,,1,0,0,0,0.0,False
0,,0,0.0,0.0,,,0.0,,,,,0,0,1,0,0.0,False
0,0.0,0,0.0,0.0,0.0,0.0,0.0,0.0,0.0,0.0,0.0,0,0,0,1,0.0,False
12,1.0,0,36.25,1.0,10.0,1.0,1.0,14.0,8.0,57.0,3.0,0,0,0,1,0.0,False
0,0.0,0,0.0,0.0,0.0,0.0,0.0,0.0,0.0,0.0,0.0,0,0,0,1,0.0,False
0,0.0,0,0.0,0.0,0.0,0.0,0.0,,,,,1,0,0,0,0.0,False
0,0.0,0,0.0,0.0,0.0,0.0,0.0,,,,,1,0,0,0,0.0,False
10,1.0,0,16.5,1.0,7.0,0.0,1.0,,,,,1,0,0,0,0.0,False
0,0.0,0,0.0,0.0,0.0,0.0,0.0,0.0,0.0,0.0,0.0,0,1,0,0,0.0,False
0,0.0,0,0.0,0.0,0.0,0.0,0.0,,,,,1,0,0,0,0.0,False
0,,0,0.0,0.0,,,0.0,,,,,0,0,1,0,0.0,False
0,0.0,0,0.0,0.0,0.0,0.0,0.0,,,,,1,0,0,0,0.0,False
29,8.0,1,22.31,4.0,74.0,9.0,2.0,38.0,20.0,53.0,2.0,0,1,0,0,0.034482758620689655,False
30,2.0,1,28.17,2.0,30.0,1.0,0.0,8.0,3.0,38.0,0.0,0,0,0,1,0.03333333333333333,False
0,0.0,0,0.0,0.0,0.0,0.0,0.0,0.0,0.0,0.0,0.0,0,1,0,0,0.0,False
22,4.0,0,15.0,2.0,29.0,1.0,0.0,,,,,1,0,0,0,0.0,False
0,0.0,0,0.0,0.0,0.0,0.0,0.0,,,,,1,0,0,0,0.0,False
0,0.0,0,0.0,0.0,0.0,0.0,0.0,0.0,0.0,0.0,0.0,0,0,0,1,0.0,False
0,0.0,0,0.0,0.0,0.0,0.0,0.0,0.0,0.0,0.0,0.0,0,0,0,1,0.0,False
0,0.0,0,0.0,0.0,0.0,0.0,0.0,0.0,0.0,0.0,0.0,0,0,0,1,0.0,False
29,10.0,3,18.28,4.0,11.0,15.0,2.0,45.0,18.0,40.0,8.0,0,1,0,0,0.10344827586206896,True
0,0.0,0,0.0,0.0,0.0,0.0,0.0,0.0,0.0,0.0,0.0,0,1,0,0,0.0,False
36,8.0,0,38.42,3.0,14.0,0.0,1.0,19.0,6.0,32.0,0.0,0,0,0,1,0.0,False
30,5.0,2,13.03,0.0,6.0,15.0,0.0,38.0,21.0,55.0,13.0,0,1,0,0,0.06666666666666667,True
0,0.0,0,0.0,0.0,0.0,0.0,0.0,0.0,0.0,0.0,0.0,0,0,0,1,0.0,False
24,2.0,0,59.04,1.0,1.0,0.0,0.0,,,,,1,0,0,0,0.0,False
0,0.0,0,0.0,0.0,0.0,0.0,0.0,,,,,1,0,0,0,0.0,False
20,5.0,0,5.25,0.0,1.0,1.0,1.0,12.0,4.0,33.0,1.0,0,1,0,0,0.0,False
9,0.0,0,6.11,0.0,0.0,0.0,0.0,0.0,0.0,0.0,0.0,0,0,0,1,0.0,False
0,0.0,0,0.0,0.0,0.0,0.0,0.0,0.0,0.0,0.0,0.0,0,0,0,1,0.0,False
30,14.0,2,15.8,5.0,10.0,17.0,2.0,78.0,43.0,55.0,21.0,0,1,0,0,0.06666666666666667,True
0,,0,0.0,0.0,,,0.0,,,,,0,0,1,0,0.0,False
0,0.0,0,0.0,0.0,0.0,0.0,0.0,0.0,0.0,0.0,0.0,0,1,0,0,0.0,False
32,18.0,2,31.63,5.0,70.0,8.0,1.0,55.0,20.0,36.0,2.0,0,1,0,0,0.0625,False
0,0.0,0,0.0,0.0,0.0,0.0,0.0,,,,,1,0,0,0,0.0,False
21,9.0,7,20.05,10.0,77.0,1.0,0.0,30.0,10.0,33.0,3.0,0,0,0,1,0.3333333333333333,False
10,2.0,2,26.7,7.0,28.0,2.0,0.0,,,,,1,0,0,0,0.2,False
0,0.0,0,0.0,0.0,0.0,0.0,0.0,0.0,0.0,0.0,0.0,0,0,0,1,0.0,False
38,8.0,3,34.37,5.0,59.0,3.0,1.0,21.0,7.0,33.0,2.0,0,0,0,1,0.07894736842105263,False
0,0.0,0,0.0,0.0,0.0,0.0,0.0,,,,,1,0,0,0,0.0,False
0,,0,0.0,0.0,,,0.0,,,,,0,0,1,0,0.0,False
1,0.0,0,3.0,0.0,0.0,0.0,0.0,0.0,0.0,0.0,0.0,0,1,0,0,0.0,False
32,3.0,3,30.38,9.0,113.0,2.0,0.0,14.0,7.0,50.0,0.0,0,0,0,1,0.09375,False
24,10.0,0,15.54,3.0,7.0,12.0,2.0,41.0,17.0,41.0,4.0,0,1,0,0,0.0,False
0,0.0,0,0.0,0.0,0.0,0.0,0.0,,,,,1,0,0,0,0.0,False
0,0.0,0,0.0,0.0,0.0,0.0,0.0,0.0,0.0,0.0,0.0,0,1,0,0,0.0,False
34,11.0,1,36.38,2.0,25.0,1.0,2.0,26.0,8.0,31.0,1.0,0,0,0,1,0.029411764705882353,False
0,0.0,0,0.0,0.0,0.0,0.0,0.0,0.0,0.0,0.0,0.0,0,0,0,1,0.0,False
33,12.0,1,40.03,1.0,5.0,2.0,1.0,45.0,14.0,31.0,4.0,0,0,0,1,0.030303030303030304,False
31,30.0,3,24.97,9.0,29.0,11.0,1.0,75.0,26.0,35.0,9.0,0,1,0,0,0.0967741935483871,False
0,,0,0.0,0.0,,,0.0,,,,,0,0,1,0,0.0,False
20,4.0,1,30.8,5.0,2.0,0.0,1.0,19.0,9.0,47.0,3.0,0,1,0,0,0.05,False
0,0.0,0,0.0,0.0,0.0,0.0,0.0,,,,,1,0,0,0,0.0,False
2,0.0,0,17.0,0.0,0.0,0.0,0.0,,,,,1,0,0,0,0.0,False
20,,0,26.6,0.0,,,0.0,,,,,0,0,1,0,0.0,False
23,7.0,1,32.61,0.0,4.0,5.0,0.0,19.0,6.0,32.0,1.0,0,0,0,1,0.043478260869565216,False
1,0.0,0,0.0,0.0,0.0,0.0,0.0,,,,,1,0,0,0,0.0,False
24,2.0,2,32.21,2.0,3.0,0.0,0.0,4.0,0.0,0.0,0.0,0,0,0,1,0.08333333333333333,False
35,,1,25.83,0.0,,,0.0,,,,,0,0,1,0,0.02857142857142857,False
0,0.0,0,0.0,0.0,0.0,0.0,0.0,,,,,1,0,0,0,0.0,False
24,2.0,2,22.5,5.0,66.0,2.0,0.0,,,,,1,0,0,0,0.08333333333333333,False
11,0.0,0,5.36,2.0,1.0,2.0,0.0,4.0,2.0,50.0,1.0,0,1,0,0,0.0,False
20,1.0,1,51.2,1.0,2.0,0.0,0.0,5.0,1.0,20.0,0.0,0,0,0,1,0.05,False
8,0.0,0,23.88,0.0,0.0,0.0,0.0,,,,,1,0,0,0,0.0,False
38,,0,34.47,0.0,,,0.0,,,,,0,0,1,0,0.0,False
0,0.0,0,0.0,0.0,0.0,0.0,0.0,0.0,0.0,0.0,0.0,0,1,0,0,0.0,False
0,0.0,0,0.0,0.0,0.0,0.0,0.0,0.0,0.0,0.0,0.0,0,0,0,1,0.0,False
0,0.0,0,0.0,0.0,0.0,0.0,0.0,,,,,1,0,0,0,0.0,False
1,,0,31.0,0.0,,,0.0,,,,,0,0,1,0,0.0,False
0,0.0,0,0.0,0.0,0.0,0.0,0.0,,,,,1,0,0,0,0.0,False
0,0.0,0,0.0,0.0,0.0,0.0,0.0,0.0,0.0,0.0,0.0,0,0,0,1,0.0,False
9,1.0,0,24.44,0.0,0.0,0.0,1.0,,,,,1,0,0,0,0.0,False
0,0.0,0,0.0,0.0,0.0,0.0,0.0,0.0,0.0,0.0,0.0,0,0,0,1,0.0,False
0,,0,0.0,0.0,,,0.0,,,,,0,0,1,0,0.0,False
4,0.0,0,1.75,0.0,0.0,0.0,0.0,,,,,1,0,0,0,0.0,False
0,0.0,0,0.0,0.0,0.0,0.0,0.0,0.0,0.0,0.0,0.0,0,0,0,1,0.0,False
10,,0,38.7,0.0,,,0.0,,,,,0,0,1,0,0.0,False
23,0.0,1,33.57,2.0,21.0,0.0,0.0,,,,,1,0,0,0,0.043478260869565216,False
2,1.0,0,3.5,0.0,0.0,0.0,0.0,1.0,0.0,0.0,0.0,0,0,0,1,0.0,False
0,,0,0.0,0.0,,,0.0,,,,,0,0,1,0,0.0,False
28,5.0,1,22.39,3.0,55.0,1.0,1.0,,,,,1,0,0,0,0.03571428571428571,False
3,0.0,0,0.0,0.0,0.0,0.0,0.0,,,,,1,0,0,0,0.0,False
0,0.0,0,0.0,0.0,0.0,0.0,0.0,,,,,1,0,0,0,0.0,False
0,0.0,0,0.0,0.0,0.0,0.0,0.0,0.0,0.0,0.0,0.0,0,0,0,1,0.0,False
0,0.0,0,0.0,0.0,0.0,0.0,0.0,0.0,0.0,0.0,0.0,0,0,0,1,0.0,False
38,2.0,0,60.16,4.0,6.0,2.0,0.0,,,,,1,0,0,0,0.0,False
0,0.0,0,0.0,0.0,0.0,0.0,0.0,,,,,1,0,0,0,0.0,False
0,0.0,0,0.0,0.0,0.0,0.0,0.0,0.0,0.0,0.0,0.0,0,0,0,1,0.0,False
0,0.0,0,0.0,0.0,0.0,0.0,0.0,,,,,1,0,0,0,0.0,False
20,2.0,3,27.2,1.0,12.0,0.0,0.0,,,,,1,0,0,0,0.15,False
32,22.0,1,11.91,1.0,29.0,5.0,1.0,56.0,20.0,36.0,7.0,0,1,0,0,0.03125,False
0,0.0,0,0.0,0.0,0.0,0.0,0.0,0.0,0.0,0.0,0.0,0,1,0,0,0.0,False
0,,0,0.0,0.0,,,0.0,,,,,0,0,1,0,0.0,False
0,0.0,0,0.0,0.0,0.0,0.0,0.0,0.0,0.0,0.0,0.0,0,1,0,0,0.0,False
15,6.0,1,16.4,2.0,23.0,8.0,1.0,23.0,5.0,22.0,3.0,0,1,0,0,0.06666666666666667,False
0,0.0,0,0.0,0.0,0.0,0.0,0.0,0.0,0.0,0.0,0.0,0,0,0,1,0.0,False
22,1.0,0,65.86,1.0,1.0,0.0,0.0,,,,,1,0,0,0,0.0,False
0,0.0,0,0.0,0.0,0.0,0.0,0.0,,,,,1,0,0,0,0.0,False
35,5.0,0,55.8,1.0,17.0,0.0,0.0,,,,,1,0,0,0,0.0,False
0,0.0,0,0.0,0.0,0.0,0.0,0.0,,,,,1,0,0,0,0.0,False
0,0.0,0,0.0,0.0,0.0,0.0,0.0,0.0,0.0,0.0,0.0,0,1,0,0,0.0,False
12,0.0,0,6.08,0.0,0.0,0.0,0.0,5.0,1.0,20.0,1.0,0,0,0,1,0.0,False
30,11.0,0,50.77,3.0,0.0,0.0,0.0,22.0,5.0,23.0,1.0,0,0,0,1,0.0,False
0,,0,0.0,0.0,,,0.0,,,,,0,0,1,0,0.0,False
0,0.0,0,0.0,0.0,0.0,0.0,0.0,0.0,0.0,0.0,0.0,0,0,0,1,0.0,False
17,2.0,0,29.94,2.0,17.0,0.0,1.0,,,,,1,0,0,0,0.0,False
0,,0,0.0,0.0,,,0.0,,,,,0,0,1,0,0.0,False
33,24.0,6,23.42,5.0,94.0,16.0,2.0,67.0,17.0,25.0,4.0,0,0,0,1,0.18181818181818182,False
36,26.0,3,31.44,14.0,89.0,10.0,1.0,57.0,24.0,42.0,4.0,0,0,0,1,0.08333333333333333,False
0,0.0,0,0.0,0.0,0.0,0.0,0.0,0.0,0.0,0.0,0.0,0,1,0,0,0.0,False
0,0.0,0,0.0,0.0,0.0,0.0,0.0,,,,,1,0,0,0,0.0,False
0,0.0,0,0.0,0.0,0.0,0.0,0.0,,,,,1,0,0,0,0.0,False
25,3.0,1,19.96,2.0,7.0,2.0,0.0,11.0,2.0,18.0,0.0,0,0,0,1,0.04,False
19,4.0,3,19.53,1.0,31.0,3.0,0.0,,,,,1,0,0,0,0.15789473684210525,False
0,0.0,0,0.0,0.0,0.0,0.0,0.0,0.0,0.0,0.0,0.0,0,1,0,0,0.0,False
0,0.0,0,0.0,0.0,0.0,0.0,0.0,0.0,0.0,0.0,0.0,0,0,0,1,0.0,False
1,0.0,0,11.0,0.0,0.0,0.0,0.0,,,,,1,0,0,0,0.0,False
11,2.0,0,15.0,1.0,6.0,1.0,0.0,,,,,1,0,0,0,0.0,False
0,0.0,0,0.0,0.0,0.0,0.0,0.0,,,,,1,0,0,0,0.0,False
16,1.0,0,48.06,0.0,1.0,1.0,0.0,,,,,1,0,0,0,0.0,False
1,0.0,0,27.0,0.0,0.0,0.0,0.0,0.0,0.0,0.0,0.0,0,0,0,1,0.0,False
0,0.0,0,0.0,0.0,0.0,0.0,0.0,,,,,1,0,0,0,0.0,False
14,3.0,1,65.0,1.0,3.0,0.0,0.0,,,,,1,0,0,0,0.07142857142857142,False
38,,0,37.0,0.0,,,0.0,,,,,0,0,1,0,0.0,False
0,0.0,0,0.0,0.0,0.0,0.0,0.0,0.0,0.0,0.0,0.0,0,0,0,1,0.0,False
28,5.0,1,43.75,3.0,14.0,4.0,3.0,34.0,9.0,26.0,2.0,0,0,0,1,0.03571428571428571,False
0,0.0,0,0.0,0.0,0.0,0.0,0.0,0.0,0.0,0.0,0.0,0,0,0,1,0.0,False
17,7.0,3,30.82,3.0,11.0,2.0,0.0,13.0,3.0,23.0,1.0,0,0,0,1,0.17647058823529413,False
30,10.0,1,11.93,3.0,50.0,3.0,2.0,43.0,22.0,51.0,12.0,0,1,0,0,0.03333333333333333,False
0,0.0,0,0.0,0.0,0.0,0.0,0.0,0.0,0.0,0.0,0.0,0,0,0,1,0.0,False
19,0.0,1,46.11,0.0,1.0,3.0,0.0,,,,,1,0,0,0,0.05263157894736842,False
0,0.0,0,0.0,0.0,0.0,0.0,0.0,0.0,0.0,0.0,0.0,0,0,0,1,0.0,False
11,0.0,1,40.18,0.0,2.0,0.0,0.0,,,,,1,0,0,0,0.09090909090909091,False
26,2.0,0,25.96,1.0,26.0,1.0,0.0,,,,,1,0,0,0,0.0,False
0,,0,0.0,0.0,,,0.0,,,,,0,0,1,0,0.0,False
22,4.0,2,21.95,1.0,13.0,1.0,1.0,13.0,6.0,46.0,0.0,0,0,0,1,0.09090909090909091,False
14,1.0,1,29.86,1.0,1.0,0.0,0.0,,,,,1,0,0,0,0.07142857142857142,False
0,0.0,0,0.0,0.0,0.0,0.0,0.0,0.0,0.0,0.0,0.0,0,0,0,1,0.0,False
0,,0,0.0,0.0,,,0.0,,,,,0,0,1,0,0.0,False
35,14.0,2,34.54,5.0,25.0,2.0,0.0,41.0,15.0,37.0,7.0,0,0,0,1,0.05714285714285714,False
0,0.0,0,0.0,0.0,0.0,0.0,0.0,0.0,0.0,0.0,0.0,0,1,0,0,0.0,False
0,0.0,0,0.0,0.0,0.0,0.0,0.0,0.0,0.0,0.0,0.0,0,1,0,0,0.0,False
31,5.0,6,45.52,12.0,35.0,5.0,2.0,42.0,11.0,26.0,3.0,0,0,0,1,0.1935483870967742,False
0,0.0,0,0.0,0.0,0.0,0.0,0.0,,,,,1,0,0,0,0.0,False
0,0.0,0,0.0,0.0,0.0,0.0,0.0,0.0,0.0,0.0,0.0,0,1,0,0,0.0,False
0,0.0,0,0.0,0.0,0.0,0.0,0.0,0.0,0.0,0.0,0.0,0,0,0,1,0.0,False
24,5.0,0,20.38,0.0,4.0,0.0,0.0,13.0,3.0,23.0,2.0,0,0,0,1,0.0,False
0,0.0,0,0.0,0.0,0.0,0.0,0.0,0.0,0.0,0.0,0.0,0,1,0,0,0.0,False
12,3.0,0,9.92,0.0,8.0,0.0,1.0,,,,,1,0,0,0,0.0,False
33,19.0,5,58.39,3.0,32.0,0.0,1.0,44.0,9.0,20.0,2.0,0,0,0,1,0.15151515151515152,False
0,,0,0.0,0.0,,,0.0,,,,,0,0,1,0,0.0,False
28,19.0,9,48.07,11.0,133.0,2.0,0.0,58.0,23.0,40.0,4.0,0,0,0,1,0.32142857142857145,False
23,10.0,2,19.74,2.0,22.0,3.0,1.0,32.0,13.0,41.0,0.0,0,1,0,0,0.08695652173913043,False
0,0.0,0,0.0,0.0,0.0,0.0,0.0,0.0,0.0,0.0,0.0,0,0,0,1,0.0,False
22,5.0,2,49.82,2.0,3.0,6.0,0.0,,,,,1,0,0,0,0.09090909090909091,False
0,0.0,0,0.0,0.0,0.0,0.0,0.0,0.0,0.0,0.0,0.0,0,1,0,0,0.0,False
24,3.0,1,35.92,0.0,6.0,0.0,0.0,11.0,5.0,45.0,0.0,0,0,0,1,0.041666666666666664,False
0,0.0,0,0.0,0.0,0.0,0.0,0.0,0.0,0.0,0.0,0.0,0,0,0,1,0.0,False
0,0.0,0,0.0,0.0,0.0,0.0,0.0,,,,,1,0,0,0,0.0,False
20,1.0,0,32.1,0.0,2.0,0.0,0.0,10.0,1.0,10.0,1.0,0,0,0,1,0.0,False
0,0.0,0,0.0,0.0,0.0,0.0,0.0,,,,,1,0,0,0,0.0,False
8,0.0,0,5.88,0.0,9.0,0.0,0.0,4.0,2.0,50.0,0.0,0,1,0,0,0.0,False
0,,0,0.0,0.0,,,0.0,,,,,0,0,1,0,0.0,False
7,6.0,1,31.57,2.0,21.0,7.0,0.0,14.0,6.0,43.0,1.0,0,0,0,1,0.14285714285714285,False
0,0.0,0,0.0,0.0,0.0,0.0,0.0,0.0,0.0,0.0,0.0,0,0,0,1,0.0,False
35,14.0,1,41.11,3.0,15.0,8.0,1.0,48.0,18.0,38.0,4.0,0,0,0,1,0.02857142857142857,False
0,0.0,0,0.0,0.0,0.0,0.0,0.0,,,,,1,0,0,0,0.0,False
0,0.0,0,0.0,0.0,0.0,0.0,0.0,0.0,0.0,0.0,0.0,0,1,0,0,0.0,False
0,,0,0.0,0.0,,,0.0,,,,,0,0,1,0,0.0,False
0,0.0,0,0.0,0.0,0.0,0.0,0.0,0.0,0.0,0.0,0.0,0,1,0,0,0.0,False
0,0.0,0,0.0,0.0,0.0,0.0,0.0,0.0,0.0,0.0,0.0,0,1,0,0,0.0,False
13,1.0,0,10.54,0.0,0.0,3.0,0.0,6.0,4.0,67.0,0.0,0,1,0,0,0.0,False
3,0.0,0,3.0,0.0,2.0,0.0,0.0,,,,,0,0,0,1,0.0,False
0,0.0,0,0.0,0.0,0.0,0.0,0.0,,,,,1,0,0,0,0.0,False
0,0.0,0,0.0,0.0,0.0,0.0,0.0,0.0,0.0,0.0,0.0,0,1,0,0,0.0,False
35,7.0,5,11.8,5.0,20.0,24.0,0.0,46.0,29.0,63.0,7.0,0,1,0,0,0.14285714285714285,True
32,15.0,7,24.56,7.0,24.0,4.0,3.0,73.0,38.0,52.0,6.0,0,1,0,0,0.21875,True
10,2.0,1,6.5,1.0,14.0,2.0,0.0,8.0,2.0,25.0,0.0,0,1,0,0,0.1,False
19,2.0,2,27.47,2.0,22.0,5.0,1.0,10.0,4.0,40.0,2.0,0,0,0,1,0.10526315789473684,False
0,0.0,0,0.0,0.0,0.0,0.0,0.0,0.0,0.0,0.0,0.0,0,1,0,0,0.0,False
10,1.0,0,56.3,0.0,0.0,1.0,0.0,,,,,1,0,0,0,0.0,False
1,0.0,0,0.0,0.0,0.0,0.0,0.0,0.0,0.0,0.0,0.0,0,1,0,0,0.0,False
0,0.0,0,0.0,0.0,0.0,0.0,0.0,0.0,0.0,0.0,0.0,0,0,0,1,0.0,False
1,,0,5.0,0.0,,,0.0,,,,,0,0,1,0,0.0,False
0,0.0,0,0.0,0.0,0.0,0.0,0.0,0.0,0.0,0.0,0.0,0,0,0,1,0.0,False
31,12.0,3,12.84,5.0,8.0,6.0,1.0,42.0,20.0,48.0,7.0,0,1,0,0,0.0967741935483871,False
0,0.0,0,0.0,0.0,0.0,0.0,0.0,0.0,0.0,0.0,0.0,0,0,0,1,0.0,False
19,1.0,0,33.0,0.0,1.0,0.0,0.0,,,,,1,0,0,0,0.0,False
0,0.0,0,0.0,0.0,0.0,0.0,0.0,0.0,0.0,0.0,0.0,0,1,0,0,0.0,False
0,0.0,0,0.0,0.0,0.0,0.0,0.0,,,,,1,0,0,0,0.0,False
0,0.0,0,0.0,0.0,0.0,0.0,0.0,,,,,1,0,0,0,0.0,False
25,11.0,6,26.0,6.0,92.0,3.0,3.0,53.0,20.0,38.0,9.0,0,0,0,1,0.24,False
0,0.0,0,0.0,0.0,0.0,0.0,0.0,0.0,0.0,0.0,0.0,0,0,0,1,0.0,False
0,0.0,0,0.0,0.0,0.0,0.0,0.0,0.0,0.0,0.0,0.0,0,0,0,1,0.0,False
0,0.0,0,0.0,0.0,0.0,0.0,0.0,0.0,0.0,0.0,0.0,0,1,0,0,0.0,False
21,6.0,3,18.95,3.0,5.0,4.0,2.0,33.0,17.0,52.0,7.0,0,1,0,0,0.14285714285714285,False
3,0.0,0,2.0,0.0,0.0,0.0,0.0,0.0,0.0,0.0,0.0,0,0,0,1,0.0,False
0,0.0,0,0.0,0.0,0.0,0.0,0.0,0.0,0.0,0.0,0.0,0,0,0,1,0.0,False
0,0.0,0,0.0,0.0,0.0,0.0,0.0,0.0,0.0,0.0,0.0,0,0,0,1,0.0,False
0,0.0,0,0.0,0.0,0.0,0.0,0.0,0.0,0.0,0.0,0.0,0,1,0,0,0.0,False
0,,0,0.0,0.0,,,0.0,,,,,0,0,1,0,0.0,False
35,11.0,4,32.63,10.0,74.0,2.0,0.0,40.0,16.0,40.0,3.0,0,0,0,1,0.11428571428571428,False
0,,0,0.0,0.0,,,0.0,,,,,0,0,1,0,0.0,False
0,0.0,0,0.0,0.0,0.0,0.0,0.0,,,,,1,0,0,0,0.0,False
35,20.0,6,28.6,17.0,229.0,4.0,3.0,57.0,15.0,26.0,3.0,0,1,0,0,0.17142857142857143,False
0,0.0,0,0.0,0.0,0.0,0.0,0.0,0.0,0.0,0.0,0.0,0,1,0,0,0.0,False
32,11.0,1,20.09,2.0,4.0,6.0,0.0,44.0,19.0,43.0,6.0,0,0,0,1,0.03125,False
16,4.0,0,37.81,0.0,5.0,1.0,0.0,,,,,1,0,0,0,0.0,False
5,0.0,0,7.4,0.0,1.0,1.0,0.0,1.0,1.0,100.0,0.0,0,0,0,1,0.0,False
0,,0,0.0,0.0,,,0.0,,,,,0,0,1,0,0.0,False
30,0.0,0,30.83,0.0,2.0,1.0,0.0,,,,,1,0,0,0,0.0,False
10,0.0,1,35.4,1.0,1.0,0.0,0.0,,,,,1,0,0,0,0.1,False
0,,0,0.0,0.0,,,0.0,,,,,0,0,1,0,0.0,False
0,0.0,0,0.0,0.0,0.0,0.0,0.0,0.0,0.0,0.0,0.0,0,0,0,1,0.0,False
0,0.0,0,0.0,0.0,0.0,0.0,0.0,0.0,0.0,0.0,0.0,0,1,0,0,0.0,False
0,0.0,0,0.0,0.0,0.0,0.0,0.0,0.0,0.0,0.0,0.0,0,0,0,1,0.0,False
0,0.0,0,0.0,0.0,0.0,0.0,0.0,0.0,0.0,0.0,0.0,0,0,0,1,0.0,False
15,2.0,2,33.33,2.0,29.0,3.0,1.0,5.0,1.0,20.0,0.0,0,0,0,1,0.13333333333333333,False
0,0.0,0,0.0,0.0,0.0,0.0,0.0,,,,,1,0,0,0,0.0,False
1,1.0,0,5.0,0.0,0.0,0.0,0.0,,,,,1,0,0,0,0.0,False
0,0.0,0,0.0,0.0,0.0,0.0,0.0,0.0,0.0,0.0,0.0,0,1,0,0,0.0,False
37,4.0,3,32.57,5.0,69.0,1.0,0.0,,,,,1,0,0,0,0.08108108108108109,False
19,8.0,4,31.42,6.0,44.0,7.0,0.0,34.0,15.0,44.0,6.0,0,0,0,1,0.21052631578947367,False
1,1.0,0,8.0,0.0,0.0,0.0,0.0,2.0,1.0,50.0,0.0,0,1,0,0,0.0,False
17,4.0,0,17.0,2.0,6.0,2.0,0.0,11.0,3.0,27.0,1.0,0,0,0,1,0.0,False
3,0.0,0,13.33,0.0,0.0,0.0,0.0,2.0,1.0,50.0,0.0,0,0,0,1,0.0,False
32,24.0,10,29.22,22.0,41.0,17.0,2.0,114.0,56.0,49.0,17.0,0,1,0,0,0.3125,True
35,5.0,3,59.91,4.0,10.0,0.0,0.0,13.0,4.0,31.0,0.0,0,0,0,1,0.08571428571428572,False
14,2.0,2,22.71,4.0,16.0,2.0,0.0,,,,,1,0,0,0,0.14285714285714285,False
8,1.0,0,5.0,1.0,2.0,0.0,0.0,6.0,2.0,33.0,2.0,0,1,0,0,0.0,False
0,0.0,0,0.0,0.0,0.0,0.0,0.0,0.0,0.0,0.0,0.0,0,0,0,1,0.0,False
21,1.0,0,19.38,1.0,37.0,2.0,0.0,,,,,1,0,0,0,0.0,False
38,12.0,4,18.89,5.0,15.0,9.0,4.0,71.0,31.0,44.0,7.0,0,1,0,0,0.10526315789473684,True
0,0.0,0,0.0,0.0,0.0,0.0,0.0,0.0,0.0,0.0,0.0,0,0,0,1,0.0,False
0,0.0,0,0.0,0.0,0.0,0.0,0.0,,,,,1,0,0,0,0.0,False
0,,0,0.0,0.0,,,0.0,,,,,0,0,1,0,0.0,False
14,3.0,0,14.5,0.0,14.0,0.0,0.0,5.0,1.0,20.0,0.0,0,0,0,1,0.0,False
27,4.0,0,12.7,1.0,11.0,0.0,0.0,11.0,1.0,9.0,1.0,0,0,0,1,0.0,False
0,,0,0.0,0.0,,,0.0,,,,,0,0,1,0,0.0,False
5,1.0,0,4.4,0.0,0.0,0.0,0.0,1.0,0.0,0.0,0.0,0,1,0,0,0.0,False
31,7.0,2,15.39,6.0,78.0,1.0,1.0,35.0,12.0,34.0,4.0,0,0,0,1,0.06451612903225806,False
0,0.0,0,0.0,0.0,0.0,0.0,0.0,,,,,1,0,0,0,0.0,False
0,0.0,0,0.0,0.0,0.0,0.0,0.0,0.0,0.0,0.0,0.0,0,0,0,1,0.0,False
16,3.0,4,35.38,5.0,11.0,8.0,0.0,,,,,1,0,0,0,0.25,False
1,0.0,0,1.0,0.0,0.0,0.0,0.0,,,,,1,0,0,0,0.0,False
10,,0,52.6,0.0,,,0.0,,,,,0,0,1,0,0.0,False
32,1.0,2,45.13,2.0,4.0,0.0,1.0,,,,,1,0,0,0,0.0625,False
0,0.0,0,0.0,0.0,0.0,0.0,0.0,,,,,1,0,0,0,0.0,False
0,0.0,0,0.0,0.0,0.0,0.0,0.0,0.0,0.0,0.0,0.0,0,1,0,0,0.0,False
0,0.0,0,0.0,0.0,0.0,0.0,0.0,0.0,0.0,0.0,0.0,0,1,0,0,0.0,False
28,11.0,0,31.5,2.0,56.0,1.0,2.0,,,,,1,0,0,0,0.0,False
13,1.0,0,31.92,0.0,4.0,0.0,0.0,5.0,0.0,0.0,0.0,0,0,0,1,0.0,False
0,0.0,0,0.0,0.0,0.0,0.0,0.0,0.0,0.0,0.0,0.0,0,0,0,1,0.0,False
0,,0,0.0,0.0,,,0.0,,,,,0,0,1,0,0.0,False
0,0.0,0,0.0,0.0,0.0,0.0,0.0,0.0,0.0,0.0,0.0,0,1,0,0,0.0,False
1,0.0,0,2.0,0.0,0.0,0.0,0.0,0.0,0.0,0.0,0.0,0,1,0,0,0.0,False
0,0.0,0,0.0,0.0,0.0,0.0,0.0,0.0,0.0,0.0,0.0,0,0,0,1,0.0,False
0,0.0,0,0.0,0.0,0.0,0.0,0.0,,,,,1,0,0,0,0.0,False
15,2.0,0,8.47,1.0,14.0,0.0,0.0,4.0,1.0,25.0,0.0,0,1,0,0,0.0,False
36,7.0,1,42.11,2.0,80.0,1.0,0.0,,,,,1,0,0,0,0.027777777777777776,False
32,,0,28.19,0.0,,,0.0,,,,,0,0,1,0,0.0,False
0,0.0,0,0.0,0.0,0.0,0.0,0.0,0.0,0.0,0.0,0.0,0,1,0,0,0.0,False
21,2.0,0,32.76,0.0,11.0,0.0,0.0,,,,,1,0,0,0,0.0,False
27,8.0,2,7.74,2.0,5.0,8.0,2.0,38.0,12.0,32.0,4.0,0,1,0,0,0.07407407407407407,False
11,3.0,0,16.09,0.0,4.0,3.0,0.0,16.0,9.0,56.0,3.0,0,1,0,0,0.0,False
0,0.0,0,0.0,0.0,0.0,0.0,0.0,0.0,0.0,0.0,0.0,0,1,0,0,0.0,False
5,0.0,0,10.8,0.0,2.0,1.0,0.0,,,,,1,0,0,0,0.0,False
0,,0,0.0,0.0,,,0.0,,,,,0,0,1,0,0.0,False
27,4.0,0,31.67,1.0,52.0,0.0,0.0,15.0,6.0,40.0,0.0,0,0,0,1,0.0,False
36,22.0,8,12.92,11.0,19.0,33.0,9.0,108.0,46.0,43.0,27.0,0,1,0,0,0.2222222222222222,True
8,0.0,0,27.25,0.0,16.0,0.0,0.0,,,,,1,0,0,0,0.0,False
1,0.0,0,18.0,0.0,0.0,0.0,0.0,0.0,0.0,0.0,0.0,0,0,0,1,0.0,False
0,0.0,0,0.0,0.0,0.0,0.0,0.0,0.0,0.0,0.0,0.0,0,0,0,1,0.0,False
31,12.0,1,46.48,6.0,22.0,1.0,0.0,35.0,7.0,20.0,3.0,0,0,0,1,0.03225806451612903,False
0,0.0,0,0.0,0.0,0.0,0.0,0.0,,,,,1,0,0,0,0.0,False
0,0.0,0,0.0,0.0,0.0,0.0,0.0,0.0,0.0,0.0,0.0,0,0,0,1,0.0,False
33,3.0,4,52.48,3.0,11.0,1.0,0.0,,,,,1,0,0,0,0.12121212121212122,False
2,0.0,0,2.5,0.0,0.0,0.0,0.0,2.0,0.0,0.0,0.0,0,1,0,0,0.0,False
29,16.0,2,18.79,7.0,35.0,1.0,0.0,49.0,14.0,29.0,2.0,0,1,0,0,0.06896551724137931,False
0,0.0,0,0.0,0.0,0.0,0.0,0.0,,,,,1,0,0,0,0.0,False
4,0.0,0,16.75,0.0,3.0,0.0,0.0,,,,,1,0,0,0,0.0,False
30,17.0,1,20.9,5.0,79.0,8.0,1.0,35.0,14.0,40.0,1.0,0,1,0,0,0.03333333333333333,False
11,0.0,0,19.45,0.0,0.0,0.0,0.0,,,,,1,0,0,0,0.0,False
0,0.0,0,0.0,0.0,0.0,0.0,0.0,,,,,1,0,0,0,0.0,False
0,0.0,0,0.0,0.0,0.0,0.0,0.0,0.0,0.0,0.0,0.0,0,0,0,1,0.0,False
0,0.0,0,0.0,0.0,0.0,0.0,0.0,0.0,0.0,0.0,0.0,0,0,0,1,0.0,False
0,0.0,0,0.0,0.0,0.0,0.0,0.0,,,,,1,0,0,0,0.0,False
0,0.0,0,0.0,0.0,0.0,0.0,0.0,0.0,0.0,0.0,0.0,0,0,0,1,0.0,False
0,,0,0.0,0.0,,,0.0,,,,,0,0,1,0,0.0,False
0,0.0,0,0.0,0.0,0.0,0.0,0.0,0.0,0.0,0.0,0.0,0,1,0,0,0.0,False
8,1.0,0,4.0,0.0,7.0,1.0,0.0,3.0,1.0,33.0,0.0,0,1,0,0,0.0,False
19,21.0,6,32.05,9.0,97.0,2.0,0.0,57.0,21.0,37.0,3.0,0,0,0,1,0.3157894736842105,True
5,,0,36.8,0.0,,,0.0,,,,,0,0,1,0,0.0,False
11,1.0,0,28.09,0.0,0.0,0.0,0.0,,,,,1,0,0,0,0.0,False
30,8.0,0,34.1,4.0,3.0,1.0,0.0,29.0,6.0,21.0,1.0,0,0,0,1,0.0,False
1,0.0,0,1.0,0.0,0.0,0.0,0.0,0.0,0.0,0.0,0.0,0,0,0,1,0.0,False
1,0.0,0,0.0,0.0,0.0,0.0,0.0,0.0,0.0,0.0,0.0,0,0,0,1,0.0,False
8,1.0,0,10.63,0.0,13.0,0.0,0.0,5.0,2.0,40.0,0.0,0,0,0,1,0.0,False
26,8.0,2,14.42,2.0,16.0,4.0,0.0,22.0,9.0,41.0,2.0,0,0,0,1,0.07692307692307693,False
0,0.0,0,0.0,0.0,0.0,0.0,0.0,0.0,0.0,0.0,0.0,0,0,0,1,0.0,False
20,4.0,1,6.55,5.0,13.0,5.0,0.0,14.0,4.0,29.0,4.0,0,1,0,0,0.05,False
9,,0,26.89,0.0,,,0.0,,,,,0,0,1,0,0.0,False
24,3.0,2,21.08,1.0,47.0,1.0,0.0,4.0,0.0,0.0,0.0,0,0,0,1,0.08333333333333333,False
21,1.0,0,33.57,0.0,3.0,1.0,0.0,,,,,1,0,0,0,0.0,False
0,0.0,0,0.0,0.0,0.0,0.0,0.0,0.0,0.0,0.0,0.0,0,1,0,0,0.0,False
21,6.0,0,4.29,1.0,2.0,6.0,0.0,21.0,8.0,38.0,2.0,0,1,0,0,0.0,False
30,10.0,2,14.93,1.0,36.0,4.0,0.0,30.0,7.0,23.0,2.0,0,1,0,0,0.06666666666666667,False
0,0.0,0,0.0,0.0,0.0,0.0,0.0,0.0,0.0,0.0,0.0,0,0,0,1,0.0,False
0,0.0,0,0.0,0.0,0.0,0.0,0.0,0.0,0.0,0.0,0.0,0,0,0,1,0.0,False
9,0.0,0,5.67,0.0,0.0,0.0,0.0,0.0,0.0,0.0,0.0,0,0,0,1,0.0,False
34,33.0,11,38.44,17.0,81.0,6.0,1.0,109.0,46.0,42.0,7.0,0,0,0,1,0.3235294117647059,True
0,0.0,0,0.0,0.0,0.0,0.0,0.0,,,,,1,0,0,0,0.0,False
0,0.0,0,0.0,0.0,0.0,0.0,0.0,,,,,1,0,0,0,0.0,False
1,0.0,0,3.0,0.0,0.0,1.0,0.0,0.0,0.0,0.0,0.0,0,1,0,0,0.0,False
0,0.0,0,0.0,0.0,0.0,0.0,0.0,0.0,0.0,0.0,0.0,0,1,0,0,0.0,False
14,3.0,0,44.36,0.0,2.0,0.0,0.0,8.0,2.0,25.0,0.0,0,0,0,1,0.0,False
0,0.0,0,0.0,0.0,0.0,0.0,0.0,,,,,1,0,0,0,0.0,False
0,0.0,0,0.0,0.0,0.0,0.0,0.0,0.0,0.0,0.0,0.0,0,0,0,1,0.0,False
0,,0,0.0,0.0,,,0.0,,,,,0,0,1,0,0.0,False
0,0.0,0,0.0,0.0,0.0,0.0,0.0,0.0,0.0,0.0,0.0,0,0,0,1,0.0,False
3,0.0,0,2.33,0.0,1.0,0.0,0.0,0.0,0.0,0.0,0.0,0,0,0,1,0.0,False
1,0.0,0,1.0,0.0,0.0,0.0,0.0,0.0,0.0,0.0,0.0,0,0,0,1,0.0,False
20,8.0,9,29.45,7.0,115.0,2.0,3.0,36.0,12.0,33.0,2.0,0,1,0,0,0.45,False
9,1.0,1,8.22,0.0,4.0,0.0,0.0,4.0,2.0,50.0,0.0,0,0,0,1,0.1111111111111111,False
0,0.0,0,0.0,0.0,0.0,0.0,0.0,0.0,0.0,0.0,0.0,0,1,0,0,0.0,False
0,0.0,0,0.0,0.0,0.0,0.0,0.0,0.0,0.0,0.0,0.0,0,1,0,0,0.0,False
0,0.0,0,0.0,0.0,0.0,0.0,0.0,0.0,0.0,0.0,0.0,0,0,0,1,0.0,False
5,1.0,1,12.2,2.0,13.0,0.0,0.0,2.0,0.0,0.0,0.0,0,0,0,1,0.2,False
0,0.0,0,0.0,0.0,0.0,0.0,0.0,0.0,0.0,0.0,0.0,0,0,0,1,0.0,False
23,,0,30.74,0.0,,,0.0,,,,,0,0,1,0,0.0,False
0,0.0,0,0.0,0.0,0.0,0.0,0.0,0.0,0.0,0.0,0.0,0,0,0,1,0.0,False
0,0.0,0,0.0,0.0,0.0,0.0,0.0,0.0,0.0,0.0,0.0,0,0,0,1,0.0,False
2,0.0,0,12.0,0.0,0.0,0.0,0.0,3.0,1.0,33.0,0.0,0,0,0,1,0.0,False
0,0.0,0,0.0,0.0,0.0,0.0,0.0,0.0,0.0,0.0,0.0,0,0,0,1,0.0,False
1,0.0,0,4.0,0.0,0.0,0.0,0.0,0.0,0.0,0.0,0.0,0,0,0,1,0.0,False
38,,0,37.61,0.0,,,0.0,,,,,0,0,1,0,0.0,False
0,0.0,0,0.0,0.0,0.0,0.0,0.0,,,,,1,0,0,0,0.0,False
29,3.0,0,48.21,1.0,7.0,0.0,0.0,,,,,1,0,0,0,0.0,False
0,,0,0.0,0.0,,,0.0,,,,,0,0,1,0,0.0,False
0,0.0,0,0.0,0.0,0.0,0.0,0.0,0.0,0.0,0.0,0.0,0,1,0,0,0.0,False
0,0.0,0,0.0,0.0,0.0,0.0,0.0,0.0,0.0,0.0,0.0,0,1,0,0,0.0,False
0,0.0,0,0.0,0.0,0.0,0.0,0.0,,,,,1,0,0,0,0.0,False
15,,0,20.73,0.0,,,0.0,,,,,0,0,1,0,0.0,False
35,15.0,7,53.29,13.0,198.0,1.0,2.0,,,,,1,0,0,0,0.2,False
0,0.0,0,0.0,0.0,0.0,0.0,0.0,,,,,1,0,0,0,0.0,False
0,0.0,0,0.0,0.0,0.0,0.0,0.0,0.0,0.0,0.0,0.0,0,0,0,1,0.0,False
0,0.0,0,0.0,0.0,0.0,0.0,0.0,0.0,0.0,0.0,0.0,0,1,0,0,0.0,False
0,0.0,0,0.0,0.0,0.0,0.0,0.0,0.0,0.0,0.0,0.0,0,0,0,1,0.0,False
0,,0,0.0,0.0,,,0.0,,,,,0,0,1,0,0.0,False
0,0.0,0,0.0,0.0,0.0,0.0,0.0,0.0,0.0,0.0,0.0,0,0,0,1,0.0,False
0,0.0,0,0.0,0.0,0.0,0.0,0.0,0.0,0.0,0.0,0.0,1,0,0,0,0.0,False
17,0.0,0,68.53,0.0,0.0,0.0,0.0,,,,,1,0,0,0,0.0,False
2,,0,29.0,0.0,,,0.0,,,,,0,0,1,0,0.0,False
6,4.0,0,7.83,0.0,3.0,0.0,0.0,5.0,1.0,20.0,0.0,0,0,0,1,0.0,False
0,0.0,0,0.0,0.0,0.0,0.0,0.0,,,,,1,0,0,0,0.0,False
6,,0,26.33,0.0,,,0.0,,,,,0,0,1,0,0.0,False
16,4.0,1,19.38,1.0,11.0,0.0,0.0,19.0,5.0,26.0,2.0,0,0,0,1,0.0625,False
0,,0,0.0,0.0,,,0.0,,,,,0,0,1,0,0.0,False
33,23.0,2,20.7,6.0,35.0,12.0,2.0,62.0,21.0,34.0,7.0,0,1,0,0,0.06060606060606061,False
32,,0,28.31,0.0,,,0.0,,,,,0,0,1,0,0.0,False
0,0.0,0,0.0,0.0,0.0,0.0,0.0,0.0,0.0,0.0,0.0,0,0,0,1,0.0,False
0,0.0,0,0.0,0.0,0.0,0.0,0.0,0.0,0.0,0.0,0.0,0,0,0,1,0.0,False
18,0.0,0,58.78,0.0,1.0,1.0,0.0,,,,,1,0,0,0,0.0,False
12,0.0,0,5.67,1.0,3.0,2.0,1.0,0.0,0.0,0.0,0.0,0,0,0,1,0.0,False
27,2.0,2,26.74,2.0,19.0,0.0,0.0,9.0,2.0,22.0,0.0,0,0,0,1,0.07407407407407407,False
25,6.0,4,25.84,6.0,101.0,4.0,1.0,,,,,1,0,0,0,0.16,False
0,0.0,0,0.0,0.0,0.0,0.0,0.0,,,,,1,0,0,0,0.0,False
0,0.0,0,0.0,0.0,0.0,0.0,0.0,,,,,1,0,0,0,0.0,False
9,1.0,1,14.33,0.0,8.0,0.0,0.0,5.0,2.0,40.0,0.0,0,0,0,1,0.1111111111111111,False
38,23.0,8,58.61,9.0,60.0,2.0,2.0,58.0,20.0,34.0,2.0,0,0,0,1,0.21052631578947367,False
0,0.0,0,0.0,0.0,0.0,0.0,0.0,0.0,0.0,0.0,0.0,0,1,0,0,0.0,False
28,15.0,4,13.36,3.0,14.0,12.0,1.0,62.0,25.0,40.0,7.0,0,1,0,0,0.14285714285714285,True
9,0.0,0,12.0,0.0,3.0,0.0,0.0,1.0,0.0,0.0,0.0,0,0,0,1,0.0,False
13,0.0,0,6.62,0.0,7.0,0.0,0.0,6.0,4.0,67.0,1.0,0,0,0,1,0.0,False
0,0.0,0,0.0,0.0,0.0,0.0,0.0,0.0,0.0,0.0,0.0,0,1,0,0,0.0,False
0,0.0,0,0.0,0.0,0.0,0.0,0.0,,,,,1,0,0,0,0.0,False
23,3.0,2,54.09,10.0,184.0,3.0,0.0,,,,,1,0,0,0,0.08695652173913043,False
37,6.0,6,44.03,6.0,132.0,3.0,0.0,,,,,1,0,0,0,0.16216216216216217,False
0,0.0,0,0.0,0.0,0.0,0.0,0.0,0.0,0.0,0.0,0.0,0,0,0,1,0.0,False
0,,0,0.0,0.0,,,0.0,,,,,0,0,1,0,0.0,False
0,0.0,0,0.0,0.0,0.0,0.0,0.0,0.0,0.0,0.0,0.0,0,0,0,1,0.0,False
0,0.0,0,0.0,0.0,0.0,0.0,0.0,,,,,1,0,0,0,0.0,False
34,16.0,9,106.85,8.0,12.0,6.0,0.0,62.0,22.0,35.0,2.0,0,0,0,1,0.2647058823529412,False
26,17.0,1,8.42,2.0,2.0,4.0,3.0,73.0,27.0,37.0,4.0,0,1,0,0,0.038461538461538464,False
4,0.0,0,2.0,0.0,0.0,0.0,0.0,0.0,0.0,0.0,0.0,0,1,0,0,0.0,False
21,6.0,1,10.24,0.0,1.0,7.0,1.0,22.0,8.0,36.0,6.0,0,1,0,0,0.047619047619047616,False
34,2.0,2,17.79,3.0,62.0,3.0,0.0,,,,,1,0,0,0,0.058823529411764705,False
11,3.0,1,17.09,1.0,2.0,0.0,0.0,11.0,5.0,45.0,1.0,0,1,0,0,0.09090909090909091,False
33,4.0,0,78.36,1.0,3.0,1.0,2.0,,,,,1,0,0,0,0.0,False
11,1.0,0,18.36,0.0,12.0,0.0,1.0,2.0,0.0,0.0,0.0,0,0,0,1,0.0,False
30,6.0,0,86.93,1.0,13.0,0.0,1.0,,,,,1,0,0,0,0.0,False
0,0.0,0,0.0,0.0,0.0,0.0,0.0,0.0,0.0,0.0,0.0,0,0,0,1,0.0,False
0,0.0,0,0.0,0.0,0.0,0.0,0.0,,,,,1,0,0,0,0.0,False
0,,0,0.0,0.0,,,0.0,,,,,0,0,1,0,0.0,False
0,,0,0.0,0.0,,,0.0,,,,,0,0,1,0,0.0,False
0,0.0,0,0.0,0.0,0.0,0.0,0.0,0.0,0.0,0.0,0.0,0,0,0,1,0.0,False
0,0.0,0,0.0,0.0,0.0,0.0,0.0,,,,,1,0,0,0,0.0,False
1,0.0,0,1.0,0.0,0.0,0.0,0.0,0.0,0.0,0.0,0.0,0,0,0,1,0.0,False
0,0.0,0,0.0,0.0,0.0,0.0,0.0,0.0,0.0,0.0,0.0,0,1,0,0,0.0,False
0,0.0,0,0.0,0.0,0.0,0.0,0.0,0.0,0.0,0.0,0.0,0,1,0,0,0.0,False
35,44.0,9,37.43,15.0,181.0,8.0,3.0,108.0,37.0,34.0,11.0,0,1,0,0,0.2571428571428571,True
38,4.0,1,74.71,0.0,3.0,0.0,0.0,,,,,1,0,0,0,0.02631578947368421,False
17,4.0,3,43.53,2.0,13.0,0.0,0.0,8.0,2.0,25.0,0.0,0,0,0,1,0.17647058823529413,False
0,0.0,0,0.0,0.0,0.0,0.0,0.0,,,,,1,0,0,0,0.0,False
0,0.0,0,0.0,0.0,0.0,0.0,0.0,,,,,1,0,0,0,0.0,False
16,,0,32.5,0.0,,,0.0,,,,,0,0,1,0,0.0,False
3,0.0,0,13.67,0.0,1.0,1.0,0.0,0.0,0.0,0.0,0.0,0,1,0,0,0.0,False
0,0.0,0,0.0,0.0,0.0,0.0,0.0,,,,,1,0,0,0,0.0,False
17,3.0,0,24.65,0.0,2.0,2.0,0.0,8.0,0.0,0.0,1.0,0,0,0,1,0.0,False
0,0.0,0,0.0,0.0,0.0,0.0,0.0,0.0,0.0,0.0,0.0,0,0,0,1,0.0,False
0,0.0,0,0.0,0.0,0.0,0.0,0.0,0.0,0.0,0.0,0.0,0,1,0,0,0.0,False
30,15.0,7,27.63,9.0,131.0,9.0,0.0,46.0,18.0,39.0,4.0,0,0,0,1,0.23333333333333334,False
0,,0,0.0,0.0,,,0.0,,,,,0,0,1,0,0.0,False
0,0.0,0,0.0,0.0,0.0,0.0,0.0,0.0,0.0,0.0,0.0,0,1,0,0,0.0,False
0,0.0,0,0.0,0.0,0.0,0.0,0.0,,,,,1,0,0,0,0.0,False
0,0.0,0,0.0,0.0,0.0,0.0,0.0,,,,,1,0,0,0,0.0,False
0,0.0,0,0.0,0.0,0.0,0.0,0.0,,,,,1,0,0,0,0.0,False
0,0.0,0,0.0,0.0,0.0,0.0,0.0,0.0,0.0,0.0,0.0,0,0,0,1,0.0,False
0,0.0,0,0.0,0.0,0.0,0.0,0.0,,,,,1,0,0,0,0.0,False
0,0.0,0,0.0,0.0,0.0,0.0,0.0,0.0,0.0,0.0,0.0,0,1,0,0,0.0,False
0,0.0,0,0.0,0.0,0.0,0.0,0.0,,,,,1,0,0,0,0.0,False
0,0.0,0,0.0,0.0,0.0,0.0,0.0,0.0,0.0,0.0,0.0,1,0,0,0,0.0,False
4,0.0,0,0.75,0.0,0.0,0.0,0.0,0.0,0.0,0.0,0.0,0,1,0,0,0.0,False
11,1.0,1,8.0,2.0,5.0,2.0,1.0,8.0,4.0,50.0,2.0,0,0,0,1,0.09090909090909091,False
36,12.0,1,58.5,2.0,8.0,0.0,0.0,,,,,1,0,0,0,0.027777777777777776,False
0,,0,0.0,0.0,,,0.0,,,,,0,0,1,0,0.0,False
29,4.0,2,11.14,2.0,10.0,0.0,0.0,19.0,11.0,58.0,1.0,0,0,0,1,0.06896551724137931,False
23,5.0,1,18.78,4.0,36.0,1.0,0.0,15.0,4.0,27.0,0.0,0,0,0,1,0.043478260869565216,False
0,0.0,0,0.0,0.0,0.0,0.0,0.0,0.0,0.0,0.0,0.0,0,0,0,1,0.0,False
16,,0,20.31,0.0,,,0.0,,,,,0,0,1,0,0.0,False
33,20.0,2,17.79,6.0,45.0,3.0,1.0,70.0,31.0,44.0,5.0,0,1,0,0,0.06060606060606061,False
31,0.0,5,40.61,2.0,25.0,0.0,1.0,,,,,1,0,0,0,0.16129032258064516,False
0,0.0,0,0.0,0.0,0.0,0.0,0.0,,,,,1,0,0,0,0.0,False
0,0.0,0,0.0,0.0,0.0,0.0,0.0,,,,,1,0,0,0,0.0,False
0,,0,0.0,0.0,,,0.0,,,,,0,0,1,0,0.0,False
12,0.0,0,45.92,1.0,33.0,0.0,0.0,,,,,1,0,0,0,0.0,False
1,,0,8.0,0.0,,,0.0,,,,,0,0,1,0,0.0,False
0,0.0,0,0.0,0.0,0.0,0.0,0.0,0.0,0.0,0.0,0.0,0,0,0,1,0.0,False
0,0.0,0,0.0,0.0,0.0,0.0,0.0,0.0,0.0,0.0,0.0,0,1,0,0,0.0,False
0,0.0,0,0.0,0.0,0.0,0.0,0.0,0.0,0.0,0.0,0.0,0,1,0,0,0.0,False
0,0.0,0,0.0,0.0,0.0,0.0,0.0,0.0,0.0,0.0,0.0,0,0,0,1,0.0,False
0,,0,0.0,0.0,,,0.0,,,,,0,0,1,0,0.0,False
20,8.0,2,14.05,2.0,11.0,4.0,1.0,27.0,9.0,33.0,1.0,0,1,0,0,0.1,False
21,3.0,0,17.76,0.0,1.0,0.0,0.0,4.0,1.0,25.0,1.0,0,0,0,1,0.0,False
0,,0,0.0,0.0,,,0.0,,,,,0,0,1,0,0.0,False
0,0.0,0,0.0,0.0,0.0,0.0,0.0,0.0,0.0,0.0,0.0,0,0,0,1,0.0,False
13,4.0,1,16.23,0.0,1.0,0.0,1.0,15.0,7.0,47.0,1.0,0,0,0,1,0.07692307692307693,False
38,31.0,3,14.03,3.0,6.0,16.0,4.0,109.0,38.0,35.0,14.0,0,1,0,0,0.07894736842105263,True
5,3.0,2,17.0,1.0,5.0,1.0,0.0,7.0,1.0,14.0,0.0,0,1,0,0,0.4,False
35,22.0,10,29.29,20.0,36.0,20.0,4.0,85.0,40.0,47.0,7.0,0,1,0,0,0.2857142857142857,True
37,8.0,2,25.59,4.0,6.0,10.0,1.0,43.0,15.0,35.0,11.0,0,0,0,1,0.05405405405405406,False
0,0.0,0,0.0,0.0,0.0,0.0,0.0,,,,,1,0,0,0,0.0,False
0,0.0,0,0.0,0.0,0.0,0.0,0.0,,,,,1,0,0,0,0.0,False
0,0.0,0,0.0,0.0,0.0,0.0,0.0,,,,,1,0,0,0,0.0,False
0,0.0,0,0.0,0.0,0.0,0.0,0.0,0.0,0.0,0.0,0.0,0,0,0,1,0.0,False
0,0.0,0,0.0,0.0,0.0,0.0,0.0,0.0,0.0,0.0,0.0,0,1,0,0,0.0,False
0,0.0,0,0.0,0.0,0.0,0.0,0.0,,,,,1,0,0,0,0.0,False
17,,0,35.41,0.0,,,0.0,,,,,0,0,1,0,0.0,False
0,,0,0.0,0.0,,,0.0,,,,,0,0,1,0,0.0,False
0,,0,0.0,0.0,,,0.0,,,,,0,0,1,0,0.0,False
0,0.0,0,0.0,0.0,0.0,0.0,0.0,,,,,1,0,0,0,0.0,False
31,14.0,4,21.23,7.0,59.0,10.0,2.0,51.0,22.0,43.0,11.0,0,1,0,0,0.12903225806451613,False
0,0.0,0,0.0,0.0,0.0,0.0,0.0,,,,,1,0,0,0,0.0,False
0,0.0,0,0.0,0.0,0.0,0.0,0.0,0.0,0.0,0.0,0.0,0,1,0,0,0.0,False
16,2.0,0,51.94,0.0,5.0,0.0,0.0,,,,,1,0,0,0,0.0,False
2,,0,33.0,0.0,,,0.0,,,,,0,0,1,0,0.0,False
0,0.0,0,0.0,0.0,0.0,0.0,0.0,,,,,1,0,0,0,0.0,False
0,0.0,0,0.0,0.0,0.0,0.0,0.0,0.0,0.0,0.0,0.0,0,1,0,0,0.0,False
0,0.0,0,0.0,0.0,0.0,0.0,0.0,0.0,0.0,0.0,0.0,0,1,0,0,0.0,False
0,0.0,0,0.0,0.0,0.0,0.0,0.0,0.0,0.0,0.0,0.0,0,0,0,1,0.0,False
0,0.0,0,0.0,0.0,0.0,0.0,0.0,,,,,1,0,0,0,0.0,False
0,0.0,0,0.0,0.0,0.0,0.0,0.0,,,,,1,0,0,0,0.0,False
33,23.0,2,42.39,7.0,113.0,3.0,0.0,60.0,15.0,25.0,2.0,0,0,0,1,0.06060606060606061,False
0,0.0,0,0.0,0.0,0.0,0.0,0.0,,,,,1,0,0,0,0.0,False
0,0.0,0,0.0,0.0,0.0,0.0,0.0,,,,,1,0,0,0,0.0,False
3,0.0,0,12.67,0.0,0.0,0.0,0.0,,,,,1,0,0,0,0.0,False
38,5.0,1,40.13,5.0,6.0,1.0,1.0,,,,,1,0,0,0,0.02631578947368421,False
1,0.0,0,0.0,0.0,0.0,0.0,0.0,0.0,0.0,0.0,0.0,0,0,0,1,0.0,False
30,16.0,4,25.33,7.0,116.0,3.0,1.0,53.0,16.0,30.0,3.0,0,0,0,1,0.13333333333333333,False
28,4.0,1,37.21,4.0,71.0,2.0,0.0,,,,,1,0,0,0,0.03571428571428571,False
0,0.0,0,0.0,0.0,0.0,0.0,0.0,0.0,0.0,0.0,0.0,0,1,0,0,0.0,False
0,0.0,0,0.0,0.0,0.0,0.0,0.0,0.0,0.0,0.0,0.0,0,0,0,1,0.0,False
14,0.0,0,30.14,0.0,23.0,0.0,1.0,,,,,1,0,0,0,0.0,False
31,5.0,1,73.52,3.0,4.0,1.0,1.0,,,,,1,0,0,0,0.03225806451612903,False
0,0.0,0,0.0,0.0,0.0,0.0,0.0,,,,,1,0,0,0,0.0,False
0,0.0,0,0.0,0.0,0.0,0.0,0.0,0.0,0.0,0.0,0.0,0,0,0,1,0.0,False
32,5.0,6,28.34,5.0,31.0,0.0,2.0,14.0,6.0,43.0,1.0,0,0,0,1,0.1875,False
0,0.0,0,0.0,0.0,0.0,0.0,0.0,,,,,1,0,0,0,0.0,False
2,0.0,0,33.5,0.0,1.0,1.0,0.0,,,,,1,0,0,0,0.0,False
23,1.0,3,19.39,3.0,47.0,0.0,0.0,,,,,1,0,0,0,0.13043478260869565,False
22,6.0,1,27.64,0.0,14.0,1.0,0.0,,,,,1,0,0,0,0.045454545454545456,False
4,0.0,0,5.25,0.0,0.0,0.0,0.0,,,,,1,0,0,0,0.0,False
8,1.0,0,33.38,0.0,11.0,0.0,0.0,3.0,2.0,67.0,1.0,0,0,0,1,0.0,False
17,11.0,2,22.82,3.0,22.0,7.0,1.0,51.0,22.0,43.0,11.0,0,1,0,0,0.11764705882352941,False
29,3.0,0,61.03,1.0,8.0,2.0,0.0,,,,,1,0,0,0,0.0,False
35,2.0,3,48.94,2.0,13.0,2.0,0.0,,,,,1,0,0,0,0.08571428571428572,False
27,9.0,3,12.93,2.0,74.0,2.0,0.0,20.0,7.0,35.0,0.0,0,0,0,1,0.1111111111111111,False
28,,0,48.86,0.0,,,0.0,,,,,0,0,1,0,0.0,False
2,0.0,0,1.5,0.0,0.0,0.0,0.0,0.0,0.0,0.0,0.0,0,1,0,0,0.0,False
4,,0,26.25,0.0,,,0.0,,,,,0,0,1,0,0.0,False
16,1.0,0,9.13,1.0,32.0,2.0,0.0,5.0,0.0,0.0,1.0,0,1,0,0,0.0,False
0,0.0,0,0.0,0.0,0.0,0.0,0.0,0.0,0.0,0.0,0.0,0,0,0,1,0.0,False
28,2.0,10,61.21,13.0,212.0,3.0,2.0,,,,,1,0,0,0,0.35714285714285715,False
34,19.0,1,17.82,3.0,57.0,9.0,1.0,60.0,22.0,37.0,7.0,0,1,0,0,0.029411764705882353,True
32,1.0,0,26.44,3.0,5.0,3.0,1.0,,,,,1,0,0,0,0.0,False
13,1.0,3,27.69,2.0,72.0,1.0,0.0,,,,,1,0,0,0,0.23076923076923078,False
17,,0,27.82,0.0,,,0.0,,,,,0,0,1,0,0.0,False
0,0.0,0,0.0,0.0,0.0,0.0,0.0,0.0,0.0,0.0,0.0,0,0,0,1,0.0,False
0,0.0,0,0.0,0.0,0.0,0.0,0.0,,,,,1,0,0,0,0.0,False
0,0.0,0,0.0,0.0,0.0,0.0,0.0,0.0,0.0,0.0,0.0,0,0,0,1,0.0,False
28,2.0,3,43.36,3.0,22.0,3.0,0.0,,,,,1,0,0,0,0.10714285714285714,False
12,0.0,0,15.25,0.0,0.0,0.0,0.0,0.0,0.0,0.0,0.0,0,0,0,1,0.0,False
0,0.0,0,0.0,0.0,0.0,0.0,0.0,0.0,0.0,0.0,0.0,0,1,0,0,0.0,False
16,5.0,2,4.5,2.0,3.0,6.0,0.0,23.0,11.0,48.0,6.0,0,1,0,0,0.125,False
0,0.0,0,0.0,0.0,0.0,0.0,0.0,0.0,0.0,0.0,0.0,0,1,0,0,0.0,False
0,,0,0.0,0.0,,,0.0,,,,,0,0,1,0,0.0,False
0,0.0,0,0.0,0.0,0.0,0.0,0.0,0.0,0.0,0.0,0.0,0,0,0,1,0.0,False
0,0.0,0,0.0,0.0,0.0,0.0,0.0,0.0,0.0,0.0,0.0,0,1,0,0,0.0,False
1,0.0,0,1.0,0.0,0.0,0.0,0.0,1.0,0.0,0.0,0.0,0,0,0,1,0.0,False
27,1.0,0,66.04,0.0,3.0,1.0,0.0,,,,,1,0,0,0,0.0,False
0,0.0,0,0.0,0.0,0.0,0.0,0.0,,,,,1,0,0,0,0.0,False
36,10.0,2,79.78,3.0,0.0,1.0,2.0,,,,,1,0,0,0,0.05555555555555555,False
28,4.0,0,85.68,0.0,4.0,0.0,1.0,,,,,1,0,0,0,0.0,False
22,2.0,0,35.18,0.0,0.0,2.0,0.0,,,,,1,0,0,0,0.0,False
8,1.0,0,1.25,0.0,0.0,3.0,0.0,2.0,1.0,50.0,0.0,0,1,0,0,0.0,False
27,0.0,1,30.0,1.0,11.0,1.0,0.0,,,,,1,0,0,0,0.037037037037037035,False
21,,0,35.38,0.0,,,0.0,,,,,0,0,1,0,0.0,False
38,,0,36.08,0.0,,,0.0,,,,,0,0,1,0,0.0,False
0,,0,0.0,0.0,,,0.0,,,,,0,0,1,0,0.0,False
0,0.0,0,0.0,0.0,0.0,0.0,0.0,,,,,1,0,0,0,0.0,False
36,4.0,0,27.19,0.0,10.0,2.0,0.0,14.0,6.0,43.0,0.0,0,0,0,1,0.0,False
0,,0,0.0,0.0,,,0.0,,,,,0,0,1,0,0.0,False
32,12.0,2,23.63,1.0,56.0,6.0,0.0,,,,,1,0,0,0,0.0625,False
5,,0,30.6,0.0,,,0.0,,,,,0,0,1,0,0.0,False
0,0.0,0,0.0,0.0,0.0,0.0,0.0,0.0,0.0,0.0,0.0,0,0,0,1,0.0,False
0,0.0,0,0.0,0.0,0.0,0.0,0.0,0.0,0.0,0.0,0.0,0,0,0,1,0.0,False
0,,0,0.0,0.0,,,0.0,,,,,0,0,1,0,0.0,False
32,7.0,4,66.75,7.0,59.0,7.0,0.0,,,,,1,0,0,0,0.125,False
0,0.0,0,0.0,0.0,0.0,0.0,0.0,,,,,1,0,0,0,0.0,False
0,,0,0.0,0.0,,,0.0,,,,,0,0,1,0,0.0,False
22,2.0,2,37.82,1.0,14.0,0.0,0.0,,,,,1,0,0,0,0.09090909090909091,False
26,3.0,1,30.77,0.0,22.0,0.0,0.0,,,,,1,0,0,0,0.038461538461538464,False
37,13.0,7,39.78,12.0,189.0,0.0,1.0,44.0,18.0,41.0,1.0,0,0,0,1,0.1891891891891892,False
1,0.0,0,2.0,0.0,0.0,0.0,0.0,0.0,0.0,0.0,0.0,0,0,0,1,0.0,False
37,21.0,13,15.95,11.0,13.0,16.0,5.0,107.0,47.0,44.0,22.0,0,1,0,0,0.35135135135135137,True
0,0.0,0,0.0,0.0,0.0,0.0,0.0,0.0,0.0,0.0,0.0,0,0,0,1,0.0,False
0,0.0,0,0.0,0.0,0.0,0.0,0.0,,,,,1,0,0,0,0.0,False
15,3.0,0,72.4,0.0,1.0,0.0,0.0,,,,,1,0,0,0,0.0,False
0,0.0,0,0.0,0.0,0.0,0.0,0.0,0.0,0.0,0.0,0.0,0,1,0,0,0.0,False
0,0.0,0,0.0,0.0,0.0,0.0,0.0,0.0,0.0,0.0,0.0,0,0,0,1,0.0,False
29,10.0,1,17.45,3.0,3.0,9.0,1.0,41.0,16.0,39.0,10.0,0,1,0,0,0.034482758620689655,False
0,0.0,0,0.0,0.0,0.0,0.0,0.0,,,,,1,0,0,0,0.0,False
0,0.0,0,0.0,0.0,0.0,0.0,0.0,0.0,0.0,0.0,0.0,0,0,0,1,0.0,False
13,11.0,3,24.85,3.0,28.0,12.0,1.0,29.0,7.0,24.0,5.0,0,1,0,0,0.23076923076923078,False
0,0.0,0,0.0,0.0,0.0,0.0,0.0,0.0,0.0,0.0,0.0,0,1,0,0,0.0,False
16,3.0,3,35.19,5.0,25.0,0.0,0.0,10.0,1.0,10.0,0.0,0,0,0,1,0.1875,False
3,0.0,0,0.0,0.0,0.0,0.0,0.0,0.0,0.0,0.0,0.0,0,1,0,0,0.0,False
37,1.0,4,51.65,7.0,57.0,11.0,0.0,,,,,1,0,0,0,0.10810810810810811,False
0,,0,0.0,0.0,,,0.0,,,,,0,0,1,0,0.0,False
0,0.0,0,0.0,0.0,0.0,0.0,0.0,0.0,0.0,0.0,0.0,0,0,0,1,0.0,False
0,,0,0.0,0.0,,,0.0,,,,,0,0,1,0,0.0,False
0,,0,0.0,0.0,,,0.0,,,,,0,0,1,0,0.0,False
0,0.0,0,0.0,0.0,0.0,0.0,0.0,,,,,1,0,0,0,0.0,False
31,17.0,2,34.16,6.0,75.0,1.0,0.0,45.0,18.0,40.0,3.0,0,1,0,0,0.06451612903225806,False
9,1.0,0,17.0,0.0,6.0,1.0,0.0,7.0,4.0,57.0,1.0,0,0,0,1,0.0,False
35,11.0,6,16.63,5.0,42.0,5.0,2.0,40.0,13.0,33.0,2.0,0,0,0,1,0.17142857142857143,False
0,0.0,0,0.0,0.0,0.0,0.0,0.0,,,,,1,0,0,0,0.0,False
0,0.0,0,0.0,0.0,0.0,0.0,0.0,0.0,0.0,0.0,0.0,0,0,0,1,0.0,False
34,15.0,3,12.94,7.0,21.0,20.0,2.0,67.0,26.0,39.0,12.0,0,0,0,1,0.08823529411764706,True
31,7.0,1,13.9,3.0,2.0,7.0,2.0,48.0,26.0,54.0,12.0,0,1,0,0,0.03225806451612903,True
24,5.0,1,5.79,2.0,10.0,2.0,1.0,16.0,4.0,25.0,0.0,0,1,0,0,0.041666666666666664,False
0,,0,0.0,0.0,,,0.0,,,,,0,0,1,0,0.0,False
7,0.0,0,23.0,0.0,0.0,0.0,0.0,,,,,1,0,0,0,0.0,False
0,,0,0.0,0.0,,,0.0,,,,,0,0,1,0,0.0,False
0,0.0,0,0.0,0.0,0.0,0.0,0.0,0.0,0.0,0.0,0.0,0,0,0,1,0.0,False
0,0.0,0,0.0,0.0,0.0,0.0,0.0,,,,,1,0,0,0,0.0,False
27,3.0,0,10.44,0.0,14.0,1.0,0.0,11.0,5.0,45.0,2.0,0,0,0,1,0.0,False
35,11.0,1,23.34,2.0,6.0,2.0,1.0,32.0,7.0,22.0,2.0,0,0,0,1,0.02857142857142857,False
31,6.0,0,25.0,2.0,100.0,1.0,0.0,,,,,1,0,0,0,0.0,False
0,0.0,0,0.0,0.0,0.0,0.0,0.0,0.0,0.0,0.0,0.0,0,1,0,0,0.0,False
18,2.0,0,3.22,2.0,0.0,6.0,0.0,7.0,2.0,29.0,1.0,0,1,0,0,0.0,False
37,2.0,0,48.7,0.0,1.0,0.0,0.0,,,,,1,0,0,0,0.0,False
0,0.0,0,0.0,0.0,0.0,0.0,0.0,0.0,0.0,0.0,0.0,0,1,0,0,0.0,False
0,0.0,0,0.0,0.0,0.0,0.0,0.0,0.0,0.0,0.0,0.0,0,0,0,1,0.0,False
25,10.0,0,8.32,0.0,18.0,0.0,0.0,27.0,10.0,37.0,3.0,0,0,0,1,0.0,False
14,2.0,0,37.21,2.0,8.0,3.0,1.0,,,,,1,0,0,0,0.0,False
6,1.0,0,9.83,0.0,11.0,0.0,0.0,3.0,1.0,33.0,0.0,0,1,0,0,0.0,False
0,0.0,0,0.0,0.0,0.0,0.0,0.0,,,,,1,0,0,0,0.0,False
0,0.0,0,0.0,0.0,0.0,0.0,0.0,0.0,0.0,0.0,0.0,0,1,0,0,0.0,False
0,0.0,0,0.0,0.0,0.0,0.0,0.0,0.0,0.0,0.0,0.0,0,0,0,1,0.0,False
27,10.0,2,52.26,5.0,30.0,1.0,0.0,,,,,1,0,0,0,0.07407407407407407,False
0,0.0,0,0.0,0.0,0.0,0.0,0.0,0.0,0.0,0.0,0.0,0,0,0,1,0.0,False
33,4.0,0,34.64,0.0,0.0,0.0,0.0,,,,,1,0,0,0,0.0,False
0,,0,0.0,0.0,,,0.0,,,,,0,0,1,0,0.0,False
35,30.0,10,54.29,17.0,77.0,3.0,0.0,77.0,23.0,30.0,4.0,0,0,0,1,0.2857142857142857,False
